filename,damageClass,source,generatorVersion,captureDevice,collectedAt,width,height,annotator
synthetic/SAFE/SAFE_synthetic_v1.0.0_0000.jpg,SAFE,synthetic,v1.0.0,,2026-08-01T06:48:32.883646+00:00,320,320,
synthetic/SAFE/SAFE_synthetic_v1.0.0_0001.jpg,SAFE,synthetic,v1.0.0,,2026-08-01T06:48:32.908251+00:00,320,320,
synthetic/SAFE/SAFE_synthetic_v1.0.0_0002.jpg,SAFE,synthetic,v1.0.0,,2026-08-01T06:48:32.934106+00:00,320,320,
synthetic/SAFE/SAFE_synthetic_v1.0.0_0003.jpg,SAFE,synthetic,v1.0.0,,2026-08-01T06:48:32.957272+00:00,320,320,
synthetic/SAFE/SAFE_synthetic_v1.0.0_0004.jpg,SAFE,synthetic,v1.0.0,,2026-08-01T06:48:32.978725+00:00,320,320,
synthetic/TORN/TORN_synthetic_v1.0.0_0000.jpg,TORN,synthetic,v1.0.0,,2026-08-01T06:48:33.004031+00:00,320,320,
synthetic/TORN/TORN_synthetic_v1.0.0_0001.jpg,TORN,synthetic,v1.0.0,,2026-08-01T06:48:33.029090+00:00,320,320,
synthetic/TORN/TORN_synthetic_v1.0.0_0002.jpg,TORN,synthetic,v1.0.0,,2026-08-01T06:48:33.051303+00:00,320,320,
synthetic/TORN/TORN_synthetic_v1.0.0_0003.jpg,TORN,synthetic,v1.0.0,,2026-08-01T06:48:33.072803+00:00,320,320,
synthetic/TORN/TORN_synthetic_v1.0.0_0004.jpg,TORN,synthetic,v1.0.0,,2026-08-01T06:48:33.095078+00:00,320,320,
synthetic/OPENED/OPENED_synthetic_v1.0.0_0000.jpg,OPENED,synthetic,v1.0.0,,2026-08-01T06:48:33.117238+00:00,320,320,
synthetic/OPENED/OPENED_synthetic_v1.0.0_0001.jpg,OPENED,synthetic,v1.0.0,,2026-08-01T06:48:33.142009+00:00,320,320,
synthetic/OPENED/OPENED_synthetic_v1.0.0_0002.jpg,OPENED,synthetic,v1.0.0,,2026-08-01T06:48:33.167051+00:00,320,320,
synthetic/OPENED/OPENED_synthetic_v1.0.0_0003.jpg,OPENED,synthetic,v1.0.0,,2026-08-01T06:48:33.192066+00:00,320,320,
synthetic/OPENED/OPENED_synthetic_v1.0.0_0004.jpg,OPENED,synthetic,v1.0.0,,2026-08-01T06:48:33.214707+00:00,320,320,
synthetic/CRUSHED/CRUSHED_synthetic_v1.0.0_0000.jpg,CRUSHED,synthetic,v1.0.0,,2026-08-01T06:48:33.241066+00:00,320,320,
synthetic/CRUSHED/CRUSHED_synthetic_v1.0.0_0001.jpg,CRUSHED,synthetic,v1.0.0,,2026-08-01T06:48:33.266903+00:00,320,320,
synthetic/CRUSHED/CRUSHED_synthetic_v1.0.0_0002.jpg,CRUSHED,synthetic,v1.0.0,,2026-08-01T06:48:33.293161+00:00,320,320,
synthetic/CRUSHED/CRUSHED_synthetic_v1.0.0_0003.jpg,CRUSHED,synthetic,v1.0.0,,2026-08-01T06:48:33.319430+00:00,320,320,
synthetic/CRUSHED/CRUSHED_synthetic_v1.0.0_0004.jpg,CRUSHED,synthetic,v1.0.0,,2026-08-01T06:48:33.344771+00:00,320,320,
synthetic/TAPED/TAPED_synthetic_v1.0.0_0000.jpg,TAPED,synthetic,v1.0.0,,2026-08-01T06:48:33.368375+00:00,320,320,
synthetic/TAPED/TAPED_synthetic_v1.0.0_0001.jpg,TAPED,synthetic,v1.0.0,,2026-08-01T06:48:33.391326+00:00,320,320,
synthetic/TAPED/TAPED_synthetic_v1.0.0_0002.jpg,TAPED,synthetic,v1.0.0,,2026-08-01T06:48:33.417191+00:00,320,320,
synthetic/TAPED/TAPED_synthetic_v1.0.0_0003.jpg,TAPED,synthetic,v1.0.0,,2026-08-01T06:48:33.444590+00:00,320,320,
synthetic/TAPED/TAPED_synthetic_v1.0.0_0004.jpg,TAPED,synthetic,v1.0.0,,2026-08-01T06:48:33.467776+00:00,320,320,
synthetic/PARTIAL_DAMAGE/PARTIAL_DAMAGE_synthetic_v1.0.0_0000.jpg,PARTIAL_DAMAGE,synthetic,v1.0.0,,2026-08-01T06:48:33.493447+00:00,320,320,
synthetic/PARTIAL_DAMAGE/PARTIAL_DAMAGE_synthetic_v1.0.0_0001.jpg,PARTIAL_DAMAGE,synthetic,v1.0.0,,2026-08-01T06:48:33.519322+00:00,320,320,
synthetic/PARTIAL_DAMAGE/PARTIAL_DAMAGE_synthetic_v1.0.0_0002.jpg,PARTIAL_DAMAGE,synthetic,v1.0.0,,2026-08-01T06:48:33.542932+00:00,320,320,
synthetic/PARTIAL_DAMAGE/PARTIAL_DAMAGE_synthetic_v1.0.0_0003.jpg,PARTIAL_DAMAGE,synthetic,v1.0.0,,2026-08-01T06:48:33.565790+00:00,320,320,
synthetic/PARTIAL_DAMAGE/PARTIAL_DAMAGE_synthetic_v1.0.0_0004.jpg,PARTIAL_DAMAGE,synthetic,v1.0.0,,2026-08-01T06:48:33.590937+00:00,320,320,
synthetic/SAFE/SAFE_synthetic_v2.0.0-repair_0000.jpg,SAFE,synthetic,v2.0.0-repair,,2026-08-01T19:01:12.091219+00:00,96,96,
synthetic/SAFE/SAFE_synthetic_v2.0.0-repair_0001.jpg,SAFE,synthetic,v2.0.0-repair,,2026-08-01T19:01:12.095717+00:00,96,96,
synthetic/SAFE/SAFE_synthetic_v2.0.0-repair_0002.jpg,SAFE,synthetic,v2.0.0-repair,,2026-08-01T19:01:12.099357+00:00,96,96,
synthetic/SAFE/SAFE_synthetic_v2.0.0-repair_0003.jpg,SAFE,synthetic,v2.0.0-repair,,2026-08-01T19:01:12.103442+00:00,96,96,
synthetic/SAFE/SAFE_synthetic_v2.0.0-repair_0004.jpg,SAFE,synthetic,v2.0.0-repair,,2026-08-01T19:01:12.107664+00:00,96,96,
synthetic/SAFE/SAFE_synthetic_v2.0.0-repair_0005.jpg,SAFE,synthetic,v2.0.0-repair,,2026-08-01T19:01:12.111372+00:00,96,96,
synthetic/SAFE/SAFE_synthetic_v2.0.0-repair_0006.jpg,SAFE,synthetic,v2.0.0-repair,,2026-08-01T19:01:12.114824+00:00,96,96,
synthetic/SAFE/SAFE_synthetic_v2.0.0-repair_0007.jpg,SAFE,synthetic,v2.0.0-repair,,2026-08-01T19:01:12.118042+00:00,96,96,
synthetic/SAFE/SAFE_synthetic_v2.0.0-repair_0008.jpg,SAFE,synthetic,v2.0.0-repair,,2026-08-01T19:01:12.121698+00:00,96,96,
synthetic/SAFE/SAFE_synthetic_v2.0.0-repair_0009.jpg,SAFE,synthetic,v2.0.0-repair,,2026-08-01T19:01:12.125870+00:00,96,96,
synthetic/SAFE/SAFE_synthetic_v2.0.0-repair_0010.jpg,SAFE,synthetic,v2.0.0-repair,,2026-08-01T19:01:12.129371+00:00,96,96,
synthetic/SAFE/SAFE_synthetic_v2.0.0-repair_0011.jpg,SAFE,synthetic,v2.0.0-repair,,2026-08-01T19:01:12.132988+00:00,96,96,
synthetic/SAFE/SAFE_synthetic_v2.0.0-repair_0012.jpg,SAFE,synthetic,v2.0.0-repair,,2026-08-01T19:01:12.137369+00:00,96,96,
synthetic/SAFE/SAFE_synthetic_v2.0.0-repair_0013.jpg,SAFE,synthetic,v2.0.0-repair,,2026-08-01T19:01:12.141421+00:00,96,96,
synthetic/SAFE/SAFE_synthetic_v2.0.0-repair_0014.jpg,SAFE,synthetic,v2.0.0-repair,,2026-08-01T19:01:12.144925+00:00,96,96,
synthetic/SAFE/SAFE_synthetic_v2.0.0-repair_0015.jpg,SAFE,synthetic,v2.0.0-repair,,2026-08-01T19:01:12.148985+00:00,96,96,
synthetic/SAFE/SAFE_synthetic_v2.0.0-repair_0016.jpg,SAFE,synthetic,v2.0.0-repair,,2026-08-01T19:01:12.152657+00:00,96,96,
synthetic/SAFE/SAFE_synthetic_v2.0.0-repair_0017.jpg,SAFE,synthetic,v2.0.0-repair,,2026-08-01T19:01:12.156373+00:00,96,96,
synthetic/SAFE/SAFE_synthetic_v2.0.0-repair_0018.jpg,SAFE,synthetic,v2.0.0-repair,,2026-08-01T19:01:12.160525+00:00,96,96,
synthetic/SAFE/SAFE_synthetic_v2.0.0-repair_0019.jpg,SAFE,synthetic,v2.0.0-repair,,2026-08-01T19:01:12.164438+00:00,96,96,
synthetic/SAFE/SAFE_synthetic_v2.0.0-repair_0020.jpg,SAFE,synthetic,v2.0.0-repair,,2026-08-01T19:01:12.167821+00:00,96,96,
synthetic/SAFE/SAFE_synthetic_v2.0.0-repair_0021.jpg,SAFE,synthetic,v2.0.0-repair,,2026-08-01T19:01:12.171950+00:00,96,96,
synthetic/SAFE/SAFE_synthetic_v2.0.0-repair_0022.jpg,SAFE,synthetic,v2.0.0-repair,,2026-08-01T19:01:12.176335+00:00,96,96,
synthetic/SAFE/SAFE_synthetic_v2.0.0-repair_0023.jpg,SAFE,synthetic,v2.0.0-repair,,2026-08-01T19:01:12.180094+00:00,96,96,
synthetic/SAFE/SAFE_synthetic_v2.0.0-repair_0024.jpg,SAFE,synthetic,v2.0.0-repair,,2026-08-01T19:01:12.184234+00:00,96,96,
synthetic/SAFE/SAFE_synthetic_v2.0.0-repair_0025.jpg,SAFE,synthetic,v2.0.0-repair,,2026-08-01T19:01:12.188114+00:00,96,96,
synthetic/SAFE/SAFE_synthetic_v2.0.0-repair_0026.jpg,SAFE,synthetic,v2.0.0-repair,,2026-08-01T19:01:12.191984+00:00,96,96,
synthetic/SAFE/SAFE_synthetic_v2.0.0-repair_0027.jpg,SAFE,synthetic,v2.0.0-repair,,2026-08-01T19:01:12.195791+00:00,96,96,
synthetic/SAFE/SAFE_synthetic_v2.0.0-repair_0028.jpg,SAFE,synthetic,v2.0.0-repair,,2026-08-01T19:01:12.199721+00:00,96,96,
synthetic/SAFE/SAFE_synthetic_v2.0.0-repair_0029.jpg,SAFE,synthetic,v2.0.0-repair,,2026-08-01T19:01:12.203434+00:00,96,96,
synthetic/SAFE/SAFE_synthetic_v2.0.0-repair_0030.jpg,SAFE,synthetic,v2.0.0-repair,,2026-08-01T19:01:12.207432+00:00,96,96,
synthetic/SAFE/SAFE_synthetic_v2.0.0-repair_0031.jpg,SAFE,synthetic,v2.0.0-repair,,2026-08-01T19:01:12.211716+00:00,96,96,
synthetic/SAFE/SAFE_synthetic_v2.0.0-repair_0032.jpg,SAFE,synthetic,v2.0.0-repair,,2026-08-01T19:01:12.215990+00:00,96,96,
synthetic/SAFE/SAFE_synthetic_v2.0.0-repair_0033.jpg,SAFE,synthetic,v2.0.0-repair,,2026-08-01T19:01:12.220276+00:00,96,96,
synthetic/SAFE/SAFE_synthetic_v2.0.0-repair_0034.jpg,SAFE,synthetic,v2.0.0-repair,,2026-08-01T19:01:12.224215+00:00,96,96,
synthetic/SAFE/SAFE_synthetic_v2.0.0-repair_0035.jpg,SAFE,synthetic,v2.0.0-repair,,2026-08-01T19:01:12.228210+00:00,96,96,
synthetic/SAFE/SAFE_synthetic_v2.0.0-repair_0036.jpg,SAFE,synthetic,v2.0.0-repair,,2026-08-01T19:01:12.232452+00:00,96,96,
synthetic/SAFE/SAFE_synthetic_v2.0.0-repair_0037.jpg,SAFE,synthetic,v2.0.0-repair,,2026-08-01T19:01:12.235984+00:00,96,96,
synthetic/SAFE/SAFE_synthetic_v2.0.0-repair_0038.jpg,SAFE,synthetic,v2.0.0-repair,,2026-08-01T19:01:12.239777+00:00,96,96,
synthetic/SAFE/SAFE_synthetic_v2.0.0-repair_0039.jpg,SAFE,synthetic,v2.0.0-repair,,2026-08-01T19:01:12.243774+00:00,96,96,
synthetic/SAFE/SAFE_synthetic_v2.0.0-repair_0040.jpg,SAFE,synthetic,v2.0.0-repair,,2026-08-01T19:01:12.247793+00:00,96,96,
synthetic/SAFE/SAFE_synthetic_v2.0.0-repair_0041.jpg,SAFE,synthetic,v2.0.0-repair,,2026-08-01T19:01:12.251857+00:00,96,96,
synthetic/SAFE/SAFE_synthetic_v2.0.0-repair_0042.jpg,SAFE,synthetic,v2.0.0-repair,,2026-08-01T19:01:12.255250+00:00,96,96,
synthetic/SAFE/SAFE_synthetic_v2.0.0-repair_0043.jpg,SAFE,synthetic,v2.0.0-repair,,2026-08-01T19:01:12.259204+00:00,96,96,
synthetic/SAFE/SAFE_synthetic_v2.0.0-repair_0044.jpg,SAFE,synthetic,v2.0.0-repair,,2026-08-01T19:01:12.262937+00:00,96,96,
synthetic/SAFE/SAFE_synthetic_v2.0.0-repair_0045.jpg,SAFE,synthetic,v2.0.0-repair,,2026-08-01T19:01:12.266844+00:00,96,96,
synthetic/SAFE/SAFE_synthetic_v2.0.0-repair_0046.jpg,SAFE,synthetic,v2.0.0-repair,,2026-08-01T19:01:12.270891+00:00,96,96,
synthetic/SAFE/SAFE_synthetic_v2.0.0-repair_0047.jpg,SAFE,synthetic,v2.0.0-repair,,2026-08-01T19:01:12.274486+00:00,96,96,
synthetic/SAFE/SAFE_synthetic_v2.0.0-repair_0048.jpg,SAFE,synthetic,v2.0.0-repair,,2026-08-01T19:01:12.278825+00:00,96,96,
synthetic/SAFE/SAFE_synthetic_v2.0.0-repair_0049.jpg,SAFE,synthetic,v2.0.0-repair,,2026-08-01T19:01:12.282251+00:00,96,96,
synthetic/SAFE/SAFE_synthetic_v2.0.0-repair_0050.jpg,SAFE,synthetic,v2.0.0-repair,,2026-08-01T19:01:12.286191+00:00,96,96,
synthetic/SAFE/SAFE_synthetic_v2.0.0-repair_0051.jpg,SAFE,synthetic,v2.0.0-repair,,2026-08-01T19:01:12.289685+00:00,96,96,
synthetic/SAFE/SAFE_synthetic_v2.0.0-repair_0052.jpg,SAFE,synthetic,v2.0.0-repair,,2026-08-01T19:01:12.293593+00:00,96,96,
synthetic/SAFE/SAFE_synthetic_v2.0.0-repair_0053.jpg,SAFE,synthetic,v2.0.0-repair,,2026-08-01T19:01:12.297714+00:00,96,96,
synthetic/SAFE/SAFE_synthetic_v2.0.0-repair_0054.jpg,SAFE,synthetic,v2.0.0-repair,,2026-08-01T19:01:12.301871+00:00,96,96,
synthetic/SAFE/SAFE_synthetic_v2.0.0-repair_0055.jpg,SAFE,synthetic,v2.0.0-repair,,2026-08-01T19:01:12.305870+00:00,96,96,
synthetic/SAFE/SAFE_synthetic_v2.0.0-repair_0056.jpg,SAFE,synthetic,v2.0.0-repair,,2026-08-01T19:01:12.309434+00:00,96,96,
synthetic/SAFE/SAFE_synthetic_v2.0.0-repair_0057.jpg,SAFE,synthetic,v2.0.0-repair,,2026-08-01T19:01:12.313302+00:00,96,96,
synthetic/SAFE/SAFE_synthetic_v2.0.0-repair_0058.jpg,SAFE,synthetic,v2.0.0-repair,,2026-08-01T19:01:12.317886+00:00,96,96,
synthetic/SAFE/SAFE_synthetic_v2.0.0-repair_0059.jpg,SAFE,synthetic,v2.0.0-repair,,2026-08-01T19:01:12.321392+00:00,96,96,
synthetic/TORN/TORN_synthetic_v2.0.0-repair_0000.jpg,TORN,synthetic,v2.0.0-repair,,2026-08-01T19:01:12.325907+00:00,96,96,
synthetic/TORN/TORN_synthetic_v2.0.0-repair_0001.jpg,TORN,synthetic,v2.0.0-repair,,2026-08-01T19:01:12.329369+00:00,96,96,
synthetic/TORN/TORN_synthetic_v2.0.0-repair_0002.jpg,TORN,synthetic,v2.0.0-repair,,2026-08-01T19:01:12.333242+00:00,96,96,
synthetic/TORN/TORN_synthetic_v2.0.0-repair_0003.jpg,TORN,synthetic,v2.0.0-repair,,2026-08-01T19:01:12.337050+00:00,96,96,
synthetic/TORN/TORN_synthetic_v2.0.0-repair_0004.jpg,TORN,synthetic,v2.0.0-repair,,2026-08-01T19:01:12.341367+00:00,96,96,
synthetic/TORN/TORN_synthetic_v2.0.0-repair_0005.jpg,TORN,synthetic,v2.0.0-repair,,2026-08-01T19:01:12.345441+00:00,96,96,
synthetic/TORN/TORN_synthetic_v2.0.0-repair_0006.jpg,TORN,synthetic,v2.0.0-repair,,2026-08-01T19:01:12.351165+00:00,96,96,
synthetic/TORN/TORN_synthetic_v2.0.0-repair_0007.jpg,TORN,synthetic,v2.0.0-repair,,2026-08-01T19:01:12.355190+00:00,96,96,
synthetic/TORN/TORN_synthetic_v2.0.0-repair_0008.jpg,TORN,synthetic,v2.0.0-repair,,2026-08-01T19:01:12.359400+00:00,96,96,
synthetic/TORN/TORN_synthetic_v2.0.0-repair_0009.jpg,TORN,synthetic,v2.0.0-repair,,2026-08-01T19:01:12.363364+00:00,96,96,
synthetic/TORN/TORN_synthetic_v2.0.0-repair_0010.jpg,TORN,synthetic,v2.0.0-repair,,2026-08-01T19:01:12.367347+00:00,96,96,
synthetic/TORN/TORN_synthetic_v2.0.0-repair_0011.jpg,TORN,synthetic,v2.0.0-repair,,2026-08-01T19:01:12.371700+00:00,96,96,
synthetic/TORN/TORN_synthetic_v2.0.0-repair_0012.jpg,TORN,synthetic,v2.0.0-repair,,2026-08-01T19:01:12.375341+00:00,96,96,
synthetic/TORN/TORN_synthetic_v2.0.0-repair_0013.jpg,TORN,synthetic,v2.0.0-repair,,2026-08-01T19:01:12.379341+00:00,96,96,
synthetic/TORN/TORN_synthetic_v2.0.0-repair_0014.jpg,TORN,synthetic,v2.0.0-repair,,2026-08-01T19:01:12.383525+00:00,96,96,
synthetic/TORN/TORN_synthetic_v2.0.0-repair_0015.jpg,TORN,synthetic,v2.0.0-repair,,2026-08-01T19:01:12.387615+00:00,96,96,
synthetic/TORN/TORN_synthetic_v2.0.0-repair_0016.jpg,TORN,synthetic,v2.0.0-repair,,2026-08-01T19:01:12.392043+00:00,96,96,
synthetic/TORN/TORN_synthetic_v2.0.0-repair_0017.jpg,TORN,synthetic,v2.0.0-repair,,2026-08-01T19:01:12.395352+00:00,96,96,
synthetic/TORN/TORN_synthetic_v2.0.0-repair_0018.jpg,TORN,synthetic,v2.0.0-repair,,2026-08-01T19:01:12.399346+00:00,96,96,
synthetic/TORN/TORN_synthetic_v2.0.0-repair_0019.jpg,TORN,synthetic,v2.0.0-repair,,2026-08-01T19:01:12.403085+00:00,96,96,
synthetic/TORN/TORN_synthetic_v2.0.0-repair_0020.jpg,TORN,synthetic,v2.0.0-repair,,2026-08-01T19:01:12.408455+00:00,96,96,
synthetic/TORN/TORN_synthetic_v2.0.0-repair_0021.jpg,TORN,synthetic,v2.0.0-repair,,2026-08-01T19:01:12.414362+00:00,96,96,
synthetic/TORN/TORN_synthetic_v2.0.0-repair_0022.jpg,TORN,synthetic,v2.0.0-repair,,2026-08-01T19:01:12.418509+00:00,96,96,
synthetic/TORN/TORN_synthetic_v2.0.0-repair_0023.jpg,TORN,synthetic,v2.0.0-repair,,2026-08-01T19:01:12.422570+00:00,96,96,
synthetic/TORN/TORN_synthetic_v2.0.0-repair_0024.jpg,TORN,synthetic,v2.0.0-repair,,2026-08-01T19:01:12.427447+00:00,96,96,
synthetic/TORN/TORN_synthetic_v2.0.0-repair_0025.jpg,TORN,synthetic,v2.0.0-repair,,2026-08-01T19:01:12.433133+00:00,96,96,
synthetic/TORN/TORN_synthetic_v2.0.0-repair_0026.jpg,TORN,synthetic,v2.0.0-repair,,2026-08-01T19:01:12.437914+00:00,96,96,
synthetic/TORN/TORN_synthetic_v2.0.0-repair_0027.jpg,TORN,synthetic,v2.0.0-repair,,2026-08-01T19:01:12.443006+00:00,96,96,
synthetic/TORN/TORN_synthetic_v2.0.0-repair_0028.jpg,TORN,synthetic,v2.0.0-repair,,2026-08-01T19:01:12.446934+00:00,96,96,
synthetic/TORN/TORN_synthetic_v2.0.0-repair_0029.jpg,TORN,synthetic,v2.0.0-repair,,2026-08-01T19:01:12.450605+00:00,96,96,
synthetic/TORN/TORN_synthetic_v2.0.0-repair_0030.jpg,TORN,synthetic,v2.0.0-repair,,2026-08-01T19:01:12.454646+00:00,96,96,
synthetic/TORN/TORN_synthetic_v2.0.0-repair_0031.jpg,TORN,synthetic,v2.0.0-repair,,2026-08-01T19:01:12.458867+00:00,96,96,
synthetic/TORN/TORN_synthetic_v2.0.0-repair_0032.jpg,TORN,synthetic,v2.0.0-repair,,2026-08-01T19:01:12.462502+00:00,96,96,
synthetic/TORN/TORN_synthetic_v2.0.0-repair_0033.jpg,TORN,synthetic,v2.0.0-repair,,2026-08-01T19:01:12.466424+00:00,96,96,
synthetic/TORN/TORN_synthetic_v2.0.0-repair_0034.jpg,TORN,synthetic,v2.0.0-repair,,2026-08-01T19:01:12.470819+00:00,96,96,
synthetic/TORN/TORN_synthetic_v2.0.0-repair_0035.jpg,TORN,synthetic,v2.0.0-repair,,2026-08-01T19:01:12.474290+00:00,96,96,
synthetic/TORN/TORN_synthetic_v2.0.0-repair_0036.jpg,TORN,synthetic,v2.0.0-repair,,2026-08-01T19:01:12.477866+00:00,96,96,
synthetic/TORN/TORN_synthetic_v2.0.0-repair_0037.jpg,TORN,synthetic,v2.0.0-repair,,2026-08-01T19:01:12.481938+00:00,96,96,
synthetic/TORN/TORN_synthetic_v2.0.0-repair_0038.jpg,TORN,synthetic,v2.0.0-repair,,2026-08-01T19:01:12.485514+00:00,96,96,
synthetic/TORN/TORN_synthetic_v2.0.0-repair_0039.jpg,TORN,synthetic,v2.0.0-repair,,2026-08-01T19:01:12.489697+00:00,96,96,
synthetic/TORN/TORN_synthetic_v2.0.0-repair_0040.jpg,TORN,synthetic,v2.0.0-repair,,2026-08-01T19:01:12.493828+00:00,96,96,
synthetic/TORN/TORN_synthetic_v2.0.0-repair_0041.jpg,TORN,synthetic,v2.0.0-repair,,2026-08-01T19:01:12.498051+00:00,96,96,
synthetic/TORN/TORN_synthetic_v2.0.0-repair_0042.jpg,TORN,synthetic,v2.0.0-repair,,2026-08-01T19:01:12.502190+00:00,96,96,
synthetic/TORN/TORN_synthetic_v2.0.0-repair_0043.jpg,TORN,synthetic,v2.0.0-repair,,2026-08-01T19:01:12.506032+00:00,96,96,
synthetic/TORN/TORN_synthetic_v2.0.0-repair_0044.jpg,TORN,synthetic,v2.0.0-repair,,2026-08-01T19:01:12.510347+00:00,96,96,
synthetic/TORN/TORN_synthetic_v2.0.0-repair_0045.jpg,TORN,synthetic,v2.0.0-repair,,2026-08-01T19:01:12.514349+00:00,96,96,
synthetic/TORN/TORN_synthetic_v2.0.0-repair_0046.jpg,TORN,synthetic,v2.0.0-repair,,2026-08-01T19:01:12.517951+00:00,96,96,
synthetic/TORN/TORN_synthetic_v2.0.0-repair_0047.jpg,TORN,synthetic,v2.0.0-repair,,2026-08-01T19:01:12.521651+00:00,96,96,
synthetic/TORN/TORN_synthetic_v2.0.0-repair_0048.jpg,TORN,synthetic,v2.0.0-repair,,2026-08-01T19:01:12.526949+00:00,96,96,
synthetic/TORN/TORN_synthetic_v2.0.0-repair_0049.jpg,TORN,synthetic,v2.0.0-repair,,2026-08-01T19:01:12.531360+00:00,96,96,
synthetic/TORN/TORN_synthetic_v2.0.0-repair_0050.jpg,TORN,synthetic,v2.0.0-repair,,2026-08-01T19:01:12.535613+00:00,96,96,
synthetic/TORN/TORN_synthetic_v2.0.0-repair_0051.jpg,TORN,synthetic,v2.0.0-repair,,2026-08-01T19:01:12.539048+00:00,96,96,
synthetic/TORN/TORN_synthetic_v2.0.0-repair_0052.jpg,TORN,synthetic,v2.0.0-repair,,2026-08-01T19:01:12.542989+00:00,96,96,
synthetic/TORN/TORN_synthetic_v2.0.0-repair_0053.jpg,TORN,synthetic,v2.0.0-repair,,2026-08-01T19:01:12.547650+00:00,96,96,
synthetic/TORN/TORN_synthetic_v2.0.0-repair_0054.jpg,TORN,synthetic,v2.0.0-repair,,2026-08-01T19:01:12.551162+00:00,96,96,
synthetic/TORN/TORN_synthetic_v2.0.0-repair_0055.jpg,TORN,synthetic,v2.0.0-repair,,2026-08-01T19:01:12.555139+00:00,96,96,
synthetic/TORN/TORN_synthetic_v2.0.0-repair_0056.jpg,TORN,synthetic,v2.0.0-repair,,2026-08-01T19:01:12.559053+00:00,96,96,
synthetic/TORN/TORN_synthetic_v2.0.0-repair_0057.jpg,TORN,synthetic,v2.0.0-repair,,2026-08-01T19:01:12.562829+00:00,96,96,
synthetic/TORN/TORN_synthetic_v2.0.0-repair_0058.jpg,TORN,synthetic,v2.0.0-repair,,2026-08-01T19:01:12.566440+00:00,96,96,
synthetic/TORN/TORN_synthetic_v2.0.0-repair_0059.jpg,TORN,synthetic,v2.0.0-repair,,2026-08-01T19:01:12.570808+00:00,96,96,
synthetic/OPENED/OPENED_synthetic_v2.0.0-repair_0000.jpg,OPENED,synthetic,v2.0.0-repair,,2026-08-01T19:01:12.575246+00:00,96,96,
synthetic/OPENED/OPENED_synthetic_v2.0.0-repair_0001.jpg,OPENED,synthetic,v2.0.0-repair,,2026-08-01T19:01:12.578832+00:00,96,96,
synthetic/OPENED/OPENED_synthetic_v2.0.0-repair_0002.jpg,OPENED,synthetic,v2.0.0-repair,,2026-08-01T19:01:12.583279+00:00,96,96,
synthetic/OPENED/OPENED_synthetic_v2.0.0-repair_0003.jpg,OPENED,synthetic,v2.0.0-repair,,2026-08-01T19:01:12.587121+00:00,96,96,
synthetic/OPENED/OPENED_synthetic_v2.0.0-repair_0004.jpg,OPENED,synthetic,v2.0.0-repair,,2026-08-01T19:01:12.591360+00:00,96,96,
synthetic/OPENED/OPENED_synthetic_v2.0.0-repair_0005.jpg,OPENED,synthetic,v2.0.0-repair,,2026-08-01T19:01:12.595124+00:00,96,96,
synthetic/OPENED/OPENED_synthetic_v2.0.0-repair_0006.jpg,OPENED,synthetic,v2.0.0-repair,,2026-08-01T19:01:12.598821+00:00,96,96,
synthetic/OPENED/OPENED_synthetic_v2.0.0-repair_0007.jpg,OPENED,synthetic,v2.0.0-repair,,2026-08-01T19:01:12.602733+00:00,96,96,
synthetic/OPENED/OPENED_synthetic_v2.0.0-repair_0008.jpg,OPENED,synthetic,v2.0.0-repair,,2026-08-01T19:01:12.606288+00:00,96,96,
synthetic/OPENED/OPENED_synthetic_v2.0.0-repair_0009.jpg,OPENED,synthetic,v2.0.0-repair,,2026-08-01T19:01:12.610030+00:00,96,96,
synthetic/OPENED/OPENED_synthetic_v2.0.0-repair_0010.jpg,OPENED,synthetic,v2.0.0-repair,,2026-08-01T19:01:12.613856+00:00,96,96,
synthetic/OPENED/OPENED_synthetic_v2.0.0-repair_0011.jpg,OPENED,synthetic,v2.0.0-repair,,2026-08-01T19:01:12.618119+00:00,96,96,
synthetic/OPENED/OPENED_synthetic_v2.0.0-repair_0012.jpg,OPENED,synthetic,v2.0.0-repair,,2026-08-01T19:01:12.621952+00:00,96,96,
synthetic/OPENED/OPENED_synthetic_v2.0.0-repair_0013.jpg,OPENED,synthetic,v2.0.0-repair,,2026-08-01T19:01:12.626504+00:00,96,96,
synthetic/OPENED/OPENED_synthetic_v2.0.0-repair_0014.jpg,OPENED,synthetic,v2.0.0-repair,,2026-08-01T19:01:12.630123+00:00,96,96,
synthetic/OPENED/OPENED_synthetic_v2.0.0-repair_0015.jpg,OPENED,synthetic,v2.0.0-repair,,2026-08-01T19:01:12.633603+00:00,96,96,
synthetic/OPENED/OPENED_synthetic_v2.0.0-repair_0016.jpg,OPENED,synthetic,v2.0.0-repair,,2026-08-01T19:01:12.637986+00:00,96,96,
synthetic/OPENED/OPENED_synthetic_v2.0.0-repair_0017.jpg,OPENED,synthetic,v2.0.0-repair,,2026-08-01T19:01:12.641931+00:00,96,96,
synthetic/OPENED/OPENED_synthetic_v2.0.0-repair_0018.jpg,OPENED,synthetic,v2.0.0-repair,,2026-08-01T19:01:12.645418+00:00,96,96,
synthetic/OPENED/OPENED_synthetic_v2.0.0-repair_0019.jpg,OPENED,synthetic,v2.0.0-repair,,2026-08-01T19:01:12.648953+00:00,96,96,
synthetic/OPENED/OPENED_synthetic_v2.0.0-repair_0020.jpg,OPENED,synthetic,v2.0.0-repair,,2026-08-01T19:01:12.652949+00:00,96,96,
synthetic/OPENED/OPENED_synthetic_v2.0.0-repair_0021.jpg,OPENED,synthetic,v2.0.0-repair,,2026-08-01T19:01:12.656603+00:00,96,96,
synthetic/OPENED/OPENED_synthetic_v2.0.0-repair_0022.jpg,OPENED,synthetic,v2.0.0-repair,,2026-08-01T19:01:12.660672+00:00,96,96,
synthetic/OPENED/OPENED_synthetic_v2.0.0-repair_0023.jpg,OPENED,synthetic,v2.0.0-repair,,2026-08-01T19:01:12.663983+00:00,96,96,
synthetic/OPENED/OPENED_synthetic_v2.0.0-repair_0024.jpg,OPENED,synthetic,v2.0.0-repair,,2026-08-01T19:01:12.668464+00:00,96,96,
synthetic/OPENED/OPENED_synthetic_v2.0.0-repair_0025.jpg,OPENED,synthetic,v2.0.0-repair,,2026-08-01T19:01:12.672313+00:00,96,96,
synthetic/OPENED/OPENED_synthetic_v2.0.0-repair_0026.jpg,OPENED,synthetic,v2.0.0-repair,,2026-08-01T19:01:12.675802+00:00,96,96,
synthetic/OPENED/OPENED_synthetic_v2.0.0-repair_0027.jpg,OPENED,synthetic,v2.0.0-repair,,2026-08-01T19:01:12.679919+00:00,96,96,
synthetic/OPENED/OPENED_synthetic_v2.0.0-repair_0028.jpg,OPENED,synthetic,v2.0.0-repair,,2026-08-01T19:01:12.683546+00:00,96,96,
synthetic/OPENED/OPENED_synthetic_v2.0.0-repair_0029.jpg,OPENED,synthetic,v2.0.0-repair,,2026-08-01T19:01:12.687753+00:00,96,96,
synthetic/OPENED/OPENED_synthetic_v2.0.0-repair_0030.jpg,OPENED,synthetic,v2.0.0-repair,,2026-08-01T19:01:12.691761+00:00,96,96,
synthetic/OPENED/OPENED_synthetic_v2.0.0-repair_0031.jpg,OPENED,synthetic,v2.0.0-repair,,2026-08-01T19:01:12.695391+00:00,96,96,
synthetic/OPENED/OPENED_synthetic_v2.0.0-repair_0032.jpg,OPENED,synthetic,v2.0.0-repair,,2026-08-01T19:01:12.699536+00:00,96,96,
synthetic/OPENED/OPENED_synthetic_v2.0.0-repair_0033.jpg,OPENED,synthetic,v2.0.0-repair,,2026-08-01T19:01:12.703279+00:00,96,96,
synthetic/OPENED/OPENED_synthetic_v2.0.0-repair_0034.jpg,OPENED,synthetic,v2.0.0-repair,,2026-08-01T19:01:12.708280+00:00,96,96,
synthetic/OPENED/OPENED_synthetic_v2.0.0-repair_0035.jpg,OPENED,synthetic,v2.0.0-repair,,2026-08-01T19:01:12.712137+00:00,96,96,
synthetic/OPENED/OPENED_synthetic_v2.0.0-repair_0036.jpg,OPENED,synthetic,v2.0.0-repair,,2026-08-01T19:01:12.715992+00:00,96,96,
synthetic/OPENED/OPENED_synthetic_v2.0.0-repair_0037.jpg,OPENED,synthetic,v2.0.0-repair,,2026-08-01T19:01:12.719956+00:00,96,96,
synthetic/OPENED/OPENED_synthetic_v2.0.0-repair_0038.jpg,OPENED,synthetic,v2.0.0-repair,,2026-08-01T19:01:12.723864+00:00,96,96,
synthetic/OPENED/OPENED_synthetic_v2.0.0-repair_0039.jpg,OPENED,synthetic,v2.0.0-repair,,2026-08-01T19:01:12.727319+00:00,96,96,
synthetic/OPENED/OPENED_synthetic_v2.0.0-repair_0040.jpg,OPENED,synthetic,v2.0.0-repair,,2026-08-01T19:01:12.731142+00:00,96,96,
synthetic/OPENED/OPENED_synthetic_v2.0.0-repair_0041.jpg,OPENED,synthetic,v2.0.0-repair,,2026-08-01T19:01:12.734378+00:00,96,96,
synthetic/OPENED/OPENED_synthetic_v2.0.0-repair_0042.jpg,OPENED,synthetic,v2.0.0-repair,,2026-08-01T19:01:12.738358+00:00,96,96,
synthetic/OPENED/OPENED_synthetic_v2.0.0-repair_0043.jpg,OPENED,synthetic,v2.0.0-repair,,2026-08-01T19:01:12.741845+00:00,96,96,
synthetic/OPENED/OPENED_synthetic_v2.0.0-repair_0044.jpg,OPENED,synthetic,v2.0.0-repair,,2026-08-01T19:01:12.745293+00:00,96,96,
synthetic/OPENED/OPENED_synthetic_v2.0.0-repair_0045.jpg,OPENED,synthetic,v2.0.0-repair,,2026-08-01T19:01:12.749188+00:00,96,96,
synthetic/OPENED/OPENED_synthetic_v2.0.0-repair_0046.jpg,OPENED,synthetic,v2.0.0-repair,,2026-08-01T19:01:12.752476+00:00,96,96,
synthetic/OPENED/OPENED_synthetic_v2.0.0-repair_0047.jpg,OPENED,synthetic,v2.0.0-repair,,2026-08-01T19:01:12.755773+00:00,96,96,
synthetic/OPENED/OPENED_synthetic_v2.0.0-repair_0048.jpg,OPENED,synthetic,v2.0.0-repair,,2026-08-01T19:01:12.759128+00:00,96,96,
synthetic/OPENED/OPENED_synthetic_v2.0.0-repair_0049.jpg,OPENED,synthetic,v2.0.0-repair,,2026-08-01T19:01:12.763186+00:00,96,96,
synthetic/OPENED/OPENED_synthetic_v2.0.0-repair_0050.jpg,OPENED,synthetic,v2.0.0-repair,,2026-08-01T19:01:12.767049+00:00,96,96,
synthetic/OPENED/OPENED_synthetic_v2.0.0-repair_0051.jpg,OPENED,synthetic,v2.0.0-repair,,2026-08-01T19:01:12.771354+00:00,96,96,
synthetic/OPENED/OPENED_synthetic_v2.0.0-repair_0052.jpg,OPENED,synthetic,v2.0.0-repair,,2026-08-01T19:01:12.774772+00:00,96,96,
synthetic/OPENED/OPENED_synthetic_v2.0.0-repair_0053.jpg,OPENED,synthetic,v2.0.0-repair,,2026-08-01T19:01:12.778061+00:00,96,96,
synthetic/OPENED/OPENED_synthetic_v2.0.0-repair_0054.jpg,OPENED,synthetic,v2.0.0-repair,,2026-08-01T19:01:12.781941+00:00,96,96,
synthetic/OPENED/OPENED_synthetic_v2.0.0-repair_0055.jpg,OPENED,synthetic,v2.0.0-repair,,2026-08-01T19:01:12.785641+00:00,96,96,
synthetic/OPENED/OPENED_synthetic_v2.0.0-repair_0056.jpg,OPENED,synthetic,v2.0.0-repair,,2026-08-01T19:01:12.789652+00:00,96,96,
synthetic/OPENED/OPENED_synthetic_v2.0.0-repair_0057.jpg,OPENED,synthetic,v2.0.0-repair,,2026-08-01T19:01:12.793103+00:00,96,96,
synthetic/OPENED/OPENED_synthetic_v2.0.0-repair_0058.jpg,OPENED,synthetic,v2.0.0-repair,,2026-08-01T19:01:12.796832+00:00,96,96,
synthetic/OPENED/OPENED_synthetic_v2.0.0-repair_0059.jpg,OPENED,synthetic,v2.0.0-repair,,2026-08-01T19:01:12.800702+00:00,96,96,
synthetic/CRUSHED/CRUSHED_synthetic_v2.0.0-repair_0000.jpg,CRUSHED,synthetic,v2.0.0-repair,,2026-08-01T19:01:12.805458+00:00,96,96,
synthetic/CRUSHED/CRUSHED_synthetic_v2.0.0-repair_0001.jpg,CRUSHED,synthetic,v2.0.0-repair,,2026-08-01T19:01:12.809361+00:00,96,96,
synthetic/CRUSHED/CRUSHED_synthetic_v2.0.0-repair_0002.jpg,CRUSHED,synthetic,v2.0.0-repair,,2026-08-01T19:01:12.813576+00:00,96,96,
synthetic/CRUSHED/CRUSHED_synthetic_v2.0.0-repair_0003.jpg,CRUSHED,synthetic,v2.0.0-repair,,2026-08-01T19:01:12.817385+00:00,96,96,
synthetic/CRUSHED/CRUSHED_synthetic_v2.0.0-repair_0004.jpg,CRUSHED,synthetic,v2.0.0-repair,,2026-08-01T19:01:12.821406+00:00,96,96,
synthetic/CRUSHED/CRUSHED_synthetic_v2.0.0-repair_0005.jpg,CRUSHED,synthetic,v2.0.0-repair,,2026-08-01T19:01:12.825120+00:00,96,96,
synthetic/CRUSHED/CRUSHED_synthetic_v2.0.0-repair_0006.jpg,CRUSHED,synthetic,v2.0.0-repair,,2026-08-01T19:01:12.829122+00:00,96,96,
synthetic/CRUSHED/CRUSHED_synthetic_v2.0.0-repair_0007.jpg,CRUSHED,synthetic,v2.0.0-repair,,2026-08-01T19:01:12.832692+00:00,96,96,
synthetic/CRUSHED/CRUSHED_synthetic_v2.0.0-repair_0008.jpg,CRUSHED,synthetic,v2.0.0-repair,,2026-08-01T19:01:12.836643+00:00,96,96,
synthetic/CRUSHED/CRUSHED_synthetic_v2.0.0-repair_0009.jpg,CRUSHED,synthetic,v2.0.0-repair,,2026-08-01T19:01:12.840844+00:00,96,96,
synthetic/CRUSHED/CRUSHED_synthetic_v2.0.0-repair_0010.jpg,CRUSHED,synthetic,v2.0.0-repair,,2026-08-01T19:01:12.845044+00:00,96,96,
synthetic/CRUSHED/CRUSHED_synthetic_v2.0.0-repair_0011.jpg,CRUSHED,synthetic,v2.0.0-repair,,2026-08-01T19:01:12.848739+00:00,96,96,
synthetic/CRUSHED/CRUSHED_synthetic_v2.0.0-repair_0012.jpg,CRUSHED,synthetic,v2.0.0-repair,,2026-08-01T19:01:12.852447+00:00,96,96,
synthetic/CRUSHED/CRUSHED_synthetic_v2.0.0-repair_0013.jpg,CRUSHED,synthetic,v2.0.0-repair,,2026-08-01T19:01:12.856330+00:00,96,96,
synthetic/CRUSHED/CRUSHED_synthetic_v2.0.0-repair_0014.jpg,CRUSHED,synthetic,v2.0.0-repair,,2026-08-01T19:01:12.860610+00:00,96,96,
synthetic/CRUSHED/CRUSHED_synthetic_v2.0.0-repair_0015.jpg,CRUSHED,synthetic,v2.0.0-repair,,2026-08-01T19:01:12.864272+00:00,96,96,
synthetic/CRUSHED/CRUSHED_synthetic_v2.0.0-repair_0016.jpg,CRUSHED,synthetic,v2.0.0-repair,,2026-08-01T19:01:12.868587+00:00,96,96,
synthetic/CRUSHED/CRUSHED_synthetic_v2.0.0-repair_0017.jpg,CRUSHED,synthetic,v2.0.0-repair,,2026-08-01T19:01:12.872541+00:00,96,96,
synthetic/CRUSHED/CRUSHED_synthetic_v2.0.0-repair_0018.jpg,CRUSHED,synthetic,v2.0.0-repair,,2026-08-01T19:01:12.877057+00:00,96,96,
synthetic/CRUSHED/CRUSHED_synthetic_v2.0.0-repair_0019.jpg,CRUSHED,synthetic,v2.0.0-repair,,2026-08-01T19:01:12.881051+00:00,96,96,
synthetic/CRUSHED/CRUSHED_synthetic_v2.0.0-repair_0020.jpg,CRUSHED,synthetic,v2.0.0-repair,,2026-08-01T19:01:12.885152+00:00,96,96,
synthetic/CRUSHED/CRUSHED_synthetic_v2.0.0-repair_0021.jpg,CRUSHED,synthetic,v2.0.0-repair,,2026-08-01T19:01:12.888395+00:00,96,96,
synthetic/CRUSHED/CRUSHED_synthetic_v2.0.0-repair_0022.jpg,CRUSHED,synthetic,v2.0.0-repair,,2026-08-01T19:01:12.891961+00:00,96,96,
synthetic/CRUSHED/CRUSHED_synthetic_v2.0.0-repair_0023.jpg,CRUSHED,synthetic,v2.0.0-repair,,2026-08-01T19:01:12.895436+00:00,96,96,
synthetic/CRUSHED/CRUSHED_synthetic_v2.0.0-repair_0024.jpg,CRUSHED,synthetic,v2.0.0-repair,,2026-08-01T19:01:12.900034+00:00,96,96,
synthetic/CRUSHED/CRUSHED_synthetic_v2.0.0-repair_0025.jpg,CRUSHED,synthetic,v2.0.0-repair,,2026-08-01T19:01:12.903940+00:00,96,96,
synthetic/CRUSHED/CRUSHED_synthetic_v2.0.0-repair_0026.jpg,CRUSHED,synthetic,v2.0.0-repair,,2026-08-01T19:01:12.907763+00:00,96,96,
synthetic/CRUSHED/CRUSHED_synthetic_v2.0.0-repair_0027.jpg,CRUSHED,synthetic,v2.0.0-repair,,2026-08-01T19:01:12.911772+00:00,96,96,
synthetic/CRUSHED/CRUSHED_synthetic_v2.0.0-repair_0028.jpg,CRUSHED,synthetic,v2.0.0-repair,,2026-08-01T19:01:12.915705+00:00,96,96,
synthetic/CRUSHED/CRUSHED_synthetic_v2.0.0-repair_0029.jpg,CRUSHED,synthetic,v2.0.0-repair,,2026-08-01T19:01:12.920064+00:00,96,96,
synthetic/CRUSHED/CRUSHED_synthetic_v2.0.0-repair_0030.jpg,CRUSHED,synthetic,v2.0.0-repair,,2026-08-01T19:01:12.924074+00:00,96,96,
synthetic/CRUSHED/CRUSHED_synthetic_v2.0.0-repair_0031.jpg,CRUSHED,synthetic,v2.0.0-repair,,2026-08-01T19:01:12.927903+00:00,96,96,
synthetic/CRUSHED/CRUSHED_synthetic_v2.0.0-repair_0032.jpg,CRUSHED,synthetic,v2.0.0-repair,,2026-08-01T19:01:12.931402+00:00,96,96,
synthetic/CRUSHED/CRUSHED_synthetic_v2.0.0-repair_0033.jpg,CRUSHED,synthetic,v2.0.0-repair,,2026-08-01T19:01:12.934803+00:00,96,96,
synthetic/CRUSHED/CRUSHED_synthetic_v2.0.0-repair_0034.jpg,CRUSHED,synthetic,v2.0.0-repair,,2026-08-01T19:01:12.938433+00:00,96,96,
synthetic/CRUSHED/CRUSHED_synthetic_v2.0.0-repair_0035.jpg,CRUSHED,synthetic,v2.0.0-repair,,2026-08-01T19:01:12.943041+00:00,96,96,
synthetic/CRUSHED/CRUSHED_synthetic_v2.0.0-repair_0036.jpg,CRUSHED,synthetic,v2.0.0-repair,,2026-08-01T19:01:12.948390+00:00,96,96,
synthetic/CRUSHED/CRUSHED_synthetic_v2.0.0-repair_0037.jpg,CRUSHED,synthetic,v2.0.0-repair,,2026-08-01T19:01:12.952631+00:00,96,96,
synthetic/CRUSHED/CRUSHED_synthetic_v2.0.0-repair_0038.jpg,CRUSHED,synthetic,v2.0.0-repair,,2026-08-01T19:01:12.956332+00:00,96,96,
synthetic/CRUSHED/CRUSHED_synthetic_v2.0.0-repair_0039.jpg,CRUSHED,synthetic,v2.0.0-repair,,2026-08-01T19:01:12.960274+00:00,96,96,
synthetic/CRUSHED/CRUSHED_synthetic_v2.0.0-repair_0040.jpg,CRUSHED,synthetic,v2.0.0-repair,,2026-08-01T19:01:12.964188+00:00,96,96,
synthetic/CRUSHED/CRUSHED_synthetic_v2.0.0-repair_0041.jpg,CRUSHED,synthetic,v2.0.0-repair,,2026-08-01T19:01:12.968064+00:00,96,96,
synthetic/CRUSHED/CRUSHED_synthetic_v2.0.0-repair_0042.jpg,CRUSHED,synthetic,v2.0.0-repair,,2026-08-01T19:01:12.971857+00:00,96,96,
synthetic/CRUSHED/CRUSHED_synthetic_v2.0.0-repair_0043.jpg,CRUSHED,synthetic,v2.0.0-repair,,2026-08-01T19:01:12.975627+00:00,96,96,
synthetic/CRUSHED/CRUSHED_synthetic_v2.0.0-repair_0044.jpg,CRUSHED,synthetic,v2.0.0-repair,,2026-08-01T19:01:12.979826+00:00,96,96,
synthetic/CRUSHED/CRUSHED_synthetic_v2.0.0-repair_0045.jpg,CRUSHED,synthetic,v2.0.0-repair,,2026-08-01T19:01:12.983914+00:00,96,96,
synthetic/CRUSHED/CRUSHED_synthetic_v2.0.0-repair_0046.jpg,CRUSHED,synthetic,v2.0.0-repair,,2026-08-01T19:01:12.987756+00:00,96,96,
synthetic/CRUSHED/CRUSHED_synthetic_v2.0.0-repair_0047.jpg,CRUSHED,synthetic,v2.0.0-repair,,2026-08-01T19:01:12.991471+00:00,96,96,
synthetic/CRUSHED/CRUSHED_synthetic_v2.0.0-repair_0048.jpg,CRUSHED,synthetic,v2.0.0-repair,,2026-08-01T19:01:12.995688+00:00,96,96,
synthetic/CRUSHED/CRUSHED_synthetic_v2.0.0-repair_0049.jpg,CRUSHED,synthetic,v2.0.0-repair,,2026-08-01T19:01:12.999172+00:00,96,96,
synthetic/CRUSHED/CRUSHED_synthetic_v2.0.0-repair_0050.jpg,CRUSHED,synthetic,v2.0.0-repair,,2026-08-01T19:01:13.003438+00:00,96,96,
synthetic/CRUSHED/CRUSHED_synthetic_v2.0.0-repair_0051.jpg,CRUSHED,synthetic,v2.0.0-repair,,2026-08-01T19:01:13.007447+00:00,96,96,
synthetic/CRUSHED/CRUSHED_synthetic_v2.0.0-repair_0052.jpg,CRUSHED,synthetic,v2.0.0-repair,,2026-08-01T19:01:13.011436+00:00,96,96,
synthetic/CRUSHED/CRUSHED_synthetic_v2.0.0-repair_0053.jpg,CRUSHED,synthetic,v2.0.0-repair,,2026-08-01T19:01:13.015113+00:00,96,96,
synthetic/CRUSHED/CRUSHED_synthetic_v2.0.0-repair_0054.jpg,CRUSHED,synthetic,v2.0.0-repair,,2026-08-01T19:01:13.018620+00:00,96,96,
synthetic/CRUSHED/CRUSHED_synthetic_v2.0.0-repair_0055.jpg,CRUSHED,synthetic,v2.0.0-repair,,2026-08-01T19:01:13.022162+00:00,96,96,
synthetic/CRUSHED/CRUSHED_synthetic_v2.0.0-repair_0056.jpg,CRUSHED,synthetic,v2.0.0-repair,,2026-08-01T19:01:13.025927+00:00,96,96,
synthetic/CRUSHED/CRUSHED_synthetic_v2.0.0-repair_0057.jpg,CRUSHED,synthetic,v2.0.0-repair,,2026-08-01T19:01:13.029718+00:00,96,96,
synthetic/CRUSHED/CRUSHED_synthetic_v2.0.0-repair_0058.jpg,CRUSHED,synthetic,v2.0.0-repair,,2026-08-01T19:01:13.033898+00:00,96,96,
synthetic/CRUSHED/CRUSHED_synthetic_v2.0.0-repair_0059.jpg,CRUSHED,synthetic,v2.0.0-repair,,2026-08-01T19:01:13.037404+00:00,96,96,
synthetic/TAPED/TAPED_synthetic_v2.0.0-repair_0000.jpg,TAPED,synthetic,v2.0.0-repair,,2026-08-01T19:01:13.041773+00:00,96,96,
synthetic/TAPED/TAPED_synthetic_v2.0.0-repair_0001.jpg,TAPED,synthetic,v2.0.0-repair,,2026-08-01T19:01:13.045525+00:00,96,96,
synthetic/TAPED/TAPED_synthetic_v2.0.0-repair_0002.jpg,TAPED,synthetic,v2.0.0-repair,,2026-08-01T19:01:13.049042+00:00,96,96,
synthetic/TAPED/TAPED_synthetic_v2.0.0-repair_0003.jpg,TAPED,synthetic,v2.0.0-repair,,2026-08-01T19:01:13.052629+00:00,96,96,
synthetic/TAPED/TAPED_synthetic_v2.0.0-repair_0004.jpg,TAPED,synthetic,v2.0.0-repair,,2026-08-01T19:01:13.056114+00:00,96,96,
synthetic/TAPED/TAPED_synthetic_v2.0.0-repair_0005.jpg,TAPED,synthetic,v2.0.0-repair,,2026-08-01T19:01:13.059829+00:00,96,96,
synthetic/TAPED/TAPED_synthetic_v2.0.0-repair_0006.jpg,TAPED,synthetic,v2.0.0-repair,,2026-08-01T19:01:13.063856+00:00,96,96,
synthetic/TAPED/TAPED_synthetic_v2.0.0-repair_0007.jpg,TAPED,synthetic,v2.0.0-repair,,2026-08-01T19:01:13.067452+00:00,96,96,
synthetic/TAPED/TAPED_synthetic_v2.0.0-repair_0008.jpg,TAPED,synthetic,v2.0.0-repair,,2026-08-01T19:01:13.071089+00:00,96,96,
synthetic/TAPED/TAPED_synthetic_v2.0.0-repair_0009.jpg,TAPED,synthetic,v2.0.0-repair,,2026-08-01T19:01:13.074652+00:00,96,96,
synthetic/TAPED/TAPED_synthetic_v2.0.0-repair_0010.jpg,TAPED,synthetic,v2.0.0-repair,,2026-08-01T19:01:13.078505+00:00,96,96,
synthetic/TAPED/TAPED_synthetic_v2.0.0-repair_0011.jpg,TAPED,synthetic,v2.0.0-repair,,2026-08-01T19:01:13.082344+00:00,96,96,
synthetic/TAPED/TAPED_synthetic_v2.0.0-repair_0012.jpg,TAPED,synthetic,v2.0.0-repair,,2026-08-01T19:01:13.086040+00:00,96,96,
synthetic/TAPED/TAPED_synthetic_v2.0.0-repair_0013.jpg,TAPED,synthetic,v2.0.0-repair,,2026-08-01T19:01:13.089599+00:00,96,96,
synthetic/TAPED/TAPED_synthetic_v2.0.0-repair_0014.jpg,TAPED,synthetic,v2.0.0-repair,,2026-08-01T19:01:13.093413+00:00,96,96,
synthetic/TAPED/TAPED_synthetic_v2.0.0-repair_0015.jpg,TAPED,synthetic,v2.0.0-repair,,2026-08-01T19:01:13.096790+00:00,96,96,
synthetic/TAPED/TAPED_synthetic_v2.0.0-repair_0016.jpg,TAPED,synthetic,v2.0.0-repair,,2026-08-01T19:01:13.100624+00:00,96,96,
synthetic/TAPED/TAPED_synthetic_v2.0.0-repair_0017.jpg,TAPED,synthetic,v2.0.0-repair,,2026-08-01T19:01:13.104175+00:00,96,96,
synthetic/TAPED/TAPED_synthetic_v2.0.0-repair_0018.jpg,TAPED,synthetic,v2.0.0-repair,,2026-08-01T19:01:13.107822+00:00,96,96,
synthetic/TAPED/TAPED_synthetic_v2.0.0-repair_0019.jpg,TAPED,synthetic,v2.0.0-repair,,2026-08-01T19:01:13.111455+00:00,96,96,
synthetic/TAPED/TAPED_synthetic_v2.0.0-repair_0020.jpg,TAPED,synthetic,v2.0.0-repair,,2026-08-01T19:01:13.114911+00:00,96,96,
synthetic/TAPED/TAPED_synthetic_v2.0.0-repair_0021.jpg,TAPED,synthetic,v2.0.0-repair,,2026-08-01T19:01:13.118418+00:00,96,96,
synthetic/TAPED/TAPED_synthetic_v2.0.0-repair_0022.jpg,TAPED,synthetic,v2.0.0-repair,,2026-08-01T19:01:13.122460+00:00,96,96,
synthetic/TAPED/TAPED_synthetic_v2.0.0-repair_0023.jpg,TAPED,synthetic,v2.0.0-repair,,2026-08-01T19:01:13.126333+00:00,96,96,
synthetic/TAPED/TAPED_synthetic_v2.0.0-repair_0024.jpg,TAPED,synthetic,v2.0.0-repair,,2026-08-01T19:01:13.130486+00:00,96,96,
synthetic/TAPED/TAPED_synthetic_v2.0.0-repair_0025.jpg,TAPED,synthetic,v2.0.0-repair,,2026-08-01T19:01:13.134460+00:00,96,96,
synthetic/TAPED/TAPED_synthetic_v2.0.0-repair_0026.jpg,TAPED,synthetic,v2.0.0-repair,,2026-08-01T19:01:13.138605+00:00,96,96,
synthetic/TAPED/TAPED_synthetic_v2.0.0-repair_0027.jpg,TAPED,synthetic,v2.0.0-repair,,2026-08-01T19:01:13.142776+00:00,96,96,
synthetic/TAPED/TAPED_synthetic_v2.0.0-repair_0028.jpg,TAPED,synthetic,v2.0.0-repair,,2026-08-01T19:01:13.146140+00:00,96,96,
synthetic/TAPED/TAPED_synthetic_v2.0.0-repair_0029.jpg,TAPED,synthetic,v2.0.0-repair,,2026-08-01T19:01:13.149839+00:00,96,96,
synthetic/TAPED/TAPED_synthetic_v2.0.0-repair_0030.jpg,TAPED,synthetic,v2.0.0-repair,,2026-08-01T19:01:13.154604+00:00,96,96,
synthetic/TAPED/TAPED_synthetic_v2.0.0-repair_0031.jpg,TAPED,synthetic,v2.0.0-repair,,2026-08-01T19:01:13.158122+00:00,96,96,
synthetic/TAPED/TAPED_synthetic_v2.0.0-repair_0032.jpg,TAPED,synthetic,v2.0.0-repair,,2026-08-01T19:01:13.162572+00:00,96,96,
synthetic/TAPED/TAPED_synthetic_v2.0.0-repair_0033.jpg,TAPED,synthetic,v2.0.0-repair,,2026-08-01T19:01:13.166404+00:00,96,96,
synthetic/TAPED/TAPED_synthetic_v2.0.0-repair_0034.jpg,TAPED,synthetic,v2.0.0-repair,,2026-08-01T19:01:13.169837+00:00,96,96,
synthetic/TAPED/TAPED_synthetic_v2.0.0-repair_0035.jpg,TAPED,synthetic,v2.0.0-repair,,2026-08-01T19:01:13.173802+00:00,96,96,
synthetic/TAPED/TAPED_synthetic_v2.0.0-repair_0036.jpg,TAPED,synthetic,v2.0.0-repair,,2026-08-01T19:01:13.177991+00:00,96,96,
synthetic/TAPED/TAPED_synthetic_v2.0.0-repair_0037.jpg,TAPED,synthetic,v2.0.0-repair,,2026-08-01T19:01:13.181336+00:00,96,96,
synthetic/TAPED/TAPED_synthetic_v2.0.0-repair_0038.jpg,TAPED,synthetic,v2.0.0-repair,,2026-08-01T19:01:13.185651+00:00,96,96,
synthetic/TAPED/TAPED_synthetic_v2.0.0-repair_0039.jpg,TAPED,synthetic,v2.0.0-repair,,2026-08-01T19:01:13.189946+00:00,96,96,
synthetic/TAPED/TAPED_synthetic_v2.0.0-repair_0040.jpg,TAPED,synthetic,v2.0.0-repair,,2026-08-01T19:01:13.194255+00:00,96,96,
synthetic/TAPED/TAPED_synthetic_v2.0.0-repair_0041.jpg,TAPED,synthetic,v2.0.0-repair,,2026-08-01T19:01:13.198187+00:00,96,96,
synthetic/TAPED/TAPED_synthetic_v2.0.0-repair_0042.jpg,TAPED,synthetic,v2.0.0-repair,,2026-08-01T19:01:13.201872+00:00,96,96,
synthetic/TAPED/TAPED_synthetic_v2.0.0-repair_0043.jpg,TAPED,synthetic,v2.0.0-repair,,2026-08-01T19:01:13.205567+00:00,96,96,
synthetic/TAPED/TAPED_synthetic_v2.0.0-repair_0044.jpg,TAPED,synthetic,v2.0.0-repair,,2026-08-01T19:01:13.209543+00:00,96,96,
synthetic/TAPED/TAPED_synthetic_v2.0.0-repair_0045.jpg,TAPED,synthetic,v2.0.0-repair,,2026-08-01T19:01:13.213203+00:00,96,96,
synthetic/TAPED/TAPED_synthetic_v2.0.0-repair_0046.jpg,TAPED,synthetic,v2.0.0-repair,,2026-08-01T19:01:13.217129+00:00,96,96,
synthetic/TAPED/TAPED_synthetic_v2.0.0-repair_0047.jpg,TAPED,synthetic,v2.0.0-repair,,2026-08-01T19:01:13.221439+00:00,96,96,
synthetic/TAPED/TAPED_synthetic_v2.0.0-repair_0048.jpg,TAPED,synthetic,v2.0.0-repair,,2026-08-01T19:01:13.225624+00:00,96,96,
synthetic/TAPED/TAPED_synthetic_v2.0.0-repair_0049.jpg,TAPED,synthetic,v2.0.0-repair,,2026-08-01T19:01:13.229031+00:00,96,96,
synthetic/TAPED/TAPED_synthetic_v2.0.0-repair_0050.jpg,TAPED,synthetic,v2.0.0-repair,,2026-08-01T19:01:13.232546+00:00,96,96,
synthetic/TAPED/TAPED_synthetic_v2.0.0-repair_0051.jpg,TAPED,synthetic,v2.0.0-repair,,2026-08-01T19:01:13.236809+00:00,96,96,
synthetic/TAPED/TAPED_synthetic_v2.0.0-repair_0052.jpg,TAPED,synthetic,v2.0.0-repair,,2026-08-01T19:01:13.240174+00:00,96,96,
synthetic/TAPED/TAPED_synthetic_v2.0.0-repair_0053.jpg,TAPED,synthetic,v2.0.0-repair,,2026-08-01T19:01:13.244652+00:00,96,96,
synthetic/TAPED/TAPED_synthetic_v2.0.0-repair_0054.jpg,TAPED,synthetic,v2.0.0-repair,,2026-08-01T19:01:13.248475+00:00,96,96,
synthetic/TAPED/TAPED_synthetic_v2.0.0-repair_0055.jpg,TAPED,synthetic,v2.0.0-repair,,2026-08-01T19:01:13.252481+00:00,96,96,
synthetic/TAPED/TAPED_synthetic_v2.0.0-repair_0056.jpg,TAPED,synthetic,v2.0.0-repair,,2026-08-01T19:01:13.255914+00:00,96,96,
synthetic/TAPED/TAPED_synthetic_v2.0.0-repair_0057.jpg,TAPED,synthetic,v2.0.0-repair,,2026-08-01T19:01:13.260112+00:00,96,96,
synthetic/TAPED/TAPED_synthetic_v2.0.0-repair_0058.jpg,TAPED,synthetic,v2.0.0-repair,,2026-08-01T19:01:13.264019+00:00,96,96,
synthetic/TAPED/TAPED_synthetic_v2.0.0-repair_0059.jpg,TAPED,synthetic,v2.0.0-repair,,2026-08-01T19:01:13.267521+00:00,96,96,
synthetic/PARTIAL_DAMAGE/PARTIAL_DAMAGE_synthetic_v2.0.0-repair_0000.jpg,PARTIAL_DAMAGE,synthetic,v2.0.0-repair,,2026-08-01T19:01:13.363773+00:00,96,96,
synthetic/PARTIAL_DAMAGE/PARTIAL_DAMAGE_synthetic_v2.0.0-repair_0001.jpg,PARTIAL_DAMAGE,synthetic,v2.0.0-repair,,2026-08-01T19:01:13.368332+00:00,96,96,
synthetic/PARTIAL_DAMAGE/PARTIAL_DAMAGE_synthetic_v2.0.0-repair_0002.jpg,PARTIAL_DAMAGE,synthetic,v2.0.0-repair,,2026-08-01T19:01:13.372283+00:00,96,96,
synthetic/PARTIAL_DAMAGE/PARTIAL_DAMAGE_synthetic_v2.0.0-repair_0003.jpg,PARTIAL_DAMAGE,synthetic,v2.0.0-repair,,2026-08-01T19:01:13.376021+00:00,96,96,
synthetic/PARTIAL_DAMAGE/PARTIAL_DAMAGE_synthetic_v2.0.0-repair_0004.jpg,PARTIAL_DAMAGE,synthetic,v2.0.0-repair,,2026-08-01T19:01:13.381083+00:00,96,96,
synthetic/PARTIAL_DAMAGE/PARTIAL_DAMAGE_synthetic_v2.0.0-repair_0005.jpg,PARTIAL_DAMAGE,synthetic,v2.0.0-repair,,2026-08-01T19:01:13.385632+00:00,96,96,
synthetic/PARTIAL_DAMAGE/PARTIAL_DAMAGE_synthetic_v2.0.0-repair_0006.jpg,PARTIAL_DAMAGE,synthetic,v2.0.0-repair,,2026-08-01T19:01:13.389318+00:00,96,96,
synthetic/PARTIAL_DAMAGE/PARTIAL_DAMAGE_synthetic_v2.0.0-repair_0007.jpg,PARTIAL_DAMAGE,synthetic,v2.0.0-repair,,2026-08-01T19:01:13.393550+00:00,96,96,
synthetic/PARTIAL_DAMAGE/PARTIAL_DAMAGE_synthetic_v2.0.0-repair_0008.jpg,PARTIAL_DAMAGE,synthetic,v2.0.0-repair,,2026-08-01T19:01:13.397036+00:00,96,96,
synthetic/PARTIAL_DAMAGE/PARTIAL_DAMAGE_synthetic_v2.0.0-repair_0009.jpg,PARTIAL_DAMAGE,synthetic,v2.0.0-repair,,2026-08-01T19:01:13.400485+00:00,96,96,
synthetic/PARTIAL_DAMAGE/PARTIAL_DAMAGE_synthetic_v2.0.0-repair_0010.jpg,PARTIAL_DAMAGE,synthetic,v2.0.0-repair,,2026-08-01T19:01:13.404440+00:00,96,96,
synthetic/PARTIAL_DAMAGE/PARTIAL_DAMAGE_synthetic_v2.0.0-repair_0011.jpg,PARTIAL_DAMAGE,synthetic,v2.0.0-repair,,2026-08-01T19:01:13.407807+00:00,96,96,
synthetic/PARTIAL_DAMAGE/PARTIAL_DAMAGE_synthetic_v2.0.0-repair_0012.jpg,PARTIAL_DAMAGE,synthetic,v2.0.0-repair,,2026-08-01T19:01:13.411497+00:00,96,96,
synthetic/PARTIAL_DAMAGE/PARTIAL_DAMAGE_synthetic_v2.0.0-repair_0013.jpg,PARTIAL_DAMAGE,synthetic,v2.0.0-repair,,2026-08-01T19:01:13.417283+00:00,96,96,
synthetic/PARTIAL_DAMAGE/PARTIAL_DAMAGE_synthetic_v2.0.0-repair_0014.jpg,PARTIAL_DAMAGE,synthetic,v2.0.0-repair,,2026-08-01T19:01:13.421408+00:00,96,96,
synthetic/PARTIAL_DAMAGE/PARTIAL_DAMAGE_synthetic_v2.0.0-repair_0015.jpg,PARTIAL_DAMAGE,synthetic,v2.0.0-repair,,2026-08-01T19:01:13.424960+00:00,96,96,
synthetic/PARTIAL_DAMAGE/PARTIAL_DAMAGE_synthetic_v2.0.0-repair_0016.jpg,PARTIAL_DAMAGE,synthetic,v2.0.0-repair,,2026-08-01T19:01:13.428459+00:00,96,96,
synthetic/PARTIAL_DAMAGE/PARTIAL_DAMAGE_synthetic_v2.0.0-repair_0017.jpg,PARTIAL_DAMAGE,synthetic,v2.0.0-repair,,2026-08-01T19:01:13.432137+00:00,96,96,
synthetic/PARTIAL_DAMAGE/PARTIAL_DAMAGE_synthetic_v2.0.0-repair_0018.jpg,PARTIAL_DAMAGE,synthetic,v2.0.0-repair,,2026-08-01T19:01:13.436251+00:00,96,96,
synthetic/PARTIAL_DAMAGE/PARTIAL_DAMAGE_synthetic_v2.0.0-repair_0019.jpg,PARTIAL_DAMAGE,synthetic,v2.0.0-repair,,2026-08-01T19:01:13.440122+00:00,96,96,
synthetic/PARTIAL_DAMAGE/PARTIAL_DAMAGE_synthetic_v2.0.0-repair_0020.jpg,PARTIAL_DAMAGE,synthetic,v2.0.0-repair,,2026-08-01T19:01:13.444172+00:00,96,96,
synthetic/PARTIAL_DAMAGE/PARTIAL_DAMAGE_synthetic_v2.0.0-repair_0021.jpg,PARTIAL_DAMAGE,synthetic,v2.0.0-repair,,2026-08-01T19:01:13.448406+00:00,96,96,
synthetic/PARTIAL_DAMAGE/PARTIAL_DAMAGE_synthetic_v2.0.0-repair_0022.jpg,PARTIAL_DAMAGE,synthetic,v2.0.0-repair,,2026-08-01T19:01:13.451932+00:00,96,96,
synthetic/PARTIAL_DAMAGE/PARTIAL_DAMAGE_synthetic_v2.0.0-repair_0023.jpg,PARTIAL_DAMAGE,synthetic,v2.0.0-repair,,2026-08-01T19:01:13.455636+00:00,96,96,
synthetic/PARTIAL_DAMAGE/PARTIAL_DAMAGE_synthetic_v2.0.0-repair_0024.jpg,PARTIAL_DAMAGE,synthetic,v2.0.0-repair,,2026-08-01T19:01:13.460304+00:00,96,96,
synthetic/PARTIAL_DAMAGE/PARTIAL_DAMAGE_synthetic_v2.0.0-repair_0025.jpg,PARTIAL_DAMAGE,synthetic,v2.0.0-repair,,2026-08-01T19:01:13.464337+00:00,96,96,
synthetic/PARTIAL_DAMAGE/PARTIAL_DAMAGE_synthetic_v2.0.0-repair_0026.jpg,PARTIAL_DAMAGE,synthetic,v2.0.0-repair,,2026-08-01T19:01:13.468285+00:00,96,96,
synthetic/PARTIAL_DAMAGE/PARTIAL_DAMAGE_synthetic_v2.0.0-repair_0027.jpg,PARTIAL_DAMAGE,synthetic,v2.0.0-repair,,2026-08-01T19:01:13.472003+00:00,96,96,
synthetic/PARTIAL_DAMAGE/PARTIAL_DAMAGE_synthetic_v2.0.0-repair_0028.jpg,PARTIAL_DAMAGE,synthetic,v2.0.0-repair,,2026-08-01T19:01:13.475953+00:00,96,96,
synthetic/PARTIAL_DAMAGE/PARTIAL_DAMAGE_synthetic_v2.0.0-repair_0029.jpg,PARTIAL_DAMAGE,synthetic,v2.0.0-repair,,2026-08-01T19:01:13.479708+00:00,96,96,
synthetic/PARTIAL_DAMAGE/PARTIAL_DAMAGE_synthetic_v2.0.0-repair_0030.jpg,PARTIAL_DAMAGE,synthetic,v2.0.0-repair,,2026-08-01T19:01:13.483414+00:00,96,96,
synthetic/PARTIAL_DAMAGE/PARTIAL_DAMAGE_synthetic_v2.0.0-repair_0031.jpg,PARTIAL_DAMAGE,synthetic,v2.0.0-repair,,2026-08-01T19:01:13.487255+00:00,96,96,
synthetic/PARTIAL_DAMAGE/PARTIAL_DAMAGE_synthetic_v2.0.0-repair_0032.jpg,PARTIAL_DAMAGE,synthetic,v2.0.0-repair,,2026-08-01T19:01:13.491321+00:00,96,96,
synthetic/PARTIAL_DAMAGE/PARTIAL_DAMAGE_synthetic_v2.0.0-repair_0033.jpg,PARTIAL_DAMAGE,synthetic,v2.0.0-repair,,2026-08-01T19:01:13.495560+00:00,96,96,
synthetic/PARTIAL_DAMAGE/PARTIAL_DAMAGE_synthetic_v2.0.0-repair_0034.jpg,PARTIAL_DAMAGE,synthetic,v2.0.0-repair,,2026-08-01T19:01:13.499315+00:00,96,96,
synthetic/PARTIAL_DAMAGE/PARTIAL_DAMAGE_synthetic_v2.0.0-repair_0035.jpg,PARTIAL_DAMAGE,synthetic,v2.0.0-repair,,2026-08-01T19:01:13.502855+00:00,96,96,
synthetic/PARTIAL_DAMAGE/PARTIAL_DAMAGE_synthetic_v2.0.0-repair_0036.jpg,PARTIAL_DAMAGE,synthetic,v2.0.0-repair,,2026-08-01T19:01:13.506514+00:00,96,96,
synthetic/PARTIAL_DAMAGE/PARTIAL_DAMAGE_synthetic_v2.0.0-repair_0037.jpg,PARTIAL_DAMAGE,synthetic,v2.0.0-repair,,2026-08-01T19:01:13.510224+00:00,96,96,
synthetic/PARTIAL_DAMAGE/PARTIAL_DAMAGE_synthetic_v2.0.0-repair_0038.jpg,PARTIAL_DAMAGE,synthetic,v2.0.0-repair,,2026-08-01T19:01:13.514042+00:00,96,96,
synthetic/PARTIAL_DAMAGE/PARTIAL_DAMAGE_synthetic_v2.0.0-repair_0039.jpg,PARTIAL_DAMAGE,synthetic,v2.0.0-repair,,2026-08-01T19:01:13.517855+00:00,96,96,
synthetic/PARTIAL_DAMAGE/PARTIAL_DAMAGE_synthetic_v2.0.0-repair_0040.jpg,PARTIAL_DAMAGE,synthetic,v2.0.0-repair,,2026-08-01T19:01:13.521155+00:00,96,96,
synthetic/PARTIAL_DAMAGE/PARTIAL_DAMAGE_synthetic_v2.0.0-repair_0041.jpg,PARTIAL_DAMAGE,synthetic,v2.0.0-repair,,2026-08-01T19:01:13.524573+00:00,96,96,
synthetic/PARTIAL_DAMAGE/PARTIAL_DAMAGE_synthetic_v2.0.0-repair_0042.jpg,PARTIAL_DAMAGE,synthetic,v2.0.0-repair,,2026-08-01T19:01:13.528943+00:00,96,96,
synthetic/PARTIAL_DAMAGE/PARTIAL_DAMAGE_synthetic_v2.0.0-repair_0043.jpg,PARTIAL_DAMAGE,synthetic,v2.0.0-repair,,2026-08-01T19:01:13.532650+00:00,96,96,
synthetic/PARTIAL_DAMAGE/PARTIAL_DAMAGE_synthetic_v2.0.0-repair_0044.jpg,PARTIAL_DAMAGE,synthetic,v2.0.0-repair,,2026-08-01T19:01:13.536655+00:00,96,96,
synthetic/PARTIAL_DAMAGE/PARTIAL_DAMAGE_synthetic_v2.0.0-repair_0045.jpg,PARTIAL_DAMAGE,synthetic,v2.0.0-repair,,2026-08-01T19:01:13.540610+00:00,96,96,
synthetic/PARTIAL_DAMAGE/PARTIAL_DAMAGE_synthetic_v2.0.0-repair_0046.jpg,PARTIAL_DAMAGE,synthetic,v2.0.0-repair,,2026-08-01T19:01:13.544339+00:00,96,96,
synthetic/PARTIAL_DAMAGE/PARTIAL_DAMAGE_synthetic_v2.0.0-repair_0047.jpg,PARTIAL_DAMAGE,synthetic,v2.0.0-repair,,2026-08-01T19:01:13.547941+00:00,96,96,
synthetic/PARTIAL_DAMAGE/PARTIAL_DAMAGE_synthetic_v2.0.0-repair_0048.jpg,PARTIAL_DAMAGE,synthetic,v2.0.0-repair,,2026-08-01T19:01:13.551370+00:00,96,96,
synthetic/PARTIAL_DAMAGE/PARTIAL_DAMAGE_synthetic_v2.0.0-repair_0049.jpg,PARTIAL_DAMAGE,synthetic,v2.0.0-repair,,2026-08-01T19:01:13.555920+00:00,96,96,
synthetic/PARTIAL_DAMAGE/PARTIAL_DAMAGE_synthetic_v2.0.0-repair_0050.jpg,PARTIAL_DAMAGE,synthetic,v2.0.0-repair,,2026-08-01T19:01:13.559655+00:00,96,96,
synthetic/PARTIAL_DAMAGE/PARTIAL_DAMAGE_synthetic_v2.0.0-repair_0051.jpg,PARTIAL_DAMAGE,synthetic,v2.0.0-repair,,2026-08-01T19:01:13.563449+00:00,96,96,
synthetic/PARTIAL_DAMAGE/PARTIAL_DAMAGE_synthetic_v2.0.0-repair_0052.jpg,PARTIAL_DAMAGE,synthetic,v2.0.0-repair,,2026-08-01T19:01:13.567392+00:00,96,96,
synthetic/PARTIAL_DAMAGE/PARTIAL_DAMAGE_synthetic_v2.0.0-repair_0053.jpg,PARTIAL_DAMAGE,synthetic,v2.0.0-repair,,2026-08-01T19:01:13.571389+00:00,96,96,
synthetic/PARTIAL_DAMAGE/PARTIAL_DAMAGE_synthetic_v2.0.0-repair_0054.jpg,PARTIAL_DAMAGE,synthetic,v2.0.0-repair,,2026-08-01T19:01:13.575111+00:00,96,96,
synthetic/PARTIAL_DAMAGE/PARTIAL_DAMAGE_synthetic_v2.0.0-repair_0055.jpg,PARTIAL_DAMAGE,synthetic,v2.0.0-repair,,2026-08-01T19:01:13.578638+00:00,96,96,
synthetic/PARTIAL_DAMAGE/PARTIAL_DAMAGE_synthetic_v2.0.0-repair_0056.jpg,PARTIAL_DAMAGE,synthetic,v2.0.0-repair,,2026-08-01T19:01:13.582766+00:00,96,96,
synthetic/PARTIAL_DAMAGE/PARTIAL_DAMAGE_synthetic_v2.0.0-repair_0057.jpg,PARTIAL_DAMAGE,synthetic,v2.0.0-repair,,2026-08-01T19:01:13.586281+00:00,96,96,
synthetic/PARTIAL_DAMAGE/PARTIAL_DAMAGE_synthetic_v2.0.0-repair_0058.jpg,PARTIAL_DAMAGE,synthetic,v2.0.0-repair,,2026-08-01T19:01:13.589667+00:00,96,96,
synthetic/PARTIAL_DAMAGE/PARTIAL_DAMAGE_synthetic_v2.0.0-repair_0059.jpg,PARTIAL_DAMAGE,synthetic,v2.0.0-repair,,2026-08-01T19:01:13.593562+00:00,96,96,
synthetic/SAFE/SAFE_synthetic_v3.0.0-ai-improvement_0000.jpg,SAFE,synthetic,v3.0.0-ai-improvement,,2026-08-05T04:08:15.172114+00:00,128,128,
synthetic/SAFE/SAFE_synthetic_v3.0.0-ai-improvement_0001.jpg,SAFE,synthetic,v3.0.0-ai-improvement,,2026-08-05T04:08:15.178747+00:00,128,128,
synthetic/SAFE/SAFE_synthetic_v3.0.0-ai-improvement_0002.jpg,SAFE,synthetic,v3.0.0-ai-improvement,,2026-08-05T04:08:15.185315+00:00,128,128,
synthetic/SAFE/SAFE_synthetic_v3.0.0-ai-improvement_0003.jpg,SAFE,synthetic,v3.0.0-ai-improvement,,2026-08-05T04:08:15.191131+00:00,128,128,
synthetic/SAFE/SAFE_synthetic_v3.0.0-ai-improvement_0004.jpg,SAFE,synthetic,v3.0.0-ai-improvement,,2026-08-05T04:08:15.197617+00:00,128,128,
synthetic/SAFE/SAFE_synthetic_v3.0.0-ai-improvement_0005.jpg,SAFE,synthetic,v3.0.0-ai-improvement,,2026-08-05T04:08:15.203218+00:00,128,128,
synthetic/SAFE/SAFE_synthetic_v3.0.0-ai-improvement_0006.jpg,SAFE,synthetic,v3.0.0-ai-improvement,,2026-08-05T04:08:15.209552+00:00,128,128,
synthetic/SAFE/SAFE_synthetic_v3.0.0-ai-improvement_0007.jpg,SAFE,synthetic,v3.0.0-ai-improvement,,2026-08-05T04:08:15.215929+00:00,128,128,
synthetic/SAFE/SAFE_synthetic_v3.0.0-ai-improvement_0008.jpg,SAFE,synthetic,v3.0.0-ai-improvement,,2026-08-05T04:08:15.221615+00:00,128,128,
synthetic/SAFE/SAFE_synthetic_v3.0.0-ai-improvement_0009.jpg,SAFE,synthetic,v3.0.0-ai-improvement,,2026-08-05T04:08:15.227844+00:00,128,128,
synthetic/SAFE/SAFE_synthetic_v3.0.0-ai-improvement_0010.jpg,SAFE,synthetic,v3.0.0-ai-improvement,,2026-08-05T04:08:15.234284+00:00,128,128,
synthetic/SAFE/SAFE_synthetic_v3.0.0-ai-improvement_0011.jpg,SAFE,synthetic,v3.0.0-ai-improvement,,2026-08-05T04:08:15.241103+00:00,128,128,
synthetic/SAFE/SAFE_synthetic_v3.0.0-ai-improvement_0012.jpg,SAFE,synthetic,v3.0.0-ai-improvement,,2026-08-05T04:08:15.247366+00:00,128,128,
synthetic/SAFE/SAFE_synthetic_v3.0.0-ai-improvement_0013.jpg,SAFE,synthetic,v3.0.0-ai-improvement,,2026-08-05T04:08:15.253382+00:00,128,128,
synthetic/SAFE/SAFE_synthetic_v3.0.0-ai-improvement_0014.jpg,SAFE,synthetic,v3.0.0-ai-improvement,,2026-08-05T04:08:15.260087+00:00,128,128,
synthetic/SAFE/SAFE_synthetic_v3.0.0-ai-improvement_0015.jpg,SAFE,synthetic,v3.0.0-ai-improvement,,2026-08-05T04:08:15.266972+00:00,128,128,
synthetic/SAFE/SAFE_synthetic_v3.0.0-ai-improvement_0016.jpg,SAFE,synthetic,v3.0.0-ai-improvement,,2026-08-05T04:08:15.272764+00:00,128,128,
synthetic/SAFE/SAFE_synthetic_v3.0.0-ai-improvement_0017.jpg,SAFE,synthetic,v3.0.0-ai-improvement,,2026-08-05T04:08:15.279293+00:00,128,128,
synthetic/SAFE/SAFE_synthetic_v3.0.0-ai-improvement_0018.jpg,SAFE,synthetic,v3.0.0-ai-improvement,,2026-08-05T04:08:15.286264+00:00,128,128,
synthetic/SAFE/SAFE_synthetic_v3.0.0-ai-improvement_0019.jpg,SAFE,synthetic,v3.0.0-ai-improvement,,2026-08-05T04:08:15.292640+00:00,128,128,
synthetic/SAFE/SAFE_synthetic_v3.0.0-ai-improvement_0020.jpg,SAFE,synthetic,v3.0.0-ai-improvement,,2026-08-05T04:08:15.299239+00:00,128,128,
synthetic/SAFE/SAFE_synthetic_v3.0.0-ai-improvement_0021.jpg,SAFE,synthetic,v3.0.0-ai-improvement,,2026-08-05T04:08:15.305399+00:00,128,128,
synthetic/SAFE/SAFE_synthetic_v3.0.0-ai-improvement_0022.jpg,SAFE,synthetic,v3.0.0-ai-improvement,,2026-08-05T04:08:15.311653+00:00,128,128,
synthetic/SAFE/SAFE_synthetic_v3.0.0-ai-improvement_0023.jpg,SAFE,synthetic,v3.0.0-ai-improvement,,2026-08-05T04:08:15.318345+00:00,128,128,
synthetic/SAFE/SAFE_synthetic_v3.0.0-ai-improvement_0024.jpg,SAFE,synthetic,v3.0.0-ai-improvement,,2026-08-05T04:08:15.325284+00:00,128,128,
synthetic/SAFE/SAFE_synthetic_v3.0.0-ai-improvement_0025.jpg,SAFE,synthetic,v3.0.0-ai-improvement,,2026-08-05T04:08:15.331990+00:00,128,128,
synthetic/SAFE/SAFE_synthetic_v3.0.0-ai-improvement_0026.jpg,SAFE,synthetic,v3.0.0-ai-improvement,,2026-08-05T04:08:15.337875+00:00,128,128,
synthetic/SAFE/SAFE_synthetic_v3.0.0-ai-improvement_0027.jpg,SAFE,synthetic,v3.0.0-ai-improvement,,2026-08-05T04:08:15.344174+00:00,128,128,
synthetic/SAFE/SAFE_synthetic_v3.0.0-ai-improvement_0028.jpg,SAFE,synthetic,v3.0.0-ai-improvement,,2026-08-05T04:08:15.350531+00:00,128,128,
synthetic/SAFE/SAFE_synthetic_v3.0.0-ai-improvement_0029.jpg,SAFE,synthetic,v3.0.0-ai-improvement,,2026-08-05T04:08:15.357215+00:00,128,128,
synthetic/SAFE/SAFE_synthetic_v3.0.0-ai-improvement_0030.jpg,SAFE,synthetic,v3.0.0-ai-improvement,,2026-08-05T04:08:15.363835+00:00,128,128,
synthetic/SAFE/SAFE_synthetic_v3.0.0-ai-improvement_0031.jpg,SAFE,synthetic,v3.0.0-ai-improvement,,2026-08-05T04:08:15.370169+00:00,128,128,
synthetic/SAFE/SAFE_synthetic_v3.0.0-ai-improvement_0032.jpg,SAFE,synthetic,v3.0.0-ai-improvement,,2026-08-05T04:08:15.376838+00:00,128,128,
synthetic/SAFE/SAFE_synthetic_v3.0.0-ai-improvement_0033.jpg,SAFE,synthetic,v3.0.0-ai-improvement,,2026-08-05T04:08:15.383151+00:00,128,128,
synthetic/SAFE/SAFE_synthetic_v3.0.0-ai-improvement_0034.jpg,SAFE,synthetic,v3.0.0-ai-improvement,,2026-08-05T04:08:15.389568+00:00,128,128,
synthetic/SAFE/SAFE_synthetic_v3.0.0-ai-improvement_0035.jpg,SAFE,synthetic,v3.0.0-ai-improvement,,2026-08-05T04:08:15.396013+00:00,128,128,
synthetic/SAFE/SAFE_synthetic_v3.0.0-ai-improvement_0036.jpg,SAFE,synthetic,v3.0.0-ai-improvement,,2026-08-05T04:08:15.402486+00:00,128,128,
synthetic/SAFE/SAFE_synthetic_v3.0.0-ai-improvement_0037.jpg,SAFE,synthetic,v3.0.0-ai-improvement,,2026-08-05T04:08:15.409305+00:00,128,128,
synthetic/SAFE/SAFE_synthetic_v3.0.0-ai-improvement_0038.jpg,SAFE,synthetic,v3.0.0-ai-improvement,,2026-08-05T04:08:15.416193+00:00,128,128,
synthetic/SAFE/SAFE_synthetic_v3.0.0-ai-improvement_0039.jpg,SAFE,synthetic,v3.0.0-ai-improvement,,2026-08-05T04:08:15.423453+00:00,128,128,
synthetic/SAFE/SAFE_synthetic_v3.0.0-ai-improvement_0040.jpg,SAFE,synthetic,v3.0.0-ai-improvement,,2026-08-05T04:08:15.430010+00:00,128,128,
synthetic/SAFE/SAFE_synthetic_v3.0.0-ai-improvement_0041.jpg,SAFE,synthetic,v3.0.0-ai-improvement,,2026-08-05T04:08:15.435879+00:00,128,128,
synthetic/SAFE/SAFE_synthetic_v3.0.0-ai-improvement_0042.jpg,SAFE,synthetic,v3.0.0-ai-improvement,,2026-08-05T04:08:15.442117+00:00,128,128,
synthetic/SAFE/SAFE_synthetic_v3.0.0-ai-improvement_0043.jpg,SAFE,synthetic,v3.0.0-ai-improvement,,2026-08-05T04:08:15.449046+00:00,128,128,
synthetic/SAFE/SAFE_synthetic_v3.0.0-ai-improvement_0044.jpg,SAFE,synthetic,v3.0.0-ai-improvement,,2026-08-05T04:08:15.455279+00:00,128,128,
synthetic/SAFE/SAFE_synthetic_v3.0.0-ai-improvement_0045.jpg,SAFE,synthetic,v3.0.0-ai-improvement,,2026-08-05T04:08:15.461304+00:00,128,128,
synthetic/SAFE/SAFE_synthetic_v3.0.0-ai-improvement_0046.jpg,SAFE,synthetic,v3.0.0-ai-improvement,,2026-08-05T04:08:15.467976+00:00,128,128,
synthetic/SAFE/SAFE_synthetic_v3.0.0-ai-improvement_0047.jpg,SAFE,synthetic,v3.0.0-ai-improvement,,2026-08-05T04:08:15.474511+00:00,128,128,
synthetic/SAFE/SAFE_synthetic_v3.0.0-ai-improvement_0048.jpg,SAFE,synthetic,v3.0.0-ai-improvement,,2026-08-05T04:08:15.481215+00:00,128,128,
synthetic/SAFE/SAFE_synthetic_v3.0.0-ai-improvement_0049.jpg,SAFE,synthetic,v3.0.0-ai-improvement,,2026-08-05T04:08:15.487766+00:00,128,128,
synthetic/SAFE/SAFE_synthetic_v3.0.0-ai-improvement_0050.jpg,SAFE,synthetic,v3.0.0-ai-improvement,,2026-08-05T04:08:15.494615+00:00,128,128,
synthetic/SAFE/SAFE_synthetic_v3.0.0-ai-improvement_0051.jpg,SAFE,synthetic,v3.0.0-ai-improvement,,2026-08-05T04:08:15.501406+00:00,128,128,
synthetic/SAFE/SAFE_synthetic_v3.0.0-ai-improvement_0052.jpg,SAFE,synthetic,v3.0.0-ai-improvement,,2026-08-05T04:08:15.507522+00:00,128,128,
synthetic/SAFE/SAFE_synthetic_v3.0.0-ai-improvement_0053.jpg,SAFE,synthetic,v3.0.0-ai-improvement,,2026-08-05T04:08:15.513659+00:00,128,128,
synthetic/SAFE/SAFE_synthetic_v3.0.0-ai-improvement_0054.jpg,SAFE,synthetic,v3.0.0-ai-improvement,,2026-08-05T04:08:15.520149+00:00,128,128,
synthetic/SAFE/SAFE_synthetic_v3.0.0-ai-improvement_0055.jpg,SAFE,synthetic,v3.0.0-ai-improvement,,2026-08-05T04:08:15.526745+00:00,128,128,
synthetic/SAFE/SAFE_synthetic_v3.0.0-ai-improvement_0056.jpg,SAFE,synthetic,v3.0.0-ai-improvement,,2026-08-05T04:08:15.533050+00:00,128,128,
synthetic/SAFE/SAFE_synthetic_v3.0.0-ai-improvement_0057.jpg,SAFE,synthetic,v3.0.0-ai-improvement,,2026-08-05T04:08:15.539352+00:00,128,128,
synthetic/SAFE/SAFE_synthetic_v3.0.0-ai-improvement_0058.jpg,SAFE,synthetic,v3.0.0-ai-improvement,,2026-08-05T04:08:15.545305+00:00,128,128,
synthetic/SAFE/SAFE_synthetic_v3.0.0-ai-improvement_0059.jpg,SAFE,synthetic,v3.0.0-ai-improvement,,2026-08-05T04:08:15.551585+00:00,128,128,
synthetic/SAFE/SAFE_synthetic_v3.0.0-ai-improvement_0060.jpg,SAFE,synthetic,v3.0.0-ai-improvement,,2026-08-05T04:08:15.558631+00:00,128,128,
synthetic/SAFE/SAFE_synthetic_v3.0.0-ai-improvement_0061.jpg,SAFE,synthetic,v3.0.0-ai-improvement,,2026-08-05T04:08:15.565881+00:00,128,128,
synthetic/SAFE/SAFE_synthetic_v3.0.0-ai-improvement_0062.jpg,SAFE,synthetic,v3.0.0-ai-improvement,,2026-08-05T04:08:15.571621+00:00,128,128,
synthetic/SAFE/SAFE_synthetic_v3.0.0-ai-improvement_0063.jpg,SAFE,synthetic,v3.0.0-ai-improvement,,2026-08-05T04:08:15.577634+00:00,128,128,
synthetic/SAFE/SAFE_synthetic_v3.0.0-ai-improvement_0064.jpg,SAFE,synthetic,v3.0.0-ai-improvement,,2026-08-05T04:08:15.583788+00:00,128,128,
synthetic/SAFE/SAFE_synthetic_v3.0.0-ai-improvement_0065.jpg,SAFE,synthetic,v3.0.0-ai-improvement,,2026-08-05T04:08:15.590111+00:00,128,128,
synthetic/SAFE/SAFE_synthetic_v3.0.0-ai-improvement_0066.jpg,SAFE,synthetic,v3.0.0-ai-improvement,,2026-08-05T04:08:15.596772+00:00,128,128,
synthetic/SAFE/SAFE_synthetic_v3.0.0-ai-improvement_0067.jpg,SAFE,synthetic,v3.0.0-ai-improvement,,2026-08-05T04:08:15.603083+00:00,128,128,
synthetic/SAFE/SAFE_synthetic_v3.0.0-ai-improvement_0068.jpg,SAFE,synthetic,v3.0.0-ai-improvement,,2026-08-05T04:08:15.609817+00:00,128,128,
synthetic/SAFE/SAFE_synthetic_v3.0.0-ai-improvement_0069.jpg,SAFE,synthetic,v3.0.0-ai-improvement,,2026-08-05T04:08:15.616088+00:00,128,128,
synthetic/SAFE/SAFE_synthetic_v3.0.0-ai-improvement_0070.jpg,SAFE,synthetic,v3.0.0-ai-improvement,,2026-08-05T04:08:15.622604+00:00,128,128,
synthetic/SAFE/SAFE_synthetic_v3.0.0-ai-improvement_0071.jpg,SAFE,synthetic,v3.0.0-ai-improvement,,2026-08-05T04:08:15.628923+00:00,128,128,
synthetic/SAFE/SAFE_synthetic_v3.0.0-ai-improvement_0072.jpg,SAFE,synthetic,v3.0.0-ai-improvement,,2026-08-05T04:08:15.635240+00:00,128,128,
synthetic/SAFE/SAFE_synthetic_v3.0.0-ai-improvement_0073.jpg,SAFE,synthetic,v3.0.0-ai-improvement,,2026-08-05T04:08:15.641613+00:00,128,128,
synthetic/SAFE/SAFE_synthetic_v3.0.0-ai-improvement_0074.jpg,SAFE,synthetic,v3.0.0-ai-improvement,,2026-08-05T04:08:15.648190+00:00,128,128,
synthetic/SAFE/SAFE_synthetic_v3.0.0-ai-improvement_0075.jpg,SAFE,synthetic,v3.0.0-ai-improvement,,2026-08-05T04:08:15.653989+00:00,128,128,
synthetic/SAFE/SAFE_synthetic_v3.0.0-ai-improvement_0076.jpg,SAFE,synthetic,v3.0.0-ai-improvement,,2026-08-05T04:08:15.661009+00:00,128,128,
synthetic/SAFE/SAFE_synthetic_v3.0.0-ai-improvement_0077.jpg,SAFE,synthetic,v3.0.0-ai-improvement,,2026-08-05T04:08:15.667126+00:00,128,128,
synthetic/SAFE/SAFE_synthetic_v3.0.0-ai-improvement_0078.jpg,SAFE,synthetic,v3.0.0-ai-improvement,,2026-08-05T04:08:15.673797+00:00,128,128,
synthetic/SAFE/SAFE_synthetic_v3.0.0-ai-improvement_0079.jpg,SAFE,synthetic,v3.0.0-ai-improvement,,2026-08-05T04:08:15.680071+00:00,128,128,
synthetic/SAFE/SAFE_synthetic_v3.0.0-ai-improvement_0080.jpg,SAFE,synthetic,v3.0.0-ai-improvement,,2026-08-05T04:08:15.685827+00:00,128,128,
synthetic/SAFE/SAFE_synthetic_v3.0.0-ai-improvement_0081.jpg,SAFE,synthetic,v3.0.0-ai-improvement,,2026-08-05T04:08:15.692279+00:00,128,128,
synthetic/SAFE/SAFE_synthetic_v3.0.0-ai-improvement_0082.jpg,SAFE,synthetic,v3.0.0-ai-improvement,,2026-08-05T04:08:15.697982+00:00,128,128,
synthetic/SAFE/SAFE_synthetic_v3.0.0-ai-improvement_0083.jpg,SAFE,synthetic,v3.0.0-ai-improvement,,2026-08-05T04:08:15.704188+00:00,128,128,
synthetic/SAFE/SAFE_synthetic_v3.0.0-ai-improvement_0084.jpg,SAFE,synthetic,v3.0.0-ai-improvement,,2026-08-05T04:08:15.711196+00:00,128,128,
synthetic/SAFE/SAFE_synthetic_v3.0.0-ai-improvement_0085.jpg,SAFE,synthetic,v3.0.0-ai-improvement,,2026-08-05T04:08:15.716804+00:00,128,128,
synthetic/SAFE/SAFE_synthetic_v3.0.0-ai-improvement_0086.jpg,SAFE,synthetic,v3.0.0-ai-improvement,,2026-08-05T04:08:15.723239+00:00,128,128,
synthetic/SAFE/SAFE_synthetic_v3.0.0-ai-improvement_0087.jpg,SAFE,synthetic,v3.0.0-ai-improvement,,2026-08-05T04:08:15.729062+00:00,128,128,
synthetic/SAFE/SAFE_synthetic_v3.0.0-ai-improvement_0088.jpg,SAFE,synthetic,v3.0.0-ai-improvement,,2026-08-05T04:08:15.735494+00:00,128,128,
synthetic/SAFE/SAFE_synthetic_v3.0.0-ai-improvement_0089.jpg,SAFE,synthetic,v3.0.0-ai-improvement,,2026-08-05T04:08:15.741397+00:00,128,128,
synthetic/SAFE/SAFE_synthetic_v3.0.0-ai-improvement_0090.jpg,SAFE,synthetic,v3.0.0-ai-improvement,,2026-08-05T04:08:15.747449+00:00,128,128,
synthetic/SAFE/SAFE_synthetic_v3.0.0-ai-improvement_0091.jpg,SAFE,synthetic,v3.0.0-ai-improvement,,2026-08-05T04:08:15.756038+00:00,128,128,
synthetic/SAFE/SAFE_synthetic_v3.0.0-ai-improvement_0092.jpg,SAFE,synthetic,v3.0.0-ai-improvement,,2026-08-05T04:08:15.763090+00:00,128,128,
synthetic/SAFE/SAFE_synthetic_v3.0.0-ai-improvement_0093.jpg,SAFE,synthetic,v3.0.0-ai-improvement,,2026-08-05T04:08:15.770178+00:00,128,128,
synthetic/SAFE/SAFE_synthetic_v3.0.0-ai-improvement_0094.jpg,SAFE,synthetic,v3.0.0-ai-improvement,,2026-08-05T04:08:15.776881+00:00,128,128,
synthetic/SAFE/SAFE_synthetic_v3.0.0-ai-improvement_0095.jpg,SAFE,synthetic,v3.0.0-ai-improvement,,2026-08-05T04:08:15.783018+00:00,128,128,
synthetic/SAFE/SAFE_synthetic_v3.0.0-ai-improvement_0096.jpg,SAFE,synthetic,v3.0.0-ai-improvement,,2026-08-05T04:08:15.789369+00:00,128,128,
synthetic/SAFE/SAFE_synthetic_v3.0.0-ai-improvement_0097.jpg,SAFE,synthetic,v3.0.0-ai-improvement,,2026-08-05T04:08:15.795250+00:00,128,128,
synthetic/SAFE/SAFE_synthetic_v3.0.0-ai-improvement_0098.jpg,SAFE,synthetic,v3.0.0-ai-improvement,,2026-08-05T04:08:15.801625+00:00,128,128,
synthetic/SAFE/SAFE_synthetic_v3.0.0-ai-improvement_0099.jpg,SAFE,synthetic,v3.0.0-ai-improvement,,2026-08-05T04:08:15.807754+00:00,128,128,
synthetic/SAFE/SAFE_synthetic_v3.0.0-ai-improvement_0100.jpg,SAFE,synthetic,v3.0.0-ai-improvement,,2026-08-05T04:08:15.814624+00:00,128,128,
synthetic/SAFE/SAFE_synthetic_v3.0.0-ai-improvement_0101.jpg,SAFE,synthetic,v3.0.0-ai-improvement,,2026-08-05T04:08:15.820833+00:00,128,128,
synthetic/SAFE/SAFE_synthetic_v3.0.0-ai-improvement_0102.jpg,SAFE,synthetic,v3.0.0-ai-improvement,,2026-08-05T04:08:15.826939+00:00,128,128,
synthetic/SAFE/SAFE_synthetic_v3.0.0-ai-improvement_0103.jpg,SAFE,synthetic,v3.0.0-ai-improvement,,2026-08-05T04:08:15.833772+00:00,128,128,
synthetic/SAFE/SAFE_synthetic_v3.0.0-ai-improvement_0104.jpg,SAFE,synthetic,v3.0.0-ai-improvement,,2026-08-05T04:08:15.840527+00:00,128,128,
synthetic/SAFE/SAFE_synthetic_v3.0.0-ai-improvement_0105.jpg,SAFE,synthetic,v3.0.0-ai-improvement,,2026-08-05T04:08:15.846684+00:00,128,128,
synthetic/SAFE/SAFE_synthetic_v3.0.0-ai-improvement_0106.jpg,SAFE,synthetic,v3.0.0-ai-improvement,,2026-08-05T04:08:15.852699+00:00,128,128,
synthetic/SAFE/SAFE_synthetic_v3.0.0-ai-improvement_0107.jpg,SAFE,synthetic,v3.0.0-ai-improvement,,2026-08-05T04:08:15.859176+00:00,128,128,
synthetic/SAFE/SAFE_synthetic_v3.0.0-ai-improvement_0108.jpg,SAFE,synthetic,v3.0.0-ai-improvement,,2026-08-05T04:08:15.865299+00:00,128,128,
synthetic/SAFE/SAFE_synthetic_v3.0.0-ai-improvement_0109.jpg,SAFE,synthetic,v3.0.0-ai-improvement,,2026-08-05T04:08:15.871398+00:00,128,128,
synthetic/SAFE/SAFE_synthetic_v3.0.0-ai-improvement_0110.jpg,SAFE,synthetic,v3.0.0-ai-improvement,,2026-08-05T04:08:15.877140+00:00,128,128,
synthetic/SAFE/SAFE_synthetic_v3.0.0-ai-improvement_0111.jpg,SAFE,synthetic,v3.0.0-ai-improvement,,2026-08-05T04:08:15.883215+00:00,128,128,
synthetic/SAFE/SAFE_synthetic_v3.0.0-ai-improvement_0112.jpg,SAFE,synthetic,v3.0.0-ai-improvement,,2026-08-05T04:08:15.890114+00:00,128,128,
synthetic/SAFE/SAFE_synthetic_v3.0.0-ai-improvement_0113.jpg,SAFE,synthetic,v3.0.0-ai-improvement,,2026-08-05T04:08:15.897098+00:00,128,128,
synthetic/SAFE/SAFE_synthetic_v3.0.0-ai-improvement_0114.jpg,SAFE,synthetic,v3.0.0-ai-improvement,,2026-08-05T04:08:15.903301+00:00,128,128,
synthetic/SAFE/SAFE_synthetic_v3.0.0-ai-improvement_0115.jpg,SAFE,synthetic,v3.0.0-ai-improvement,,2026-08-05T04:08:15.909764+00:00,128,128,
synthetic/SAFE/SAFE_synthetic_v3.0.0-ai-improvement_0116.jpg,SAFE,synthetic,v3.0.0-ai-improvement,,2026-08-05T04:08:15.916245+00:00,128,128,
synthetic/SAFE/SAFE_synthetic_v3.0.0-ai-improvement_0117.jpg,SAFE,synthetic,v3.0.0-ai-improvement,,2026-08-05T04:08:15.922789+00:00,128,128,
synthetic/SAFE/SAFE_synthetic_v3.0.0-ai-improvement_0118.jpg,SAFE,synthetic,v3.0.0-ai-improvement,,2026-08-05T04:08:15.929137+00:00,128,128,
synthetic/SAFE/SAFE_synthetic_v3.0.0-ai-improvement_0119.jpg,SAFE,synthetic,v3.0.0-ai-improvement,,2026-08-05T04:08:15.935718+00:00,128,128,
synthetic/SAFE/SAFE_synthetic_v3.0.0-ai-improvement_0120.jpg,SAFE,synthetic,v3.0.0-ai-improvement,,2026-08-05T04:08:15.941619+00:00,128,128,
synthetic/SAFE/SAFE_synthetic_v3.0.0-ai-improvement_0121.jpg,SAFE,synthetic,v3.0.0-ai-improvement,,2026-08-05T04:08:15.948384+00:00,128,128,
synthetic/SAFE/SAFE_synthetic_v3.0.0-ai-improvement_0122.jpg,SAFE,synthetic,v3.0.0-ai-improvement,,2026-08-05T04:08:15.954611+00:00,128,128,
synthetic/SAFE/SAFE_synthetic_v3.0.0-ai-improvement_0123.jpg,SAFE,synthetic,v3.0.0-ai-improvement,,2026-08-05T04:08:15.960733+00:00,128,128,
synthetic/SAFE/SAFE_synthetic_v3.0.0-ai-improvement_0124.jpg,SAFE,synthetic,v3.0.0-ai-improvement,,2026-08-05T04:08:15.966362+00:00,128,128,
synthetic/SAFE/SAFE_synthetic_v3.0.0-ai-improvement_0125.jpg,SAFE,synthetic,v3.0.0-ai-improvement,,2026-08-05T04:08:15.972596+00:00,128,128,
synthetic/SAFE/SAFE_synthetic_v3.0.0-ai-improvement_0126.jpg,SAFE,synthetic,v3.0.0-ai-improvement,,2026-08-05T04:08:15.978737+00:00,128,128,
synthetic/SAFE/SAFE_synthetic_v3.0.0-ai-improvement_0127.jpg,SAFE,synthetic,v3.0.0-ai-improvement,,2026-08-05T04:08:15.985077+00:00,128,128,
synthetic/SAFE/SAFE_synthetic_v3.0.0-ai-improvement_0128.jpg,SAFE,synthetic,v3.0.0-ai-improvement,,2026-08-05T04:08:15.991181+00:00,128,128,
synthetic/SAFE/SAFE_synthetic_v3.0.0-ai-improvement_0129.jpg,SAFE,synthetic,v3.0.0-ai-improvement,,2026-08-05T04:08:15.997106+00:00,128,128,
synthetic/SAFE/SAFE_synthetic_v3.0.0-ai-improvement_0130.jpg,SAFE,synthetic,v3.0.0-ai-improvement,,2026-08-05T04:08:16.002621+00:00,128,128,
synthetic/SAFE/SAFE_synthetic_v3.0.0-ai-improvement_0131.jpg,SAFE,synthetic,v3.0.0-ai-improvement,,2026-08-05T04:08:16.008318+00:00,128,128,
synthetic/SAFE/SAFE_synthetic_v3.0.0-ai-improvement_0132.jpg,SAFE,synthetic,v3.0.0-ai-improvement,,2026-08-05T04:08:16.014609+00:00,128,128,
synthetic/SAFE/SAFE_synthetic_v3.0.0-ai-improvement_0133.jpg,SAFE,synthetic,v3.0.0-ai-improvement,,2026-08-05T04:08:16.021380+00:00,128,128,
synthetic/SAFE/SAFE_synthetic_v3.0.0-ai-improvement_0134.jpg,SAFE,synthetic,v3.0.0-ai-improvement,,2026-08-05T04:08:16.027573+00:00,128,128,
synthetic/SAFE/SAFE_synthetic_v3.0.0-ai-improvement_0135.jpg,SAFE,synthetic,v3.0.0-ai-improvement,,2026-08-05T04:08:16.033300+00:00,128,128,
synthetic/SAFE/SAFE_synthetic_v3.0.0-ai-improvement_0136.jpg,SAFE,synthetic,v3.0.0-ai-improvement,,2026-08-05T04:08:16.039313+00:00,128,128,
synthetic/SAFE/SAFE_synthetic_v3.0.0-ai-improvement_0137.jpg,SAFE,synthetic,v3.0.0-ai-improvement,,2026-08-05T04:08:16.045022+00:00,128,128,
synthetic/SAFE/SAFE_synthetic_v3.0.0-ai-improvement_0138.jpg,SAFE,synthetic,v3.0.0-ai-improvement,,2026-08-05T04:08:16.051508+00:00,128,128,
synthetic/SAFE/SAFE_synthetic_v3.0.0-ai-improvement_0139.jpg,SAFE,synthetic,v3.0.0-ai-improvement,,2026-08-05T04:08:16.058214+00:00,128,128,
synthetic/SAFE/SAFE_synthetic_v3.0.0-ai-improvement_0140.jpg,SAFE,synthetic,v3.0.0-ai-improvement,,2026-08-05T04:08:16.065915+00:00,128,128,
synthetic/SAFE/SAFE_synthetic_v3.0.0-ai-improvement_0141.jpg,SAFE,synthetic,v3.0.0-ai-improvement,,2026-08-05T04:08:16.074021+00:00,128,128,
synthetic/SAFE/SAFE_synthetic_v3.0.0-ai-improvement_0142.jpg,SAFE,synthetic,v3.0.0-ai-improvement,,2026-08-05T04:08:16.080025+00:00,128,128,
synthetic/SAFE/SAFE_synthetic_v3.0.0-ai-improvement_0143.jpg,SAFE,synthetic,v3.0.0-ai-improvement,,2026-08-05T04:08:16.086449+00:00,128,128,
synthetic/SAFE/SAFE_synthetic_v3.0.0-ai-improvement_0144.jpg,SAFE,synthetic,v3.0.0-ai-improvement,,2026-08-05T04:08:16.092217+00:00,128,128,
synthetic/SAFE/SAFE_synthetic_v3.0.0-ai-improvement_0145.jpg,SAFE,synthetic,v3.0.0-ai-improvement,,2026-08-05T04:08:16.098022+00:00,128,128,
synthetic/SAFE/SAFE_synthetic_v3.0.0-ai-improvement_0146.jpg,SAFE,synthetic,v3.0.0-ai-improvement,,2026-08-05T04:08:16.104597+00:00,128,128,
synthetic/SAFE/SAFE_synthetic_v3.0.0-ai-improvement_0147.jpg,SAFE,synthetic,v3.0.0-ai-improvement,,2026-08-05T04:08:16.110190+00:00,128,128,
synthetic/SAFE/SAFE_synthetic_v3.0.0-ai-improvement_0148.jpg,SAFE,synthetic,v3.0.0-ai-improvement,,2026-08-05T04:08:16.116018+00:00,128,128,
synthetic/SAFE/SAFE_synthetic_v3.0.0-ai-improvement_0149.jpg,SAFE,synthetic,v3.0.0-ai-improvement,,2026-08-05T04:08:16.122788+00:00,128,128,
synthetic/SAFE/SAFE_synthetic_v3.0.0-ai-improvement_0150.jpg,SAFE,synthetic,v3.0.0-ai-improvement,,2026-08-05T04:08:16.129233+00:00,128,128,
synthetic/SAFE/SAFE_synthetic_v3.0.0-ai-improvement_0151.jpg,SAFE,synthetic,v3.0.0-ai-improvement,,2026-08-05T04:08:16.136262+00:00,128,128,
synthetic/SAFE/SAFE_synthetic_v3.0.0-ai-improvement_0152.jpg,SAFE,synthetic,v3.0.0-ai-improvement,,2026-08-05T04:08:16.143053+00:00,128,128,
synthetic/SAFE/SAFE_synthetic_v3.0.0-ai-improvement_0153.jpg,SAFE,synthetic,v3.0.0-ai-improvement,,2026-08-05T04:08:16.149107+00:00,128,128,
synthetic/SAFE/SAFE_synthetic_v3.0.0-ai-improvement_0154.jpg,SAFE,synthetic,v3.0.0-ai-improvement,,2026-08-05T04:08:16.155955+00:00,128,128,
synthetic/SAFE/SAFE_synthetic_v3.0.0-ai-improvement_0155.jpg,SAFE,synthetic,v3.0.0-ai-improvement,,2026-08-05T04:08:16.162717+00:00,128,128,
synthetic/SAFE/SAFE_synthetic_v3.0.0-ai-improvement_0156.jpg,SAFE,synthetic,v3.0.0-ai-improvement,,2026-08-05T04:08:16.170150+00:00,128,128,
synthetic/SAFE/SAFE_synthetic_v3.0.0-ai-improvement_0157.jpg,SAFE,synthetic,v3.0.0-ai-improvement,,2026-08-05T04:08:16.176123+00:00,128,128,
synthetic/SAFE/SAFE_synthetic_v3.0.0-ai-improvement_0158.jpg,SAFE,synthetic,v3.0.0-ai-improvement,,2026-08-05T04:08:16.182221+00:00,128,128,
synthetic/SAFE/SAFE_synthetic_v3.0.0-ai-improvement_0159.jpg,SAFE,synthetic,v3.0.0-ai-improvement,,2026-08-05T04:08:16.188308+00:00,128,128,
synthetic/SAFE/SAFE_synthetic_v3.0.0-ai-improvement_0160.jpg,SAFE,synthetic,v3.0.0-ai-improvement,,2026-08-05T04:08:16.194407+00:00,128,128,
synthetic/SAFE/SAFE_synthetic_v3.0.0-ai-improvement_0161.jpg,SAFE,synthetic,v3.0.0-ai-improvement,,2026-08-05T04:08:16.201273+00:00,128,128,
synthetic/SAFE/SAFE_synthetic_v3.0.0-ai-improvement_0162.jpg,SAFE,synthetic,v3.0.0-ai-improvement,,2026-08-05T04:08:16.207165+00:00,128,128,
synthetic/SAFE/SAFE_synthetic_v3.0.0-ai-improvement_0163.jpg,SAFE,synthetic,v3.0.0-ai-improvement,,2026-08-05T04:08:16.214188+00:00,128,128,
synthetic/SAFE/SAFE_synthetic_v3.0.0-ai-improvement_0164.jpg,SAFE,synthetic,v3.0.0-ai-improvement,,2026-08-05T04:08:16.221091+00:00,128,128,
synthetic/SAFE/SAFE_synthetic_v3.0.0-ai-improvement_0165.jpg,SAFE,synthetic,v3.0.0-ai-improvement,,2026-08-05T04:08:16.227151+00:00,128,128,
synthetic/SAFE/SAFE_synthetic_v3.0.0-ai-improvement_0166.jpg,SAFE,synthetic,v3.0.0-ai-improvement,,2026-08-05T04:08:16.233123+00:00,128,128,
synthetic/SAFE/SAFE_synthetic_v3.0.0-ai-improvement_0167.jpg,SAFE,synthetic,v3.0.0-ai-improvement,,2026-08-05T04:08:16.238782+00:00,128,128,
synthetic/SAFE/SAFE_synthetic_v3.0.0-ai-improvement_0168.jpg,SAFE,synthetic,v3.0.0-ai-improvement,,2026-08-05T04:08:16.245746+00:00,128,128,
synthetic/SAFE/SAFE_synthetic_v3.0.0-ai-improvement_0169.jpg,SAFE,synthetic,v3.0.0-ai-improvement,,2026-08-05T04:08:16.252008+00:00,128,128,
synthetic/SAFE/SAFE_synthetic_v3.0.0-ai-improvement_0170.jpg,SAFE,synthetic,v3.0.0-ai-improvement,,2026-08-05T04:08:16.258278+00:00,128,128,
synthetic/SAFE/SAFE_synthetic_v3.0.0-ai-improvement_0171.jpg,SAFE,synthetic,v3.0.0-ai-improvement,,2026-08-05T04:08:16.264353+00:00,128,128,
synthetic/SAFE/SAFE_synthetic_v3.0.0-ai-improvement_0172.jpg,SAFE,synthetic,v3.0.0-ai-improvement,,2026-08-05T04:08:16.271319+00:00,128,128,
synthetic/SAFE/SAFE_synthetic_v3.0.0-ai-improvement_0173.jpg,SAFE,synthetic,v3.0.0-ai-improvement,,2026-08-05T04:08:16.277723+00:00,128,128,
synthetic/SAFE/SAFE_synthetic_v3.0.0-ai-improvement_0174.jpg,SAFE,synthetic,v3.0.0-ai-improvement,,2026-08-05T04:08:16.284878+00:00,128,128,
synthetic/SAFE/SAFE_synthetic_v3.0.0-ai-improvement_0175.jpg,SAFE,synthetic,v3.0.0-ai-improvement,,2026-08-05T04:08:16.291659+00:00,128,128,
synthetic/SAFE/SAFE_synthetic_v3.0.0-ai-improvement_0176.jpg,SAFE,synthetic,v3.0.0-ai-improvement,,2026-08-05T04:08:16.298293+00:00,128,128,
synthetic/SAFE/SAFE_synthetic_v3.0.0-ai-improvement_0177.jpg,SAFE,synthetic,v3.0.0-ai-improvement,,2026-08-05T04:08:16.304472+00:00,128,128,
synthetic/SAFE/SAFE_synthetic_v3.0.0-ai-improvement_0178.jpg,SAFE,synthetic,v3.0.0-ai-improvement,,2026-08-05T04:08:16.310416+00:00,128,128,
synthetic/SAFE/SAFE_synthetic_v3.0.0-ai-improvement_0179.jpg,SAFE,synthetic,v3.0.0-ai-improvement,,2026-08-05T04:08:16.316263+00:00,128,128,
synthetic/SAFE/SAFE_synthetic_v3.0.0-ai-improvement_0180.jpg,SAFE,synthetic,v3.0.0-ai-improvement,,2026-08-05T04:08:16.322116+00:00,128,128,
synthetic/SAFE/SAFE_synthetic_v3.0.0-ai-improvement_0181.jpg,SAFE,synthetic,v3.0.0-ai-improvement,,2026-08-05T04:08:16.328282+00:00,128,128,
synthetic/SAFE/SAFE_synthetic_v3.0.0-ai-improvement_0182.jpg,SAFE,synthetic,v3.0.0-ai-improvement,,2026-08-05T04:08:16.334596+00:00,128,128,
synthetic/SAFE/SAFE_synthetic_v3.0.0-ai-improvement_0183.jpg,SAFE,synthetic,v3.0.0-ai-improvement,,2026-08-05T04:08:16.341185+00:00,128,128,
synthetic/SAFE/SAFE_synthetic_v3.0.0-ai-improvement_0184.jpg,SAFE,synthetic,v3.0.0-ai-improvement,,2026-08-05T04:08:16.347238+00:00,128,128,
synthetic/SAFE/SAFE_synthetic_v3.0.0-ai-improvement_0185.jpg,SAFE,synthetic,v3.0.0-ai-improvement,,2026-08-05T04:08:16.353689+00:00,128,128,
synthetic/SAFE/SAFE_synthetic_v3.0.0-ai-improvement_0186.jpg,SAFE,synthetic,v3.0.0-ai-improvement,,2026-08-05T04:08:16.360953+00:00,128,128,
synthetic/SAFE/SAFE_synthetic_v3.0.0-ai-improvement_0187.jpg,SAFE,synthetic,v3.0.0-ai-improvement,,2026-08-05T04:08:16.367352+00:00,128,128,
synthetic/SAFE/SAFE_synthetic_v3.0.0-ai-improvement_0188.jpg,SAFE,synthetic,v3.0.0-ai-improvement,,2026-08-05T04:08:16.374377+00:00,128,128,
synthetic/SAFE/SAFE_synthetic_v3.0.0-ai-improvement_0189.jpg,SAFE,synthetic,v3.0.0-ai-improvement,,2026-08-05T04:08:16.380846+00:00,128,128,
synthetic/SAFE/SAFE_synthetic_v3.0.0-ai-improvement_0190.jpg,SAFE,synthetic,v3.0.0-ai-improvement,,2026-08-05T04:08:16.387585+00:00,128,128,
synthetic/SAFE/SAFE_synthetic_v3.0.0-ai-improvement_0191.jpg,SAFE,synthetic,v3.0.0-ai-improvement,,2026-08-05T04:08:16.393911+00:00,128,128,
synthetic/SAFE/SAFE_synthetic_v3.0.0-ai-improvement_0192.jpg,SAFE,synthetic,v3.0.0-ai-improvement,,2026-08-05T04:08:16.400530+00:00,128,128,
synthetic/SAFE/SAFE_synthetic_v3.0.0-ai-improvement_0193.jpg,SAFE,synthetic,v3.0.0-ai-improvement,,2026-08-05T04:08:16.406703+00:00,128,128,
synthetic/SAFE/SAFE_synthetic_v3.0.0-ai-improvement_0194.jpg,SAFE,synthetic,v3.0.0-ai-improvement,,2026-08-05T04:08:16.412813+00:00,128,128,
synthetic/SAFE/SAFE_synthetic_v3.0.0-ai-improvement_0195.jpg,SAFE,synthetic,v3.0.0-ai-improvement,,2026-08-05T04:08:16.418767+00:00,128,128,
synthetic/SAFE/SAFE_synthetic_v3.0.0-ai-improvement_0196.jpg,SAFE,synthetic,v3.0.0-ai-improvement,,2026-08-05T04:08:16.425542+00:00,128,128,
synthetic/SAFE/SAFE_synthetic_v3.0.0-ai-improvement_0197.jpg,SAFE,synthetic,v3.0.0-ai-improvement,,2026-08-05T04:08:16.432547+00:00,128,128,
synthetic/SAFE/SAFE_synthetic_v3.0.0-ai-improvement_0198.jpg,SAFE,synthetic,v3.0.0-ai-improvement,,2026-08-05T04:08:16.440170+00:00,128,128,
synthetic/SAFE/SAFE_synthetic_v3.0.0-ai-improvement_0199.jpg,SAFE,synthetic,v3.0.0-ai-improvement,,2026-08-05T04:08:16.447152+00:00,128,128,
synthetic/SAFE/SAFE_synthetic_v3.0.0-ai-improvement_0200.jpg,SAFE,synthetic,v3.0.0-ai-improvement,,2026-08-05T04:08:16.453977+00:00,128,128,
synthetic/SAFE/SAFE_synthetic_v3.0.0-ai-improvement_0201.jpg,SAFE,synthetic,v3.0.0-ai-improvement,,2026-08-05T04:08:16.459975+00:00,128,128,
synthetic/SAFE/SAFE_synthetic_v3.0.0-ai-improvement_0202.jpg,SAFE,synthetic,v3.0.0-ai-improvement,,2026-08-05T04:08:16.465876+00:00,128,128,
synthetic/SAFE/SAFE_synthetic_v3.0.0-ai-improvement_0203.jpg,SAFE,synthetic,v3.0.0-ai-improvement,,2026-08-05T04:08:16.473476+00:00,128,128,
synthetic/SAFE/SAFE_synthetic_v3.0.0-ai-improvement_0204.jpg,SAFE,synthetic,v3.0.0-ai-improvement,,2026-08-05T04:08:16.479997+00:00,128,128,
synthetic/SAFE/SAFE_synthetic_v3.0.0-ai-improvement_0205.jpg,SAFE,synthetic,v3.0.0-ai-improvement,,2026-08-05T04:08:16.487273+00:00,128,128,
synthetic/SAFE/SAFE_synthetic_v3.0.0-ai-improvement_0206.jpg,SAFE,synthetic,v3.0.0-ai-improvement,,2026-08-05T04:08:16.493687+00:00,128,128,
synthetic/SAFE/SAFE_synthetic_v3.0.0-ai-improvement_0207.jpg,SAFE,synthetic,v3.0.0-ai-improvement,,2026-08-05T04:08:16.500670+00:00,128,128,
synthetic/SAFE/SAFE_synthetic_v3.0.0-ai-improvement_0208.jpg,SAFE,synthetic,v3.0.0-ai-improvement,,2026-08-05T04:08:16.506861+00:00,128,128,
synthetic/SAFE/SAFE_synthetic_v3.0.0-ai-improvement_0209.jpg,SAFE,synthetic,v3.0.0-ai-improvement,,2026-08-05T04:08:16.512900+00:00,128,128,
synthetic/SAFE/SAFE_synthetic_v3.0.0-ai-improvement_0210.jpg,SAFE,synthetic,v3.0.0-ai-improvement,,2026-08-05T04:08:16.518945+00:00,128,128,
synthetic/SAFE/SAFE_synthetic_v3.0.0-ai-improvement_0211.jpg,SAFE,synthetic,v3.0.0-ai-improvement,,2026-08-05T04:08:16.525001+00:00,128,128,
synthetic/SAFE/SAFE_synthetic_v3.0.0-ai-improvement_0212.jpg,SAFE,synthetic,v3.0.0-ai-improvement,,2026-08-05T04:08:16.531886+00:00,128,128,
synthetic/SAFE/SAFE_synthetic_v3.0.0-ai-improvement_0213.jpg,SAFE,synthetic,v3.0.0-ai-improvement,,2026-08-05T04:08:16.537892+00:00,128,128,
synthetic/TORN/TORN_synthetic_v3.0.0-ai-improvement_0000.jpg,TORN,synthetic,v3.0.0-ai-improvement,,2026-08-05T04:08:16.545548+00:00,128,128,
synthetic/TORN/TORN_synthetic_v3.0.0-ai-improvement_0001.jpg,TORN,synthetic,v3.0.0-ai-improvement,,2026-08-05T04:08:16.552211+00:00,128,128,
synthetic/TORN/TORN_synthetic_v3.0.0-ai-improvement_0002.jpg,TORN,synthetic,v3.0.0-ai-improvement,,2026-08-05T04:08:16.559342+00:00,128,128,
synthetic/TORN/TORN_synthetic_v3.0.0-ai-improvement_0003.jpg,TORN,synthetic,v3.0.0-ai-improvement,,2026-08-05T04:08:16.566787+00:00,128,128,
synthetic/TORN/TORN_synthetic_v3.0.0-ai-improvement_0004.jpg,TORN,synthetic,v3.0.0-ai-improvement,,2026-08-05T04:08:16.573379+00:00,128,128,
synthetic/TORN/TORN_synthetic_v3.0.0-ai-improvement_0005.jpg,TORN,synthetic,v3.0.0-ai-improvement,,2026-08-05T04:08:16.580497+00:00,128,128,
synthetic/TORN/TORN_synthetic_v3.0.0-ai-improvement_0006.jpg,TORN,synthetic,v3.0.0-ai-improvement,,2026-08-05T04:08:16.587313+00:00,128,128,
synthetic/TORN/TORN_synthetic_v3.0.0-ai-improvement_0007.jpg,TORN,synthetic,v3.0.0-ai-improvement,,2026-08-05T04:08:16.593929+00:00,128,128,
synthetic/TORN/TORN_synthetic_v3.0.0-ai-improvement_0008.jpg,TORN,synthetic,v3.0.0-ai-improvement,,2026-08-05T04:08:16.600666+00:00,128,128,
synthetic/TORN/TORN_synthetic_v3.0.0-ai-improvement_0009.jpg,TORN,synthetic,v3.0.0-ai-improvement,,2026-08-05T04:08:16.607026+00:00,128,128,
synthetic/TORN/TORN_synthetic_v3.0.0-ai-improvement_0010.jpg,TORN,synthetic,v3.0.0-ai-improvement,,2026-08-05T04:08:16.613573+00:00,128,128,
synthetic/TORN/TORN_synthetic_v3.0.0-ai-improvement_0011.jpg,TORN,synthetic,v3.0.0-ai-improvement,,2026-08-05T04:08:16.620180+00:00,128,128,
synthetic/TORN/TORN_synthetic_v3.0.0-ai-improvement_0012.jpg,TORN,synthetic,v3.0.0-ai-improvement,,2026-08-05T04:08:16.627084+00:00,128,128,
synthetic/TORN/TORN_synthetic_v3.0.0-ai-improvement_0013.jpg,TORN,synthetic,v3.0.0-ai-improvement,,2026-08-05T04:08:16.633589+00:00,128,128,
synthetic/TORN/TORN_synthetic_v3.0.0-ai-improvement_0014.jpg,TORN,synthetic,v3.0.0-ai-improvement,,2026-08-05T04:08:16.640346+00:00,128,128,
synthetic/TORN/TORN_synthetic_v3.0.0-ai-improvement_0015.jpg,TORN,synthetic,v3.0.0-ai-improvement,,2026-08-05T04:08:16.647067+00:00,128,128,
synthetic/TORN/TORN_synthetic_v3.0.0-ai-improvement_0016.jpg,TORN,synthetic,v3.0.0-ai-improvement,,2026-08-05T04:08:16.654153+00:00,128,128,
synthetic/TORN/TORN_synthetic_v3.0.0-ai-improvement_0017.jpg,TORN,synthetic,v3.0.0-ai-improvement,,2026-08-05T04:08:16.660365+00:00,128,128,
synthetic/TORN/TORN_synthetic_v3.0.0-ai-improvement_0018.jpg,TORN,synthetic,v3.0.0-ai-improvement,,2026-08-05T04:08:16.667140+00:00,128,128,
synthetic/TORN/TORN_synthetic_v3.0.0-ai-improvement_0019.jpg,TORN,synthetic,v3.0.0-ai-improvement,,2026-08-05T04:08:16.673554+00:00,128,128,
synthetic/TORN/TORN_synthetic_v3.0.0-ai-improvement_0020.jpg,TORN,synthetic,v3.0.0-ai-improvement,,2026-08-05T04:08:16.680126+00:00,128,128,
synthetic/TORN/TORN_synthetic_v3.0.0-ai-improvement_0021.jpg,TORN,synthetic,v3.0.0-ai-improvement,,2026-08-05T04:08:16.686662+00:00,128,128,
synthetic/TORN/TORN_synthetic_v3.0.0-ai-improvement_0022.jpg,TORN,synthetic,v3.0.0-ai-improvement,,2026-08-05T04:08:16.693898+00:00,128,128,
synthetic/TORN/TORN_synthetic_v3.0.0-ai-improvement_0023.jpg,TORN,synthetic,v3.0.0-ai-improvement,,2026-08-05T04:08:16.700409+00:00,128,128,
synthetic/TORN/TORN_synthetic_v3.0.0-ai-improvement_0024.jpg,TORN,synthetic,v3.0.0-ai-improvement,,2026-08-05T04:08:16.707081+00:00,128,128,
synthetic/TORN/TORN_synthetic_v3.0.0-ai-improvement_0025.jpg,TORN,synthetic,v3.0.0-ai-improvement,,2026-08-05T04:08:16.713927+00:00,128,128,
synthetic/TORN/TORN_synthetic_v3.0.0-ai-improvement_0026.jpg,TORN,synthetic,v3.0.0-ai-improvement,,2026-08-05T04:08:16.721017+00:00,128,128,
synthetic/TORN/TORN_synthetic_v3.0.0-ai-improvement_0027.jpg,TORN,synthetic,v3.0.0-ai-improvement,,2026-08-05T04:08:16.728097+00:00,128,128,
synthetic/TORN/TORN_synthetic_v3.0.0-ai-improvement_0028.jpg,TORN,synthetic,v3.0.0-ai-improvement,,2026-08-05T04:08:16.734352+00:00,128,128,
synthetic/TORN/TORN_synthetic_v3.0.0-ai-improvement_0029.jpg,TORN,synthetic,v3.0.0-ai-improvement,,2026-08-05T04:08:16.740448+00:00,128,128,
synthetic/TORN/TORN_synthetic_v3.0.0-ai-improvement_0030.jpg,TORN,synthetic,v3.0.0-ai-improvement,,2026-08-05T04:08:16.747655+00:00,128,128,
synthetic/TORN/TORN_synthetic_v3.0.0-ai-improvement_0031.jpg,TORN,synthetic,v3.0.0-ai-improvement,,2026-08-05T04:08:16.753784+00:00,128,128,
synthetic/TORN/TORN_synthetic_v3.0.0-ai-improvement_0032.jpg,TORN,synthetic,v3.0.0-ai-improvement,,2026-08-05T04:08:16.759875+00:00,128,128,
synthetic/TORN/TORN_synthetic_v3.0.0-ai-improvement_0033.jpg,TORN,synthetic,v3.0.0-ai-improvement,,2026-08-05T04:08:16.769003+00:00,128,128,
synthetic/TORN/TORN_synthetic_v3.0.0-ai-improvement_0034.jpg,TORN,synthetic,v3.0.0-ai-improvement,,2026-08-05T04:08:16.775669+00:00,128,128,
synthetic/TORN/TORN_synthetic_v3.0.0-ai-improvement_0035.jpg,TORN,synthetic,v3.0.0-ai-improvement,,2026-08-05T04:08:16.782077+00:00,128,128,
synthetic/TORN/TORN_synthetic_v3.0.0-ai-improvement_0036.jpg,TORN,synthetic,v3.0.0-ai-improvement,,2026-08-05T04:08:16.788312+00:00,128,128,
synthetic/TORN/TORN_synthetic_v3.0.0-ai-improvement_0037.jpg,TORN,synthetic,v3.0.0-ai-improvement,,2026-08-05T04:08:16.794962+00:00,128,128,
synthetic/TORN/TORN_synthetic_v3.0.0-ai-improvement_0038.jpg,TORN,synthetic,v3.0.0-ai-improvement,,2026-08-05T04:08:16.801814+00:00,128,128,
synthetic/TORN/TORN_synthetic_v3.0.0-ai-improvement_0039.jpg,TORN,synthetic,v3.0.0-ai-improvement,,2026-08-05T04:08:16.807868+00:00,128,128,
synthetic/TORN/TORN_synthetic_v3.0.0-ai-improvement_0040.jpg,TORN,synthetic,v3.0.0-ai-improvement,,2026-08-05T04:08:16.815103+00:00,128,128,
synthetic/TORN/TORN_synthetic_v3.0.0-ai-improvement_0041.jpg,TORN,synthetic,v3.0.0-ai-improvement,,2026-08-05T04:08:16.821174+00:00,128,128,
synthetic/TORN/TORN_synthetic_v3.0.0-ai-improvement_0042.jpg,TORN,synthetic,v3.0.0-ai-improvement,,2026-08-05T04:08:16.827678+00:00,128,128,
synthetic/TORN/TORN_synthetic_v3.0.0-ai-improvement_0043.jpg,TORN,synthetic,v3.0.0-ai-improvement,,2026-08-05T04:08:16.834482+00:00,128,128,
synthetic/TORN/TORN_synthetic_v3.0.0-ai-improvement_0044.jpg,TORN,synthetic,v3.0.0-ai-improvement,,2026-08-05T04:08:16.841292+00:00,128,128,
synthetic/TORN/TORN_synthetic_v3.0.0-ai-improvement_0045.jpg,TORN,synthetic,v3.0.0-ai-improvement,,2026-08-05T04:08:16.847854+00:00,128,128,
synthetic/TORN/TORN_synthetic_v3.0.0-ai-improvement_0046.jpg,TORN,synthetic,v3.0.0-ai-improvement,,2026-08-05T04:08:16.853885+00:00,128,128,
synthetic/TORN/TORN_synthetic_v3.0.0-ai-improvement_0047.jpg,TORN,synthetic,v3.0.0-ai-improvement,,2026-08-05T04:08:16.860547+00:00,128,128,
synthetic/TORN/TORN_synthetic_v3.0.0-ai-improvement_0048.jpg,TORN,synthetic,v3.0.0-ai-improvement,,2026-08-05T04:08:16.867243+00:00,128,128,
synthetic/TORN/TORN_synthetic_v3.0.0-ai-improvement_0049.jpg,TORN,synthetic,v3.0.0-ai-improvement,,2026-08-05T04:08:16.873638+00:00,128,128,
synthetic/TORN/TORN_synthetic_v3.0.0-ai-improvement_0050.jpg,TORN,synthetic,v3.0.0-ai-improvement,,2026-08-05T04:08:16.879999+00:00,128,128,
synthetic/TORN/TORN_synthetic_v3.0.0-ai-improvement_0051.jpg,TORN,synthetic,v3.0.0-ai-improvement,,2026-08-05T04:08:16.890458+00:00,128,128,
synthetic/TORN/TORN_synthetic_v3.0.0-ai-improvement_0052.jpg,TORN,synthetic,v3.0.0-ai-improvement,,2026-08-05T04:08:16.897361+00:00,128,128,
synthetic/TORN/TORN_synthetic_v3.0.0-ai-improvement_0053.jpg,TORN,synthetic,v3.0.0-ai-improvement,,2026-08-05T04:08:16.904636+00:00,128,128,
synthetic/TORN/TORN_synthetic_v3.0.0-ai-improvement_0054.jpg,TORN,synthetic,v3.0.0-ai-improvement,,2026-08-05T04:08:16.911735+00:00,128,128,
synthetic/TORN/TORN_synthetic_v3.0.0-ai-improvement_0055.jpg,TORN,synthetic,v3.0.0-ai-improvement,,2026-08-05T04:08:16.918917+00:00,128,128,
synthetic/TORN/TORN_synthetic_v3.0.0-ai-improvement_0056.jpg,TORN,synthetic,v3.0.0-ai-improvement,,2026-08-05T04:08:16.924962+00:00,128,128,
synthetic/TORN/TORN_synthetic_v3.0.0-ai-improvement_0057.jpg,TORN,synthetic,v3.0.0-ai-improvement,,2026-08-05T04:08:16.931192+00:00,128,128,
synthetic/TORN/TORN_synthetic_v3.0.0-ai-improvement_0058.jpg,TORN,synthetic,v3.0.0-ai-improvement,,2026-08-05T04:08:16.938050+00:00,128,128,
synthetic/TORN/TORN_synthetic_v3.0.0-ai-improvement_0059.jpg,TORN,synthetic,v3.0.0-ai-improvement,,2026-08-05T04:08:16.945016+00:00,128,128,
synthetic/TORN/TORN_synthetic_v3.0.0-ai-improvement_0060.jpg,TORN,synthetic,v3.0.0-ai-improvement,,2026-08-05T04:08:16.951676+00:00,128,128,
synthetic/TORN/TORN_synthetic_v3.0.0-ai-improvement_0061.jpg,TORN,synthetic,v3.0.0-ai-improvement,,2026-08-05T04:08:16.958054+00:00,128,128,
synthetic/TORN/TORN_synthetic_v3.0.0-ai-improvement_0062.jpg,TORN,synthetic,v3.0.0-ai-improvement,,2026-08-05T04:08:16.964006+00:00,128,128,
synthetic/TORN/TORN_synthetic_v3.0.0-ai-improvement_0063.jpg,TORN,synthetic,v3.0.0-ai-improvement,,2026-08-05T04:08:16.970311+00:00,128,128,
synthetic/TORN/TORN_synthetic_v3.0.0-ai-improvement_0064.jpg,TORN,synthetic,v3.0.0-ai-improvement,,2026-08-05T04:08:16.976430+00:00,128,128,
synthetic/TORN/TORN_synthetic_v3.0.0-ai-improvement_0065.jpg,TORN,synthetic,v3.0.0-ai-improvement,,2026-08-05T04:08:16.983236+00:00,128,128,
synthetic/TORN/TORN_synthetic_v3.0.0-ai-improvement_0066.jpg,TORN,synthetic,v3.0.0-ai-improvement,,2026-08-05T04:08:16.989657+00:00,128,128,
synthetic/TORN/TORN_synthetic_v3.0.0-ai-improvement_0067.jpg,TORN,synthetic,v3.0.0-ai-improvement,,2026-08-05T04:08:16.996556+00:00,128,128,
synthetic/TORN/TORN_synthetic_v3.0.0-ai-improvement_0068.jpg,TORN,synthetic,v3.0.0-ai-improvement,,2026-08-05T04:08:17.003929+00:00,128,128,
synthetic/TORN/TORN_synthetic_v3.0.0-ai-improvement_0069.jpg,TORN,synthetic,v3.0.0-ai-improvement,,2026-08-05T04:08:17.010523+00:00,128,128,
synthetic/TORN/TORN_synthetic_v3.0.0-ai-improvement_0070.jpg,TORN,synthetic,v3.0.0-ai-improvement,,2026-08-05T04:08:17.017240+00:00,128,128,
synthetic/TORN/TORN_synthetic_v3.0.0-ai-improvement_0071.jpg,TORN,synthetic,v3.0.0-ai-improvement,,2026-08-05T04:08:17.023796+00:00,128,128,
synthetic/TORN/TORN_synthetic_v3.0.0-ai-improvement_0072.jpg,TORN,synthetic,v3.0.0-ai-improvement,,2026-08-05T04:08:17.030251+00:00,128,128,
synthetic/TORN/TORN_synthetic_v3.0.0-ai-improvement_0073.jpg,TORN,synthetic,v3.0.0-ai-improvement,,2026-08-05T04:08:17.036714+00:00,128,128,
synthetic/TORN/TORN_synthetic_v3.0.0-ai-improvement_0074.jpg,TORN,synthetic,v3.0.0-ai-improvement,,2026-08-05T04:08:17.043404+00:00,128,128,
synthetic/TORN/TORN_synthetic_v3.0.0-ai-improvement_0075.jpg,TORN,synthetic,v3.0.0-ai-improvement,,2026-08-05T04:08:17.050475+00:00,128,128,
synthetic/TORN/TORN_synthetic_v3.0.0-ai-improvement_0076.jpg,TORN,synthetic,v3.0.0-ai-improvement,,2026-08-05T04:08:17.057101+00:00,128,128,
synthetic/TORN/TORN_synthetic_v3.0.0-ai-improvement_0077.jpg,TORN,synthetic,v3.0.0-ai-improvement,,2026-08-05T04:08:17.063660+00:00,128,128,
synthetic/TORN/TORN_synthetic_v3.0.0-ai-improvement_0078.jpg,TORN,synthetic,v3.0.0-ai-improvement,,2026-08-05T04:08:17.073509+00:00,128,128,
synthetic/TORN/TORN_synthetic_v3.0.0-ai-improvement_0079.jpg,TORN,synthetic,v3.0.0-ai-improvement,,2026-08-05T04:08:17.080069+00:00,128,128,
synthetic/TORN/TORN_synthetic_v3.0.0-ai-improvement_0080.jpg,TORN,synthetic,v3.0.0-ai-improvement,,2026-08-05T04:08:17.087228+00:00,128,128,
synthetic/TORN/TORN_synthetic_v3.0.0-ai-improvement_0081.jpg,TORN,synthetic,v3.0.0-ai-improvement,,2026-08-05T04:08:17.094385+00:00,128,128,
synthetic/TORN/TORN_synthetic_v3.0.0-ai-improvement_0082.jpg,TORN,synthetic,v3.0.0-ai-improvement,,2026-08-05T04:08:17.101374+00:00,128,128,
synthetic/TORN/TORN_synthetic_v3.0.0-ai-improvement_0083.jpg,TORN,synthetic,v3.0.0-ai-improvement,,2026-08-05T04:08:17.108680+00:00,128,128,
synthetic/TORN/TORN_synthetic_v3.0.0-ai-improvement_0084.jpg,TORN,synthetic,v3.0.0-ai-improvement,,2026-08-05T04:08:17.115272+00:00,128,128,
synthetic/TORN/TORN_synthetic_v3.0.0-ai-improvement_0085.jpg,TORN,synthetic,v3.0.0-ai-improvement,,2026-08-05T04:08:17.122190+00:00,128,128,
synthetic/TORN/TORN_synthetic_v3.0.0-ai-improvement_0086.jpg,TORN,synthetic,v3.0.0-ai-improvement,,2026-08-05T04:08:17.128356+00:00,128,128,
synthetic/TORN/TORN_synthetic_v3.0.0-ai-improvement_0087.jpg,TORN,synthetic,v3.0.0-ai-improvement,,2026-08-05T04:08:17.134519+00:00,128,128,
synthetic/TORN/TORN_synthetic_v3.0.0-ai-improvement_0088.jpg,TORN,synthetic,v3.0.0-ai-improvement,,2026-08-05T04:08:17.141311+00:00,128,128,
synthetic/TORN/TORN_synthetic_v3.0.0-ai-improvement_0089.jpg,TORN,synthetic,v3.0.0-ai-improvement,,2026-08-05T04:08:17.148978+00:00,128,128,
synthetic/TORN/TORN_synthetic_v3.0.0-ai-improvement_0090.jpg,TORN,synthetic,v3.0.0-ai-improvement,,2026-08-05T04:08:17.155748+00:00,128,128,
synthetic/TORN/TORN_synthetic_v3.0.0-ai-improvement_0091.jpg,TORN,synthetic,v3.0.0-ai-improvement,,2026-08-05T04:08:17.162756+00:00,128,128,
synthetic/TORN/TORN_synthetic_v3.0.0-ai-improvement_0092.jpg,TORN,synthetic,v3.0.0-ai-improvement,,2026-08-05T04:08:17.169983+00:00,128,128,
synthetic/TORN/TORN_synthetic_v3.0.0-ai-improvement_0093.jpg,TORN,synthetic,v3.0.0-ai-improvement,,2026-08-05T04:08:17.176970+00:00,128,128,
synthetic/TORN/TORN_synthetic_v3.0.0-ai-improvement_0094.jpg,TORN,synthetic,v3.0.0-ai-improvement,,2026-08-05T04:08:17.183502+00:00,128,128,
synthetic/TORN/TORN_synthetic_v3.0.0-ai-improvement_0095.jpg,TORN,synthetic,v3.0.0-ai-improvement,,2026-08-05T04:08:17.190311+00:00,128,128,
synthetic/TORN/TORN_synthetic_v3.0.0-ai-improvement_0096.jpg,TORN,synthetic,v3.0.0-ai-improvement,,2026-08-05T04:08:17.196480+00:00,128,128,
synthetic/TORN/TORN_synthetic_v3.0.0-ai-improvement_0097.jpg,TORN,synthetic,v3.0.0-ai-improvement,,2026-08-05T04:08:17.204082+00:00,128,128,
synthetic/TORN/TORN_synthetic_v3.0.0-ai-improvement_0098.jpg,TORN,synthetic,v3.0.0-ai-improvement,,2026-08-05T04:08:17.211188+00:00,128,128,
synthetic/TORN/TORN_synthetic_v3.0.0-ai-improvement_0099.jpg,TORN,synthetic,v3.0.0-ai-improvement,,2026-08-05T04:08:17.218161+00:00,128,128,
synthetic/TORN/TORN_synthetic_v3.0.0-ai-improvement_0100.jpg,TORN,synthetic,v3.0.0-ai-improvement,,2026-08-05T04:08:17.224973+00:00,128,128,
synthetic/TORN/TORN_synthetic_v3.0.0-ai-improvement_0101.jpg,TORN,synthetic,v3.0.0-ai-improvement,,2026-08-05T04:08:17.231323+00:00,128,128,
synthetic/TORN/TORN_synthetic_v3.0.0-ai-improvement_0102.jpg,TORN,synthetic,v3.0.0-ai-improvement,,2026-08-05T04:08:17.237817+00:00,128,128,
synthetic/TORN/TORN_synthetic_v3.0.0-ai-improvement_0103.jpg,TORN,synthetic,v3.0.0-ai-improvement,,2026-08-05T04:08:17.245083+00:00,128,128,
synthetic/TORN/TORN_synthetic_v3.0.0-ai-improvement_0104.jpg,TORN,synthetic,v3.0.0-ai-improvement,,2026-08-05T04:08:17.251149+00:00,128,128,
synthetic/TORN/TORN_synthetic_v3.0.0-ai-improvement_0105.jpg,TORN,synthetic,v3.0.0-ai-improvement,,2026-08-05T04:08:17.257617+00:00,128,128,
synthetic/TORN/TORN_synthetic_v3.0.0-ai-improvement_0106.jpg,TORN,synthetic,v3.0.0-ai-improvement,,2026-08-05T04:08:17.264888+00:00,128,128,
synthetic/TORN/TORN_synthetic_v3.0.0-ai-improvement_0107.jpg,TORN,synthetic,v3.0.0-ai-improvement,,2026-08-05T04:08:17.272166+00:00,128,128,
synthetic/TORN/TORN_synthetic_v3.0.0-ai-improvement_0108.jpg,TORN,synthetic,v3.0.0-ai-improvement,,2026-08-05T04:08:17.279337+00:00,128,128,
synthetic/TORN/TORN_synthetic_v3.0.0-ai-improvement_0109.jpg,TORN,synthetic,v3.0.0-ai-improvement,,2026-08-05T04:08:17.286122+00:00,128,128,
synthetic/TORN/TORN_synthetic_v3.0.0-ai-improvement_0110.jpg,TORN,synthetic,v3.0.0-ai-improvement,,2026-08-05T04:08:17.293394+00:00,128,128,
synthetic/TORN/TORN_synthetic_v3.0.0-ai-improvement_0111.jpg,TORN,synthetic,v3.0.0-ai-improvement,,2026-08-05T04:08:17.299813+00:00,128,128,
synthetic/TORN/TORN_synthetic_v3.0.0-ai-improvement_0112.jpg,TORN,synthetic,v3.0.0-ai-improvement,,2026-08-05T04:08:17.306450+00:00,128,128,
synthetic/TORN/TORN_synthetic_v3.0.0-ai-improvement_0113.jpg,TORN,synthetic,v3.0.0-ai-improvement,,2026-08-05T04:08:17.313026+00:00,128,128,
synthetic/TORN/TORN_synthetic_v3.0.0-ai-improvement_0114.jpg,TORN,synthetic,v3.0.0-ai-improvement,,2026-08-05T04:08:17.320024+00:00,128,128,
synthetic/TORN/TORN_synthetic_v3.0.0-ai-improvement_0115.jpg,TORN,synthetic,v3.0.0-ai-improvement,,2026-08-05T04:08:17.326072+00:00,128,128,
synthetic/TORN/TORN_synthetic_v3.0.0-ai-improvement_0116.jpg,TORN,synthetic,v3.0.0-ai-improvement,,2026-08-05T04:08:17.332949+00:00,128,128,
synthetic/TORN/TORN_synthetic_v3.0.0-ai-improvement_0117.jpg,TORN,synthetic,v3.0.0-ai-improvement,,2026-08-05T04:08:17.338978+00:00,128,128,
synthetic/TORN/TORN_synthetic_v3.0.0-ai-improvement_0118.jpg,TORN,synthetic,v3.0.0-ai-improvement,,2026-08-05T04:08:17.346173+00:00,128,128,
synthetic/TORN/TORN_synthetic_v3.0.0-ai-improvement_0119.jpg,TORN,synthetic,v3.0.0-ai-improvement,,2026-08-05T04:08:17.352094+00:00,128,128,
synthetic/TORN/TORN_synthetic_v3.0.0-ai-improvement_0120.jpg,TORN,synthetic,v3.0.0-ai-improvement,,2026-08-05T04:08:17.358431+00:00,128,128,
synthetic/TORN/TORN_synthetic_v3.0.0-ai-improvement_0121.jpg,TORN,synthetic,v3.0.0-ai-improvement,,2026-08-05T04:08:17.364649+00:00,128,128,
synthetic/TORN/TORN_synthetic_v3.0.0-ai-improvement_0122.jpg,TORN,synthetic,v3.0.0-ai-improvement,,2026-08-05T04:08:17.372041+00:00,128,128,
synthetic/TORN/TORN_synthetic_v3.0.0-ai-improvement_0123.jpg,TORN,synthetic,v3.0.0-ai-improvement,,2026-08-05T04:08:17.378204+00:00,128,128,
synthetic/TORN/TORN_synthetic_v3.0.0-ai-improvement_0124.jpg,TORN,synthetic,v3.0.0-ai-improvement,,2026-08-05T04:08:17.384476+00:00,128,128,
synthetic/TORN/TORN_synthetic_v3.0.0-ai-improvement_0125.jpg,TORN,synthetic,v3.0.0-ai-improvement,,2026-08-05T04:08:17.391661+00:00,128,128,
synthetic/TORN/TORN_synthetic_v3.0.0-ai-improvement_0126.jpg,TORN,synthetic,v3.0.0-ai-improvement,,2026-08-05T04:08:17.397294+00:00,128,128,
synthetic/TORN/TORN_synthetic_v3.0.0-ai-improvement_0127.jpg,TORN,synthetic,v3.0.0-ai-improvement,,2026-08-05T04:08:17.404171+00:00,128,128,
synthetic/TORN/TORN_synthetic_v3.0.0-ai-improvement_0128.jpg,TORN,synthetic,v3.0.0-ai-improvement,,2026-08-05T04:08:17.411285+00:00,128,128,
synthetic/TORN/TORN_synthetic_v3.0.0-ai-improvement_0129.jpg,TORN,synthetic,v3.0.0-ai-improvement,,2026-08-05T04:08:17.417737+00:00,128,128,
synthetic/TORN/TORN_synthetic_v3.0.0-ai-improvement_0130.jpg,TORN,synthetic,v3.0.0-ai-improvement,,2026-08-05T04:08:17.424042+00:00,128,128,
synthetic/TORN/TORN_synthetic_v3.0.0-ai-improvement_0131.jpg,TORN,synthetic,v3.0.0-ai-improvement,,2026-08-05T04:08:17.431079+00:00,128,128,
synthetic/TORN/TORN_synthetic_v3.0.0-ai-improvement_0132.jpg,TORN,synthetic,v3.0.0-ai-improvement,,2026-08-05T04:08:17.437606+00:00,128,128,
synthetic/TORN/TORN_synthetic_v3.0.0-ai-improvement_0133.jpg,TORN,synthetic,v3.0.0-ai-improvement,,2026-08-05T04:08:17.443642+00:00,128,128,
synthetic/TORN/TORN_synthetic_v3.0.0-ai-improvement_0134.jpg,TORN,synthetic,v3.0.0-ai-improvement,,2026-08-05T04:08:17.450334+00:00,128,128,
synthetic/TORN/TORN_synthetic_v3.0.0-ai-improvement_0135.jpg,TORN,synthetic,v3.0.0-ai-improvement,,2026-08-05T04:08:17.456893+00:00,128,128,
synthetic/TORN/TORN_synthetic_v3.0.0-ai-improvement_0136.jpg,TORN,synthetic,v3.0.0-ai-improvement,,2026-08-05T04:08:17.463832+00:00,128,128,
synthetic/TORN/TORN_synthetic_v3.0.0-ai-improvement_0137.jpg,TORN,synthetic,v3.0.0-ai-improvement,,2026-08-05T04:08:17.470248+00:00,128,128,
synthetic/TORN/TORN_synthetic_v3.0.0-ai-improvement_0138.jpg,TORN,synthetic,v3.0.0-ai-improvement,,2026-08-05T04:08:17.476893+00:00,128,128,
synthetic/TORN/TORN_synthetic_v3.0.0-ai-improvement_0139.jpg,TORN,synthetic,v3.0.0-ai-improvement,,2026-08-05T04:08:17.483692+00:00,128,128,
synthetic/TORN/TORN_synthetic_v3.0.0-ai-improvement_0140.jpg,TORN,synthetic,v3.0.0-ai-improvement,,2026-08-05T04:08:17.489647+00:00,128,128,
synthetic/TORN/TORN_synthetic_v3.0.0-ai-improvement_0141.jpg,TORN,synthetic,v3.0.0-ai-improvement,,2026-08-05T04:08:17.495776+00:00,128,128,
synthetic/TORN/TORN_synthetic_v3.0.0-ai-improvement_0142.jpg,TORN,synthetic,v3.0.0-ai-improvement,,2026-08-05T04:08:17.502998+00:00,128,128,
synthetic/TORN/TORN_synthetic_v3.0.0-ai-improvement_0143.jpg,TORN,synthetic,v3.0.0-ai-improvement,,2026-08-05T04:08:17.509592+00:00,128,128,
synthetic/TORN/TORN_synthetic_v3.0.0-ai-improvement_0144.jpg,TORN,synthetic,v3.0.0-ai-improvement,,2026-08-05T04:08:17.516345+00:00,128,128,
synthetic/TORN/TORN_synthetic_v3.0.0-ai-improvement_0145.jpg,TORN,synthetic,v3.0.0-ai-improvement,,2026-08-05T04:08:17.523505+00:00,128,128,
synthetic/TORN/TORN_synthetic_v3.0.0-ai-improvement_0146.jpg,TORN,synthetic,v3.0.0-ai-improvement,,2026-08-05T04:08:17.530291+00:00,128,128,
synthetic/TORN/TORN_synthetic_v3.0.0-ai-improvement_0147.jpg,TORN,synthetic,v3.0.0-ai-improvement,,2026-08-05T04:08:17.536335+00:00,128,128,
synthetic/TORN/TORN_synthetic_v3.0.0-ai-improvement_0148.jpg,TORN,synthetic,v3.0.0-ai-improvement,,2026-08-05T04:08:17.542321+00:00,128,128,
synthetic/TORN/TORN_synthetic_v3.0.0-ai-improvement_0149.jpg,TORN,synthetic,v3.0.0-ai-improvement,,2026-08-05T04:08:17.548868+00:00,128,128,
synthetic/TORN/TORN_synthetic_v3.0.0-ai-improvement_0150.jpg,TORN,synthetic,v3.0.0-ai-improvement,,2026-08-05T04:08:17.555121+00:00,128,128,
synthetic/TORN/TORN_synthetic_v3.0.0-ai-improvement_0151.jpg,TORN,synthetic,v3.0.0-ai-improvement,,2026-08-05T04:08:17.561436+00:00,128,128,
synthetic/TORN/TORN_synthetic_v3.0.0-ai-improvement_0152.jpg,TORN,synthetic,v3.0.0-ai-improvement,,2026-08-05T04:08:17.568687+00:00,128,128,
synthetic/TORN/TORN_synthetic_v3.0.0-ai-improvement_0153.jpg,TORN,synthetic,v3.0.0-ai-improvement,,2026-08-05T04:08:17.575018+00:00,128,128,
synthetic/TORN/TORN_synthetic_v3.0.0-ai-improvement_0154.jpg,TORN,synthetic,v3.0.0-ai-improvement,,2026-08-05T04:08:17.581774+00:00,128,128,
synthetic/TORN/TORN_synthetic_v3.0.0-ai-improvement_0155.jpg,TORN,synthetic,v3.0.0-ai-improvement,,2026-08-05T04:08:17.588010+00:00,128,128,
synthetic/TORN/TORN_synthetic_v3.0.0-ai-improvement_0156.jpg,TORN,synthetic,v3.0.0-ai-improvement,,2026-08-05T04:08:17.594391+00:00,128,128,
synthetic/TORN/TORN_synthetic_v3.0.0-ai-improvement_0157.jpg,TORN,synthetic,v3.0.0-ai-improvement,,2026-08-05T04:08:17.600207+00:00,128,128,
synthetic/TORN/TORN_synthetic_v3.0.0-ai-improvement_0158.jpg,TORN,synthetic,v3.0.0-ai-improvement,,2026-08-05T04:08:17.606664+00:00,128,128,
synthetic/TORN/TORN_synthetic_v3.0.0-ai-improvement_0159.jpg,TORN,synthetic,v3.0.0-ai-improvement,,2026-08-05T04:08:17.613020+00:00,128,128,
synthetic/TORN/TORN_synthetic_v3.0.0-ai-improvement_0160.jpg,TORN,synthetic,v3.0.0-ai-improvement,,2026-08-05T04:08:17.619453+00:00,128,128,
synthetic/TORN/TORN_synthetic_v3.0.0-ai-improvement_0161.jpg,TORN,synthetic,v3.0.0-ai-improvement,,2026-08-05T04:08:17.625732+00:00,128,128,
synthetic/TORN/TORN_synthetic_v3.0.0-ai-improvement_0162.jpg,TORN,synthetic,v3.0.0-ai-improvement,,2026-08-05T04:08:17.632637+00:00,128,128,
synthetic/TORN/TORN_synthetic_v3.0.0-ai-improvement_0163.jpg,TORN,synthetic,v3.0.0-ai-improvement,,2026-08-05T04:08:17.638571+00:00,128,128,
synthetic/TORN/TORN_synthetic_v3.0.0-ai-improvement_0164.jpg,TORN,synthetic,v3.0.0-ai-improvement,,2026-08-05T04:08:17.644330+00:00,128,128,
synthetic/TORN/TORN_synthetic_v3.0.0-ai-improvement_0165.jpg,TORN,synthetic,v3.0.0-ai-improvement,,2026-08-05T04:08:17.650217+00:00,128,128,
synthetic/TORN/TORN_synthetic_v3.0.0-ai-improvement_0166.jpg,TORN,synthetic,v3.0.0-ai-improvement,,2026-08-05T04:08:17.656605+00:00,128,128,
synthetic/TORN/TORN_synthetic_v3.0.0-ai-improvement_0167.jpg,TORN,synthetic,v3.0.0-ai-improvement,,2026-08-05T04:08:17.662691+00:00,128,128,
synthetic/TORN/TORN_synthetic_v3.0.0-ai-improvement_0168.jpg,TORN,synthetic,v3.0.0-ai-improvement,,2026-08-05T04:08:17.669087+00:00,128,128,
synthetic/TORN/TORN_synthetic_v3.0.0-ai-improvement_0169.jpg,TORN,synthetic,v3.0.0-ai-improvement,,2026-08-05T04:08:17.675868+00:00,128,128,
synthetic/TORN/TORN_synthetic_v3.0.0-ai-improvement_0170.jpg,TORN,synthetic,v3.0.0-ai-improvement,,2026-08-05T04:08:17.682051+00:00,128,128,
synthetic/TORN/TORN_synthetic_v3.0.0-ai-improvement_0171.jpg,TORN,synthetic,v3.0.0-ai-improvement,,2026-08-05T04:08:17.688146+00:00,128,128,
synthetic/TORN/TORN_synthetic_v3.0.0-ai-improvement_0172.jpg,TORN,synthetic,v3.0.0-ai-improvement,,2026-08-05T04:08:17.694124+00:00,128,128,
synthetic/TORN/TORN_synthetic_v3.0.0-ai-improvement_0173.jpg,TORN,synthetic,v3.0.0-ai-improvement,,2026-08-05T04:08:17.700868+00:00,128,128,
synthetic/TORN/TORN_synthetic_v3.0.0-ai-improvement_0174.jpg,TORN,synthetic,v3.0.0-ai-improvement,,2026-08-05T04:08:17.707696+00:00,128,128,
synthetic/TORN/TORN_synthetic_v3.0.0-ai-improvement_0175.jpg,TORN,synthetic,v3.0.0-ai-improvement,,2026-08-05T04:08:17.714125+00:00,128,128,
synthetic/TORN/TORN_synthetic_v3.0.0-ai-improvement_0176.jpg,TORN,synthetic,v3.0.0-ai-improvement,,2026-08-05T04:08:17.721022+00:00,128,128,
synthetic/TORN/TORN_synthetic_v3.0.0-ai-improvement_0177.jpg,TORN,synthetic,v3.0.0-ai-improvement,,2026-08-05T04:08:17.727092+00:00,128,128,
synthetic/TORN/TORN_synthetic_v3.0.0-ai-improvement_0178.jpg,TORN,synthetic,v3.0.0-ai-improvement,,2026-08-05T04:08:17.733557+00:00,128,128,
synthetic/TORN/TORN_synthetic_v3.0.0-ai-improvement_0179.jpg,TORN,synthetic,v3.0.0-ai-improvement,,2026-08-05T04:08:17.740232+00:00,128,128,
synthetic/TORN/TORN_synthetic_v3.0.0-ai-improvement_0180.jpg,TORN,synthetic,v3.0.0-ai-improvement,,2026-08-05T04:08:17.746244+00:00,128,128,
synthetic/TORN/TORN_synthetic_v3.0.0-ai-improvement_0181.jpg,TORN,synthetic,v3.0.0-ai-improvement,,2026-08-05T04:08:17.752773+00:00,128,128,
synthetic/TORN/TORN_synthetic_v3.0.0-ai-improvement_0182.jpg,TORN,synthetic,v3.0.0-ai-improvement,,2026-08-05T04:08:17.758841+00:00,128,128,
synthetic/TORN/TORN_synthetic_v3.0.0-ai-improvement_0183.jpg,TORN,synthetic,v3.0.0-ai-improvement,,2026-08-05T04:08:17.767278+00:00,128,128,
synthetic/TORN/TORN_synthetic_v3.0.0-ai-improvement_0184.jpg,TORN,synthetic,v3.0.0-ai-improvement,,2026-08-05T04:08:17.773854+00:00,128,128,
synthetic/TORN/TORN_synthetic_v3.0.0-ai-improvement_0185.jpg,TORN,synthetic,v3.0.0-ai-improvement,,2026-08-05T04:08:17.780340+00:00,128,128,
synthetic/TORN/TORN_synthetic_v3.0.0-ai-improvement_0186.jpg,TORN,synthetic,v3.0.0-ai-improvement,,2026-08-05T04:08:17.787130+00:00,128,128,
synthetic/TORN/TORN_synthetic_v3.0.0-ai-improvement_0187.jpg,TORN,synthetic,v3.0.0-ai-improvement,,2026-08-05T04:08:17.793763+00:00,128,128,
synthetic/TORN/TORN_synthetic_v3.0.0-ai-improvement_0188.jpg,TORN,synthetic,v3.0.0-ai-improvement,,2026-08-05T04:08:17.800306+00:00,128,128,
synthetic/TORN/TORN_synthetic_v3.0.0-ai-improvement_0189.jpg,TORN,synthetic,v3.0.0-ai-improvement,,2026-08-05T04:08:17.806684+00:00,128,128,
synthetic/TORN/TORN_synthetic_v3.0.0-ai-improvement_0190.jpg,TORN,synthetic,v3.0.0-ai-improvement,,2026-08-05T04:08:17.812996+00:00,128,128,
synthetic/TORN/TORN_synthetic_v3.0.0-ai-improvement_0191.jpg,TORN,synthetic,v3.0.0-ai-improvement,,2026-08-05T04:08:17.818844+00:00,128,128,
synthetic/TORN/TORN_synthetic_v3.0.0-ai-improvement_0192.jpg,TORN,synthetic,v3.0.0-ai-improvement,,2026-08-05T04:08:17.825450+00:00,128,128,
synthetic/TORN/TORN_synthetic_v3.0.0-ai-improvement_0193.jpg,TORN,synthetic,v3.0.0-ai-improvement,,2026-08-05T04:08:17.832559+00:00,128,128,
synthetic/TORN/TORN_synthetic_v3.0.0-ai-improvement_0194.jpg,TORN,synthetic,v3.0.0-ai-improvement,,2026-08-05T04:08:17.838800+00:00,128,128,
synthetic/TORN/TORN_synthetic_v3.0.0-ai-improvement_0195.jpg,TORN,synthetic,v3.0.0-ai-improvement,,2026-08-05T04:08:17.845544+00:00,128,128,
synthetic/TORN/TORN_synthetic_v3.0.0-ai-improvement_0196.jpg,TORN,synthetic,v3.0.0-ai-improvement,,2026-08-05T04:08:17.851677+00:00,128,128,
synthetic/TORN/TORN_synthetic_v3.0.0-ai-improvement_0197.jpg,TORN,synthetic,v3.0.0-ai-improvement,,2026-08-05T04:08:17.858456+00:00,128,128,
synthetic/TORN/TORN_synthetic_v3.0.0-ai-improvement_0198.jpg,TORN,synthetic,v3.0.0-ai-improvement,,2026-08-05T04:08:17.864798+00:00,128,128,
synthetic/TORN/TORN_synthetic_v3.0.0-ai-improvement_0199.jpg,TORN,synthetic,v3.0.0-ai-improvement,,2026-08-05T04:08:17.871321+00:00,128,128,
synthetic/TORN/TORN_synthetic_v3.0.0-ai-improvement_0200.jpg,TORN,synthetic,v3.0.0-ai-improvement,,2026-08-05T04:08:17.878479+00:00,128,128,
synthetic/TORN/TORN_synthetic_v3.0.0-ai-improvement_0201.jpg,TORN,synthetic,v3.0.0-ai-improvement,,2026-08-05T04:08:17.884983+00:00,128,128,
synthetic/TORN/TORN_synthetic_v3.0.0-ai-improvement_0202.jpg,TORN,synthetic,v3.0.0-ai-improvement,,2026-08-05T04:08:17.891585+00:00,128,128,
synthetic/TORN/TORN_synthetic_v3.0.0-ai-improvement_0203.jpg,TORN,synthetic,v3.0.0-ai-improvement,,2026-08-05T04:08:17.897995+00:00,128,128,
synthetic/TORN/TORN_synthetic_v3.0.0-ai-improvement_0204.jpg,TORN,synthetic,v3.0.0-ai-improvement,,2026-08-05T04:08:17.904975+00:00,128,128,
synthetic/TORN/TORN_synthetic_v3.0.0-ai-improvement_0205.jpg,TORN,synthetic,v3.0.0-ai-improvement,,2026-08-05T04:08:17.911302+00:00,128,128,
synthetic/TORN/TORN_synthetic_v3.0.0-ai-improvement_0206.jpg,TORN,synthetic,v3.0.0-ai-improvement,,2026-08-05T04:08:17.917336+00:00,128,128,
synthetic/TORN/TORN_synthetic_v3.0.0-ai-improvement_0207.jpg,TORN,synthetic,v3.0.0-ai-improvement,,2026-08-05T04:08:17.923493+00:00,128,128,
synthetic/TORN/TORN_synthetic_v3.0.0-ai-improvement_0208.jpg,TORN,synthetic,v3.0.0-ai-improvement,,2026-08-05T04:08:17.930427+00:00,128,128,
synthetic/TORN/TORN_synthetic_v3.0.0-ai-improvement_0209.jpg,TORN,synthetic,v3.0.0-ai-improvement,,2026-08-05T04:08:17.936916+00:00,128,128,
synthetic/TORN/TORN_synthetic_v3.0.0-ai-improvement_0210.jpg,TORN,synthetic,v3.0.0-ai-improvement,,2026-08-05T04:08:17.943057+00:00,128,128,
synthetic/TORN/TORN_synthetic_v3.0.0-ai-improvement_0211.jpg,TORN,synthetic,v3.0.0-ai-improvement,,2026-08-05T04:08:17.948861+00:00,128,128,
synthetic/TORN/TORN_synthetic_v3.0.0-ai-improvement_0212.jpg,TORN,synthetic,v3.0.0-ai-improvement,,2026-08-05T04:08:17.954950+00:00,128,128,
synthetic/TORN/TORN_synthetic_v3.0.0-ai-improvement_0213.jpg,TORN,synthetic,v3.0.0-ai-improvement,,2026-08-05T04:08:17.961261+00:00,128,128,
synthetic/OPENED/OPENED_synthetic_v3.0.0-ai-improvement_0000.jpg,OPENED,synthetic,v3.0.0-ai-improvement,,2026-08-05T04:08:17.967428+00:00,128,128,
synthetic/OPENED/OPENED_synthetic_v3.0.0-ai-improvement_0001.jpg,OPENED,synthetic,v3.0.0-ai-improvement,,2026-08-05T04:08:17.974212+00:00,128,128,
synthetic/OPENED/OPENED_synthetic_v3.0.0-ai-improvement_0002.jpg,OPENED,synthetic,v3.0.0-ai-improvement,,2026-08-05T04:08:17.980884+00:00,128,128,
synthetic/OPENED/OPENED_synthetic_v3.0.0-ai-improvement_0003.jpg,OPENED,synthetic,v3.0.0-ai-improvement,,2026-08-05T04:08:17.986695+00:00,128,128,
synthetic/OPENED/OPENED_synthetic_v3.0.0-ai-improvement_0004.jpg,OPENED,synthetic,v3.0.0-ai-improvement,,2026-08-05T04:08:17.992464+00:00,128,128,
synthetic/OPENED/OPENED_synthetic_v3.0.0-ai-improvement_0005.jpg,OPENED,synthetic,v3.0.0-ai-improvement,,2026-08-05T04:08:17.998862+00:00,128,128,
synthetic/OPENED/OPENED_synthetic_v3.0.0-ai-improvement_0006.jpg,OPENED,synthetic,v3.0.0-ai-improvement,,2026-08-05T04:08:18.005352+00:00,128,128,
synthetic/OPENED/OPENED_synthetic_v3.0.0-ai-improvement_0007.jpg,OPENED,synthetic,v3.0.0-ai-improvement,,2026-08-05T04:08:18.011818+00:00,128,128,
synthetic/OPENED/OPENED_synthetic_v3.0.0-ai-improvement_0008.jpg,OPENED,synthetic,v3.0.0-ai-improvement,,2026-08-05T04:08:18.018947+00:00,128,128,
synthetic/OPENED/OPENED_synthetic_v3.0.0-ai-improvement_0009.jpg,OPENED,synthetic,v3.0.0-ai-improvement,,2026-08-05T04:08:18.025312+00:00,128,128,
synthetic/OPENED/OPENED_synthetic_v3.0.0-ai-improvement_0010.jpg,OPENED,synthetic,v3.0.0-ai-improvement,,2026-08-05T04:08:18.032482+00:00,128,128,
synthetic/OPENED/OPENED_synthetic_v3.0.0-ai-improvement_0011.jpg,OPENED,synthetic,v3.0.0-ai-improvement,,2026-08-05T04:08:18.039101+00:00,128,128,
synthetic/OPENED/OPENED_synthetic_v3.0.0-ai-improvement_0012.jpg,OPENED,synthetic,v3.0.0-ai-improvement,,2026-08-05T04:08:18.045353+00:00,128,128,
synthetic/OPENED/OPENED_synthetic_v3.0.0-ai-improvement_0013.jpg,OPENED,synthetic,v3.0.0-ai-improvement,,2026-08-05T04:08:18.051586+00:00,128,128,
synthetic/OPENED/OPENED_synthetic_v3.0.0-ai-improvement_0014.jpg,OPENED,synthetic,v3.0.0-ai-improvement,,2026-08-05T04:08:18.057479+00:00,128,128,
synthetic/OPENED/OPENED_synthetic_v3.0.0-ai-improvement_0015.jpg,OPENED,synthetic,v3.0.0-ai-improvement,,2026-08-05T04:08:18.064156+00:00,128,128,
synthetic/OPENED/OPENED_synthetic_v3.0.0-ai-improvement_0016.jpg,OPENED,synthetic,v3.0.0-ai-improvement,,2026-08-05T04:08:18.070599+00:00,128,128,
synthetic/OPENED/OPENED_synthetic_v3.0.0-ai-improvement_0017.jpg,OPENED,synthetic,v3.0.0-ai-improvement,,2026-08-05T04:08:18.076750+00:00,128,128,
synthetic/OPENED/OPENED_synthetic_v3.0.0-ai-improvement_0018.jpg,OPENED,synthetic,v3.0.0-ai-improvement,,2026-08-05T04:08:18.084386+00:00,128,128,
synthetic/OPENED/OPENED_synthetic_v3.0.0-ai-improvement_0019.jpg,OPENED,synthetic,v3.0.0-ai-improvement,,2026-08-05T04:08:18.091153+00:00,128,128,
synthetic/OPENED/OPENED_synthetic_v3.0.0-ai-improvement_0020.jpg,OPENED,synthetic,v3.0.0-ai-improvement,,2026-08-05T04:08:18.097651+00:00,128,128,
synthetic/OPENED/OPENED_synthetic_v3.0.0-ai-improvement_0021.jpg,OPENED,synthetic,v3.0.0-ai-improvement,,2026-08-05T04:08:18.104286+00:00,128,128,
synthetic/OPENED/OPENED_synthetic_v3.0.0-ai-improvement_0022.jpg,OPENED,synthetic,v3.0.0-ai-improvement,,2026-08-05T04:08:18.110858+00:00,128,128,
synthetic/OPENED/OPENED_synthetic_v3.0.0-ai-improvement_0023.jpg,OPENED,synthetic,v3.0.0-ai-improvement,,2026-08-05T04:08:18.117701+00:00,128,128,
synthetic/OPENED/OPENED_synthetic_v3.0.0-ai-improvement_0024.jpg,OPENED,synthetic,v3.0.0-ai-improvement,,2026-08-05T04:08:18.124591+00:00,128,128,
synthetic/OPENED/OPENED_synthetic_v3.0.0-ai-improvement_0025.jpg,OPENED,synthetic,v3.0.0-ai-improvement,,2026-08-05T04:08:18.131078+00:00,128,128,
synthetic/OPENED/OPENED_synthetic_v3.0.0-ai-improvement_0026.jpg,OPENED,synthetic,v3.0.0-ai-improvement,,2026-08-05T04:08:18.137023+00:00,128,128,
synthetic/OPENED/OPENED_synthetic_v3.0.0-ai-improvement_0027.jpg,OPENED,synthetic,v3.0.0-ai-improvement,,2026-08-05T04:08:18.143679+00:00,128,128,
synthetic/OPENED/OPENED_synthetic_v3.0.0-ai-improvement_0028.jpg,OPENED,synthetic,v3.0.0-ai-improvement,,2026-08-05T04:08:18.150115+00:00,128,128,
synthetic/OPENED/OPENED_synthetic_v3.0.0-ai-improvement_0029.jpg,OPENED,synthetic,v3.0.0-ai-improvement,,2026-08-05T04:08:18.156987+00:00,128,128,
synthetic/OPENED/OPENED_synthetic_v3.0.0-ai-improvement_0030.jpg,OPENED,synthetic,v3.0.0-ai-improvement,,2026-08-05T04:08:18.163264+00:00,128,128,
synthetic/OPENED/OPENED_synthetic_v3.0.0-ai-improvement_0031.jpg,OPENED,synthetic,v3.0.0-ai-improvement,,2026-08-05T04:08:18.169012+00:00,128,128,
synthetic/OPENED/OPENED_synthetic_v3.0.0-ai-improvement_0032.jpg,OPENED,synthetic,v3.0.0-ai-improvement,,2026-08-05T04:08:18.176028+00:00,128,128,
synthetic/OPENED/OPENED_synthetic_v3.0.0-ai-improvement_0033.jpg,OPENED,synthetic,v3.0.0-ai-improvement,,2026-08-05T04:08:18.182600+00:00,128,128,
synthetic/OPENED/OPENED_synthetic_v3.0.0-ai-improvement_0034.jpg,OPENED,synthetic,v3.0.0-ai-improvement,,2026-08-05T04:08:18.189555+00:00,128,128,
synthetic/OPENED/OPENED_synthetic_v3.0.0-ai-improvement_0035.jpg,OPENED,synthetic,v3.0.0-ai-improvement,,2026-08-05T04:08:18.195591+00:00,128,128,
synthetic/OPENED/OPENED_synthetic_v3.0.0-ai-improvement_0036.jpg,OPENED,synthetic,v3.0.0-ai-improvement,,2026-08-05T04:08:18.201598+00:00,128,128,
synthetic/OPENED/OPENED_synthetic_v3.0.0-ai-improvement_0037.jpg,OPENED,synthetic,v3.0.0-ai-improvement,,2026-08-05T04:08:18.208014+00:00,128,128,
synthetic/OPENED/OPENED_synthetic_v3.0.0-ai-improvement_0038.jpg,OPENED,synthetic,v3.0.0-ai-improvement,,2026-08-05T04:08:18.214710+00:00,128,128,
synthetic/OPENED/OPENED_synthetic_v3.0.0-ai-improvement_0039.jpg,OPENED,synthetic,v3.0.0-ai-improvement,,2026-08-05T04:08:18.220911+00:00,128,128,
synthetic/OPENED/OPENED_synthetic_v3.0.0-ai-improvement_0040.jpg,OPENED,synthetic,v3.0.0-ai-improvement,,2026-08-05T04:08:18.227295+00:00,128,128,
synthetic/OPENED/OPENED_synthetic_v3.0.0-ai-improvement_0041.jpg,OPENED,synthetic,v3.0.0-ai-improvement,,2026-08-05T04:08:18.233825+00:00,128,128,
synthetic/OPENED/OPENED_synthetic_v3.0.0-ai-improvement_0042.jpg,OPENED,synthetic,v3.0.0-ai-improvement,,2026-08-05T04:08:18.239804+00:00,128,128,
synthetic/OPENED/OPENED_synthetic_v3.0.0-ai-improvement_0043.jpg,OPENED,synthetic,v3.0.0-ai-improvement,,2026-08-05T04:08:18.246559+00:00,128,128,
synthetic/OPENED/OPENED_synthetic_v3.0.0-ai-improvement_0044.jpg,OPENED,synthetic,v3.0.0-ai-improvement,,2026-08-05T04:08:18.252640+00:00,128,128,
synthetic/OPENED/OPENED_synthetic_v3.0.0-ai-improvement_0045.jpg,OPENED,synthetic,v3.0.0-ai-improvement,,2026-08-05T04:08:18.258591+00:00,128,128,
synthetic/OPENED/OPENED_synthetic_v3.0.0-ai-improvement_0046.jpg,OPENED,synthetic,v3.0.0-ai-improvement,,2026-08-05T04:08:18.266709+00:00,128,128,
synthetic/OPENED/OPENED_synthetic_v3.0.0-ai-improvement_0047.jpg,OPENED,synthetic,v3.0.0-ai-improvement,,2026-08-05T04:08:18.274318+00:00,128,128,
synthetic/OPENED/OPENED_synthetic_v3.0.0-ai-improvement_0048.jpg,OPENED,synthetic,v3.0.0-ai-improvement,,2026-08-05T04:08:18.283228+00:00,128,128,
synthetic/OPENED/OPENED_synthetic_v3.0.0-ai-improvement_0049.jpg,OPENED,synthetic,v3.0.0-ai-improvement,,2026-08-05T04:08:18.291971+00:00,128,128,
synthetic/OPENED/OPENED_synthetic_v3.0.0-ai-improvement_0050.jpg,OPENED,synthetic,v3.0.0-ai-improvement,,2026-08-05T04:08:18.301096+00:00,128,128,
synthetic/OPENED/OPENED_synthetic_v3.0.0-ai-improvement_0051.jpg,OPENED,synthetic,v3.0.0-ai-improvement,,2026-08-05T04:08:18.308627+00:00,128,128,
synthetic/OPENED/OPENED_synthetic_v3.0.0-ai-improvement_0052.jpg,OPENED,synthetic,v3.0.0-ai-improvement,,2026-08-05T04:08:18.316643+00:00,128,128,
synthetic/OPENED/OPENED_synthetic_v3.0.0-ai-improvement_0053.jpg,OPENED,synthetic,v3.0.0-ai-improvement,,2026-08-05T04:08:18.323708+00:00,128,128,
synthetic/OPENED/OPENED_synthetic_v3.0.0-ai-improvement_0054.jpg,OPENED,synthetic,v3.0.0-ai-improvement,,2026-08-05T04:08:18.330392+00:00,128,128,
synthetic/OPENED/OPENED_synthetic_v3.0.0-ai-improvement_0055.jpg,OPENED,synthetic,v3.0.0-ai-improvement,,2026-08-05T04:08:18.336974+00:00,128,128,
synthetic/OPENED/OPENED_synthetic_v3.0.0-ai-improvement_0056.jpg,OPENED,synthetic,v3.0.0-ai-improvement,,2026-08-05T04:08:18.344548+00:00,128,128,
synthetic/OPENED/OPENED_synthetic_v3.0.0-ai-improvement_0057.jpg,OPENED,synthetic,v3.0.0-ai-improvement,,2026-08-05T04:08:18.354350+00:00,128,128,
synthetic/OPENED/OPENED_synthetic_v3.0.0-ai-improvement_0058.jpg,OPENED,synthetic,v3.0.0-ai-improvement,,2026-08-05T04:08:18.363204+00:00,128,128,
synthetic/OPENED/OPENED_synthetic_v3.0.0-ai-improvement_0059.jpg,OPENED,synthetic,v3.0.0-ai-improvement,,2026-08-05T04:08:18.371668+00:00,128,128,
synthetic/OPENED/OPENED_synthetic_v3.0.0-ai-improvement_0060.jpg,OPENED,synthetic,v3.0.0-ai-improvement,,2026-08-05T04:08:18.378149+00:00,128,128,
synthetic/OPENED/OPENED_synthetic_v3.0.0-ai-improvement_0061.jpg,OPENED,synthetic,v3.0.0-ai-improvement,,2026-08-05T04:08:18.385052+00:00,128,128,
synthetic/OPENED/OPENED_synthetic_v3.0.0-ai-improvement_0062.jpg,OPENED,synthetic,v3.0.0-ai-improvement,,2026-08-05T04:08:18.391923+00:00,128,128,
synthetic/OPENED/OPENED_synthetic_v3.0.0-ai-improvement_0063.jpg,OPENED,synthetic,v3.0.0-ai-improvement,,2026-08-05T04:08:18.399258+00:00,128,128,
synthetic/OPENED/OPENED_synthetic_v3.0.0-ai-improvement_0064.jpg,OPENED,synthetic,v3.0.0-ai-improvement,,2026-08-05T04:08:18.406070+00:00,128,128,
synthetic/OPENED/OPENED_synthetic_v3.0.0-ai-improvement_0065.jpg,OPENED,synthetic,v3.0.0-ai-improvement,,2026-08-05T04:08:18.412351+00:00,128,128,
synthetic/OPENED/OPENED_synthetic_v3.0.0-ai-improvement_0066.jpg,OPENED,synthetic,v3.0.0-ai-improvement,,2026-08-05T04:08:18.419431+00:00,128,128,
synthetic/OPENED/OPENED_synthetic_v3.0.0-ai-improvement_0067.jpg,OPENED,synthetic,v3.0.0-ai-improvement,,2026-08-05T04:08:18.426272+00:00,128,128,
synthetic/OPENED/OPENED_synthetic_v3.0.0-ai-improvement_0068.jpg,OPENED,synthetic,v3.0.0-ai-improvement,,2026-08-05T04:08:18.434438+00:00,128,128,
synthetic/OPENED/OPENED_synthetic_v3.0.0-ai-improvement_0069.jpg,OPENED,synthetic,v3.0.0-ai-improvement,,2026-08-05T04:08:18.441101+00:00,128,128,
synthetic/OPENED/OPENED_synthetic_v3.0.0-ai-improvement_0070.jpg,OPENED,synthetic,v3.0.0-ai-improvement,,2026-08-05T04:08:18.448026+00:00,128,128,
synthetic/OPENED/OPENED_synthetic_v3.0.0-ai-improvement_0071.jpg,OPENED,synthetic,v3.0.0-ai-improvement,,2026-08-05T04:08:18.455726+00:00,128,128,
synthetic/OPENED/OPENED_synthetic_v3.0.0-ai-improvement_0072.jpg,OPENED,synthetic,v3.0.0-ai-improvement,,2026-08-05T04:08:18.462164+00:00,128,128,
synthetic/OPENED/OPENED_synthetic_v3.0.0-ai-improvement_0073.jpg,OPENED,synthetic,v3.0.0-ai-improvement,,2026-08-05T04:08:18.468149+00:00,128,128,
synthetic/OPENED/OPENED_synthetic_v3.0.0-ai-improvement_0074.jpg,OPENED,synthetic,v3.0.0-ai-improvement,,2026-08-05T04:08:18.474645+00:00,128,128,
synthetic/OPENED/OPENED_synthetic_v3.0.0-ai-improvement_0075.jpg,OPENED,synthetic,v3.0.0-ai-improvement,,2026-08-05T04:08:18.481033+00:00,128,128,
synthetic/OPENED/OPENED_synthetic_v3.0.0-ai-improvement_0076.jpg,OPENED,synthetic,v3.0.0-ai-improvement,,2026-08-05T04:08:18.487910+00:00,128,128,
synthetic/OPENED/OPENED_synthetic_v3.0.0-ai-improvement_0077.jpg,OPENED,synthetic,v3.0.0-ai-improvement,,2026-08-05T04:08:18.495730+00:00,128,128,
synthetic/OPENED/OPENED_synthetic_v3.0.0-ai-improvement_0078.jpg,OPENED,synthetic,v3.0.0-ai-improvement,,2026-08-05T04:08:18.504744+00:00,128,128,
synthetic/OPENED/OPENED_synthetic_v3.0.0-ai-improvement_0079.jpg,OPENED,synthetic,v3.0.0-ai-improvement,,2026-08-05T04:08:18.511194+00:00,128,128,
synthetic/OPENED/OPENED_synthetic_v3.0.0-ai-improvement_0080.jpg,OPENED,synthetic,v3.0.0-ai-improvement,,2026-08-05T04:08:18.518132+00:00,128,128,
synthetic/OPENED/OPENED_synthetic_v3.0.0-ai-improvement_0081.jpg,OPENED,synthetic,v3.0.0-ai-improvement,,2026-08-05T04:08:18.527113+00:00,128,128,
synthetic/OPENED/OPENED_synthetic_v3.0.0-ai-improvement_0082.jpg,OPENED,synthetic,v3.0.0-ai-improvement,,2026-08-05T04:08:18.534148+00:00,128,128,
synthetic/OPENED/OPENED_synthetic_v3.0.0-ai-improvement_0083.jpg,OPENED,synthetic,v3.0.0-ai-improvement,,2026-08-05T04:08:18.540665+00:00,128,128,
synthetic/OPENED/OPENED_synthetic_v3.0.0-ai-improvement_0084.jpg,OPENED,synthetic,v3.0.0-ai-improvement,,2026-08-05T04:08:18.547885+00:00,128,128,
synthetic/OPENED/OPENED_synthetic_v3.0.0-ai-improvement_0085.jpg,OPENED,synthetic,v3.0.0-ai-improvement,,2026-08-05T04:08:18.554575+00:00,128,128,
synthetic/OPENED/OPENED_synthetic_v3.0.0-ai-improvement_0086.jpg,OPENED,synthetic,v3.0.0-ai-improvement,,2026-08-05T04:08:18.562307+00:00,128,128,
synthetic/OPENED/OPENED_synthetic_v3.0.0-ai-improvement_0087.jpg,OPENED,synthetic,v3.0.0-ai-improvement,,2026-08-05T04:08:18.568106+00:00,128,128,
synthetic/OPENED/OPENED_synthetic_v3.0.0-ai-improvement_0088.jpg,OPENED,synthetic,v3.0.0-ai-improvement,,2026-08-05T04:08:18.574068+00:00,128,128,
synthetic/OPENED/OPENED_synthetic_v3.0.0-ai-improvement_0089.jpg,OPENED,synthetic,v3.0.0-ai-improvement,,2026-08-05T04:08:18.580426+00:00,128,128,
synthetic/OPENED/OPENED_synthetic_v3.0.0-ai-improvement_0090.jpg,OPENED,synthetic,v3.0.0-ai-improvement,,2026-08-05T04:08:18.587319+00:00,128,128,
synthetic/OPENED/OPENED_synthetic_v3.0.0-ai-improvement_0091.jpg,OPENED,synthetic,v3.0.0-ai-improvement,,2026-08-05T04:08:18.596284+00:00,128,128,
synthetic/OPENED/OPENED_synthetic_v3.0.0-ai-improvement_0092.jpg,OPENED,synthetic,v3.0.0-ai-improvement,,2026-08-05T04:08:18.606570+00:00,128,128,
synthetic/OPENED/OPENED_synthetic_v3.0.0-ai-improvement_0093.jpg,OPENED,synthetic,v3.0.0-ai-improvement,,2026-08-05T04:08:18.616191+00:00,128,128,
synthetic/OPENED/OPENED_synthetic_v3.0.0-ai-improvement_0094.jpg,OPENED,synthetic,v3.0.0-ai-improvement,,2026-08-05T04:08:18.625423+00:00,128,128,
synthetic/OPENED/OPENED_synthetic_v3.0.0-ai-improvement_0095.jpg,OPENED,synthetic,v3.0.0-ai-improvement,,2026-08-05T04:08:18.634250+00:00,128,128,
synthetic/OPENED/OPENED_synthetic_v3.0.0-ai-improvement_0096.jpg,OPENED,synthetic,v3.0.0-ai-improvement,,2026-08-05T04:08:18.643236+00:00,128,128,
synthetic/OPENED/OPENED_synthetic_v3.0.0-ai-improvement_0097.jpg,OPENED,synthetic,v3.0.0-ai-improvement,,2026-08-05T04:08:18.654567+00:00,128,128,
synthetic/OPENED/OPENED_synthetic_v3.0.0-ai-improvement_0098.jpg,OPENED,synthetic,v3.0.0-ai-improvement,,2026-08-05T04:08:18.662360+00:00,128,128,
synthetic/OPENED/OPENED_synthetic_v3.0.0-ai-improvement_0099.jpg,OPENED,synthetic,v3.0.0-ai-improvement,,2026-08-05T04:08:18.668810+00:00,128,128,
synthetic/OPENED/OPENED_synthetic_v3.0.0-ai-improvement_0100.jpg,OPENED,synthetic,v3.0.0-ai-improvement,,2026-08-05T04:08:18.675037+00:00,128,128,
synthetic/OPENED/OPENED_synthetic_v3.0.0-ai-improvement_0101.jpg,OPENED,synthetic,v3.0.0-ai-improvement,,2026-08-05T04:08:18.681528+00:00,128,128,
synthetic/OPENED/OPENED_synthetic_v3.0.0-ai-improvement_0102.jpg,OPENED,synthetic,v3.0.0-ai-improvement,,2026-08-05T04:08:18.687870+00:00,128,128,
synthetic/OPENED/OPENED_synthetic_v3.0.0-ai-improvement_0103.jpg,OPENED,synthetic,v3.0.0-ai-improvement,,2026-08-05T04:08:18.694809+00:00,128,128,
synthetic/OPENED/OPENED_synthetic_v3.0.0-ai-improvement_0104.jpg,OPENED,synthetic,v3.0.0-ai-improvement,,2026-08-05T04:08:18.700754+00:00,128,128,
synthetic/OPENED/OPENED_synthetic_v3.0.0-ai-improvement_0105.jpg,OPENED,synthetic,v3.0.0-ai-improvement,,2026-08-05T04:08:18.707008+00:00,128,128,
synthetic/OPENED/OPENED_synthetic_v3.0.0-ai-improvement_0106.jpg,OPENED,synthetic,v3.0.0-ai-improvement,,2026-08-05T04:08:18.713835+00:00,128,128,
synthetic/OPENED/OPENED_synthetic_v3.0.0-ai-improvement_0107.jpg,OPENED,synthetic,v3.0.0-ai-improvement,,2026-08-05T04:08:18.720671+00:00,128,128,
synthetic/OPENED/OPENED_synthetic_v3.0.0-ai-improvement_0108.jpg,OPENED,synthetic,v3.0.0-ai-improvement,,2026-08-05T04:08:18.727520+00:00,128,128,
synthetic/OPENED/OPENED_synthetic_v3.0.0-ai-improvement_0109.jpg,OPENED,synthetic,v3.0.0-ai-improvement,,2026-08-05T04:08:18.733638+00:00,128,128,
synthetic/OPENED/OPENED_synthetic_v3.0.0-ai-improvement_0110.jpg,OPENED,synthetic,v3.0.0-ai-improvement,,2026-08-05T04:08:18.740562+00:00,128,128,
synthetic/OPENED/OPENED_synthetic_v3.0.0-ai-improvement_0111.jpg,OPENED,synthetic,v3.0.0-ai-improvement,,2026-08-05T04:08:18.747119+00:00,128,128,
synthetic/OPENED/OPENED_synthetic_v3.0.0-ai-improvement_0112.jpg,OPENED,synthetic,v3.0.0-ai-improvement,,2026-08-05T04:08:18.753013+00:00,128,128,
synthetic/OPENED/OPENED_synthetic_v3.0.0-ai-improvement_0113.jpg,OPENED,synthetic,v3.0.0-ai-improvement,,2026-08-05T04:08:18.759849+00:00,128,128,
synthetic/OPENED/OPENED_synthetic_v3.0.0-ai-improvement_0114.jpg,OPENED,synthetic,v3.0.0-ai-improvement,,2026-08-05T04:08:18.766502+00:00,128,128,
synthetic/OPENED/OPENED_synthetic_v3.0.0-ai-improvement_0115.jpg,OPENED,synthetic,v3.0.0-ai-improvement,,2026-08-05T04:08:18.775672+00:00,128,128,
synthetic/OPENED/OPENED_synthetic_v3.0.0-ai-improvement_0116.jpg,OPENED,synthetic,v3.0.0-ai-improvement,,2026-08-05T04:08:18.782295+00:00,128,128,
synthetic/OPENED/OPENED_synthetic_v3.0.0-ai-improvement_0117.jpg,OPENED,synthetic,v3.0.0-ai-improvement,,2026-08-05T04:08:18.789477+00:00,128,128,
synthetic/OPENED/OPENED_synthetic_v3.0.0-ai-improvement_0118.jpg,OPENED,synthetic,v3.0.0-ai-improvement,,2026-08-05T04:08:18.795972+00:00,128,128,
synthetic/OPENED/OPENED_synthetic_v3.0.0-ai-improvement_0119.jpg,OPENED,synthetic,v3.0.0-ai-improvement,,2026-08-05T04:08:18.802955+00:00,128,128,
synthetic/OPENED/OPENED_synthetic_v3.0.0-ai-improvement_0120.jpg,OPENED,synthetic,v3.0.0-ai-improvement,,2026-08-05T04:08:18.809392+00:00,128,128,
synthetic/OPENED/OPENED_synthetic_v3.0.0-ai-improvement_0121.jpg,OPENED,synthetic,v3.0.0-ai-improvement,,2026-08-05T04:08:18.816289+00:00,128,128,
synthetic/OPENED/OPENED_synthetic_v3.0.0-ai-improvement_0122.jpg,OPENED,synthetic,v3.0.0-ai-improvement,,2026-08-05T04:08:18.821998+00:00,128,128,
synthetic/OPENED/OPENED_synthetic_v3.0.0-ai-improvement_0123.jpg,OPENED,synthetic,v3.0.0-ai-improvement,,2026-08-05T04:08:18.828562+00:00,128,128,
synthetic/OPENED/OPENED_synthetic_v3.0.0-ai-improvement_0124.jpg,OPENED,synthetic,v3.0.0-ai-improvement,,2026-08-05T04:08:18.835011+00:00,128,128,
synthetic/OPENED/OPENED_synthetic_v3.0.0-ai-improvement_0125.jpg,OPENED,synthetic,v3.0.0-ai-improvement,,2026-08-05T04:08:18.841697+00:00,128,128,
synthetic/OPENED/OPENED_synthetic_v3.0.0-ai-improvement_0126.jpg,OPENED,synthetic,v3.0.0-ai-improvement,,2026-08-05T04:08:18.847843+00:00,128,128,
synthetic/OPENED/OPENED_synthetic_v3.0.0-ai-improvement_0127.jpg,OPENED,synthetic,v3.0.0-ai-improvement,,2026-08-05T04:08:18.854307+00:00,128,128,
synthetic/OPENED/OPENED_synthetic_v3.0.0-ai-improvement_0128.jpg,OPENED,synthetic,v3.0.0-ai-improvement,,2026-08-05T04:08:18.861620+00:00,128,128,
synthetic/OPENED/OPENED_synthetic_v3.0.0-ai-improvement_0129.jpg,OPENED,synthetic,v3.0.0-ai-improvement,,2026-08-05T04:08:18.868827+00:00,128,128,
synthetic/OPENED/OPENED_synthetic_v3.0.0-ai-improvement_0130.jpg,OPENED,synthetic,v3.0.0-ai-improvement,,2026-08-05T04:08:18.875083+00:00,128,128,
synthetic/OPENED/OPENED_synthetic_v3.0.0-ai-improvement_0131.jpg,OPENED,synthetic,v3.0.0-ai-improvement,,2026-08-05T04:08:18.881899+00:00,128,128,
synthetic/OPENED/OPENED_synthetic_v3.0.0-ai-improvement_0132.jpg,OPENED,synthetic,v3.0.0-ai-improvement,,2026-08-05T04:08:18.888718+00:00,128,128,
synthetic/OPENED/OPENED_synthetic_v3.0.0-ai-improvement_0133.jpg,OPENED,synthetic,v3.0.0-ai-improvement,,2026-08-05T04:08:18.895501+00:00,128,128,
synthetic/OPENED/OPENED_synthetic_v3.0.0-ai-improvement_0134.jpg,OPENED,synthetic,v3.0.0-ai-improvement,,2026-08-05T04:08:18.901903+00:00,128,128,
synthetic/OPENED/OPENED_synthetic_v3.0.0-ai-improvement_0135.jpg,OPENED,synthetic,v3.0.0-ai-improvement,,2026-08-05T04:08:18.907878+00:00,128,128,
synthetic/OPENED/OPENED_synthetic_v3.0.0-ai-improvement_0136.jpg,OPENED,synthetic,v3.0.0-ai-improvement,,2026-08-05T04:08:18.914476+00:00,128,128,
synthetic/OPENED/OPENED_synthetic_v3.0.0-ai-improvement_0137.jpg,OPENED,synthetic,v3.0.0-ai-improvement,,2026-08-05T04:08:18.921411+00:00,128,128,
synthetic/OPENED/OPENED_synthetic_v3.0.0-ai-improvement_0138.jpg,OPENED,synthetic,v3.0.0-ai-improvement,,2026-08-05T04:08:18.927829+00:00,128,128,
synthetic/OPENED/OPENED_synthetic_v3.0.0-ai-improvement_0139.jpg,OPENED,synthetic,v3.0.0-ai-improvement,,2026-08-05T04:08:18.934508+00:00,128,128,
synthetic/OPENED/OPENED_synthetic_v3.0.0-ai-improvement_0140.jpg,OPENED,synthetic,v3.0.0-ai-improvement,,2026-08-05T04:08:18.940644+00:00,128,128,
synthetic/OPENED/OPENED_synthetic_v3.0.0-ai-improvement_0141.jpg,OPENED,synthetic,v3.0.0-ai-improvement,,2026-08-05T04:08:18.947471+00:00,128,128,
synthetic/OPENED/OPENED_synthetic_v3.0.0-ai-improvement_0142.jpg,OPENED,synthetic,v3.0.0-ai-improvement,,2026-08-05T04:08:18.954102+00:00,128,128,
synthetic/OPENED/OPENED_synthetic_v3.0.0-ai-improvement_0143.jpg,OPENED,synthetic,v3.0.0-ai-improvement,,2026-08-05T04:08:18.960974+00:00,128,128,
synthetic/OPENED/OPENED_synthetic_v3.0.0-ai-improvement_0144.jpg,OPENED,synthetic,v3.0.0-ai-improvement,,2026-08-05T04:08:18.967698+00:00,128,128,
synthetic/OPENED/OPENED_synthetic_v3.0.0-ai-improvement_0145.jpg,OPENED,synthetic,v3.0.0-ai-improvement,,2026-08-05T04:08:18.973793+00:00,128,128,
synthetic/OPENED/OPENED_synthetic_v3.0.0-ai-improvement_0146.jpg,OPENED,synthetic,v3.0.0-ai-improvement,,2026-08-05T04:08:18.980772+00:00,128,128,
synthetic/OPENED/OPENED_synthetic_v3.0.0-ai-improvement_0147.jpg,OPENED,synthetic,v3.0.0-ai-improvement,,2026-08-05T04:08:18.986869+00:00,128,128,
synthetic/OPENED/OPENED_synthetic_v3.0.0-ai-improvement_0148.jpg,OPENED,synthetic,v3.0.0-ai-improvement,,2026-08-05T04:08:18.993380+00:00,128,128,
synthetic/OPENED/OPENED_synthetic_v3.0.0-ai-improvement_0149.jpg,OPENED,synthetic,v3.0.0-ai-improvement,,2026-08-05T04:08:19.000292+00:00,128,128,
synthetic/OPENED/OPENED_synthetic_v3.0.0-ai-improvement_0150.jpg,OPENED,synthetic,v3.0.0-ai-improvement,,2026-08-05T04:08:19.006536+00:00,128,128,
synthetic/OPENED/OPENED_synthetic_v3.0.0-ai-improvement_0151.jpg,OPENED,synthetic,v3.0.0-ai-improvement,,2026-08-05T04:08:19.013155+00:00,128,128,
synthetic/OPENED/OPENED_synthetic_v3.0.0-ai-improvement_0152.jpg,OPENED,synthetic,v3.0.0-ai-improvement,,2026-08-05T04:08:19.019867+00:00,128,128,
synthetic/OPENED/OPENED_synthetic_v3.0.0-ai-improvement_0153.jpg,OPENED,synthetic,v3.0.0-ai-improvement,,2026-08-05T04:08:19.025859+00:00,128,128,
synthetic/OPENED/OPENED_synthetic_v3.0.0-ai-improvement_0154.jpg,OPENED,synthetic,v3.0.0-ai-improvement,,2026-08-05T04:08:19.032221+00:00,128,128,
synthetic/OPENED/OPENED_synthetic_v3.0.0-ai-improvement_0155.jpg,OPENED,synthetic,v3.0.0-ai-improvement,,2026-08-05T04:08:19.038511+00:00,128,128,
synthetic/OPENED/OPENED_synthetic_v3.0.0-ai-improvement_0156.jpg,OPENED,synthetic,v3.0.0-ai-improvement,,2026-08-05T04:08:19.044752+00:00,128,128,
synthetic/OPENED/OPENED_synthetic_v3.0.0-ai-improvement_0157.jpg,OPENED,synthetic,v3.0.0-ai-improvement,,2026-08-05T04:08:19.051396+00:00,128,128,
synthetic/OPENED/OPENED_synthetic_v3.0.0-ai-improvement_0158.jpg,OPENED,synthetic,v3.0.0-ai-improvement,,2026-08-05T04:08:19.057665+00:00,128,128,
synthetic/OPENED/OPENED_synthetic_v3.0.0-ai-improvement_0159.jpg,OPENED,synthetic,v3.0.0-ai-improvement,,2026-08-05T04:08:19.064202+00:00,128,128,
synthetic/OPENED/OPENED_synthetic_v3.0.0-ai-improvement_0160.jpg,OPENED,synthetic,v3.0.0-ai-improvement,,2026-08-05T04:08:19.070943+00:00,128,128,
synthetic/OPENED/OPENED_synthetic_v3.0.0-ai-improvement_0161.jpg,OPENED,synthetic,v3.0.0-ai-improvement,,2026-08-05T04:08:19.077237+00:00,128,128,
synthetic/OPENED/OPENED_synthetic_v3.0.0-ai-improvement_0162.jpg,OPENED,synthetic,v3.0.0-ai-improvement,,2026-08-05T04:08:19.084116+00:00,128,128,
synthetic/OPENED/OPENED_synthetic_v3.0.0-ai-improvement_0163.jpg,OPENED,synthetic,v3.0.0-ai-improvement,,2026-08-05T04:08:19.090592+00:00,128,128,
synthetic/OPENED/OPENED_synthetic_v3.0.0-ai-improvement_0164.jpg,OPENED,synthetic,v3.0.0-ai-improvement,,2026-08-05T04:08:19.097121+00:00,128,128,
synthetic/OPENED/OPENED_synthetic_v3.0.0-ai-improvement_0165.jpg,OPENED,synthetic,v3.0.0-ai-improvement,,2026-08-05T04:08:19.103246+00:00,128,128,
synthetic/OPENED/OPENED_synthetic_v3.0.0-ai-improvement_0166.jpg,OPENED,synthetic,v3.0.0-ai-improvement,,2026-08-05T04:08:19.110114+00:00,128,128,
synthetic/OPENED/OPENED_synthetic_v3.0.0-ai-improvement_0167.jpg,OPENED,synthetic,v3.0.0-ai-improvement,,2026-08-05T04:08:19.116790+00:00,128,128,
synthetic/OPENED/OPENED_synthetic_v3.0.0-ai-improvement_0168.jpg,OPENED,synthetic,v3.0.0-ai-improvement,,2026-08-05T04:08:19.122952+00:00,128,128,
synthetic/OPENED/OPENED_synthetic_v3.0.0-ai-improvement_0169.jpg,OPENED,synthetic,v3.0.0-ai-improvement,,2026-08-05T04:08:19.129481+00:00,128,128,
synthetic/OPENED/OPENED_synthetic_v3.0.0-ai-improvement_0170.jpg,OPENED,synthetic,v3.0.0-ai-improvement,,2026-08-05T04:08:19.136582+00:00,128,128,
synthetic/OPENED/OPENED_synthetic_v3.0.0-ai-improvement_0171.jpg,OPENED,synthetic,v3.0.0-ai-improvement,,2026-08-05T04:08:19.143297+00:00,128,128,
synthetic/OPENED/OPENED_synthetic_v3.0.0-ai-improvement_0172.jpg,OPENED,synthetic,v3.0.0-ai-improvement,,2026-08-05T04:08:19.149251+00:00,128,128,
synthetic/OPENED/OPENED_synthetic_v3.0.0-ai-improvement_0173.jpg,OPENED,synthetic,v3.0.0-ai-improvement,,2026-08-05T04:08:19.156025+00:00,128,128,
synthetic/OPENED/OPENED_synthetic_v3.0.0-ai-improvement_0174.jpg,OPENED,synthetic,v3.0.0-ai-improvement,,2026-08-05T04:08:19.162612+00:00,128,128,
synthetic/OPENED/OPENED_synthetic_v3.0.0-ai-improvement_0175.jpg,OPENED,synthetic,v3.0.0-ai-improvement,,2026-08-05T04:08:19.169290+00:00,128,128,
synthetic/OPENED/OPENED_synthetic_v3.0.0-ai-improvement_0176.jpg,OPENED,synthetic,v3.0.0-ai-improvement,,2026-08-05T04:08:19.175441+00:00,128,128,
synthetic/OPENED/OPENED_synthetic_v3.0.0-ai-improvement_0177.jpg,OPENED,synthetic,v3.0.0-ai-improvement,,2026-08-05T04:08:19.182162+00:00,128,128,
synthetic/OPENED/OPENED_synthetic_v3.0.0-ai-improvement_0178.jpg,OPENED,synthetic,v3.0.0-ai-improvement,,2026-08-05T04:08:19.188886+00:00,128,128,
synthetic/OPENED/OPENED_synthetic_v3.0.0-ai-improvement_0179.jpg,OPENED,synthetic,v3.0.0-ai-improvement,,2026-08-05T04:08:19.194772+00:00,128,128,
synthetic/OPENED/OPENED_synthetic_v3.0.0-ai-improvement_0180.jpg,OPENED,synthetic,v3.0.0-ai-improvement,,2026-08-05T04:08:19.201284+00:00,128,128,
synthetic/OPENED/OPENED_synthetic_v3.0.0-ai-improvement_0181.jpg,OPENED,synthetic,v3.0.0-ai-improvement,,2026-08-05T04:08:19.207783+00:00,128,128,
synthetic/OPENED/OPENED_synthetic_v3.0.0-ai-improvement_0182.jpg,OPENED,synthetic,v3.0.0-ai-improvement,,2026-08-05T04:08:19.214826+00:00,128,128,
synthetic/OPENED/OPENED_synthetic_v3.0.0-ai-improvement_0183.jpg,OPENED,synthetic,v3.0.0-ai-improvement,,2026-08-05T04:08:19.221046+00:00,128,128,
synthetic/OPENED/OPENED_synthetic_v3.0.0-ai-improvement_0184.jpg,OPENED,synthetic,v3.0.0-ai-improvement,,2026-08-05T04:08:19.227267+00:00,128,128,
synthetic/OPENED/OPENED_synthetic_v3.0.0-ai-improvement_0185.jpg,OPENED,synthetic,v3.0.0-ai-improvement,,2026-08-05T04:08:19.233614+00:00,128,128,
synthetic/OPENED/OPENED_synthetic_v3.0.0-ai-improvement_0186.jpg,OPENED,synthetic,v3.0.0-ai-improvement,,2026-08-05T04:08:19.240386+00:00,128,128,
synthetic/OPENED/OPENED_synthetic_v3.0.0-ai-improvement_0187.jpg,OPENED,synthetic,v3.0.0-ai-improvement,,2026-08-05T04:08:19.246368+00:00,128,128,
synthetic/OPENED/OPENED_synthetic_v3.0.0-ai-improvement_0188.jpg,OPENED,synthetic,v3.0.0-ai-improvement,,2026-08-05T04:08:19.253474+00:00,128,128,
synthetic/OPENED/OPENED_synthetic_v3.0.0-ai-improvement_0189.jpg,OPENED,synthetic,v3.0.0-ai-improvement,,2026-08-05T04:08:19.259773+00:00,128,128,
synthetic/OPENED/OPENED_synthetic_v3.0.0-ai-improvement_0190.jpg,OPENED,synthetic,v3.0.0-ai-improvement,,2026-08-05T04:08:19.266647+00:00,128,128,
synthetic/OPENED/OPENED_synthetic_v3.0.0-ai-improvement_0191.jpg,OPENED,synthetic,v3.0.0-ai-improvement,,2026-08-05T04:08:19.273372+00:00,128,128,
synthetic/OPENED/OPENED_synthetic_v3.0.0-ai-improvement_0192.jpg,OPENED,synthetic,v3.0.0-ai-improvement,,2026-08-05T04:08:19.279717+00:00,128,128,
synthetic/OPENED/OPENED_synthetic_v3.0.0-ai-improvement_0193.jpg,OPENED,synthetic,v3.0.0-ai-improvement,,2026-08-05T04:08:19.285977+00:00,128,128,
synthetic/OPENED/OPENED_synthetic_v3.0.0-ai-improvement_0194.jpg,OPENED,synthetic,v3.0.0-ai-improvement,,2026-08-05T04:08:19.293322+00:00,128,128,
synthetic/OPENED/OPENED_synthetic_v3.0.0-ai-improvement_0195.jpg,OPENED,synthetic,v3.0.0-ai-improvement,,2026-08-05T04:08:19.298852+00:00,128,128,
synthetic/OPENED/OPENED_synthetic_v3.0.0-ai-improvement_0196.jpg,OPENED,synthetic,v3.0.0-ai-improvement,,2026-08-05T04:08:19.305504+00:00,128,128,
synthetic/OPENED/OPENED_synthetic_v3.0.0-ai-improvement_0197.jpg,OPENED,synthetic,v3.0.0-ai-improvement,,2026-08-05T04:08:19.311705+00:00,128,128,
synthetic/OPENED/OPENED_synthetic_v3.0.0-ai-improvement_0198.jpg,OPENED,synthetic,v3.0.0-ai-improvement,,2026-08-05T04:08:19.318071+00:00,128,128,
synthetic/OPENED/OPENED_synthetic_v3.0.0-ai-improvement_0199.jpg,OPENED,synthetic,v3.0.0-ai-improvement,,2026-08-05T04:08:19.324721+00:00,128,128,
synthetic/OPENED/OPENED_synthetic_v3.0.0-ai-improvement_0200.jpg,OPENED,synthetic,v3.0.0-ai-improvement,,2026-08-05T04:08:19.333039+00:00,128,128,
synthetic/OPENED/OPENED_synthetic_v3.0.0-ai-improvement_0201.jpg,OPENED,synthetic,v3.0.0-ai-improvement,,2026-08-05T04:08:19.339074+00:00,128,128,
synthetic/OPENED/OPENED_synthetic_v3.0.0-ai-improvement_0202.jpg,OPENED,synthetic,v3.0.0-ai-improvement,,2026-08-05T04:08:19.345361+00:00,128,128,
synthetic/OPENED/OPENED_synthetic_v3.0.0-ai-improvement_0203.jpg,OPENED,synthetic,v3.0.0-ai-improvement,,2026-08-05T04:08:19.352337+00:00,128,128,
synthetic/OPENED/OPENED_synthetic_v3.0.0-ai-improvement_0204.jpg,OPENED,synthetic,v3.0.0-ai-improvement,,2026-08-05T04:08:19.358516+00:00,128,128,
synthetic/OPENED/OPENED_synthetic_v3.0.0-ai-improvement_0205.jpg,OPENED,synthetic,v3.0.0-ai-improvement,,2026-08-05T04:08:19.364771+00:00,128,128,
synthetic/OPENED/OPENED_synthetic_v3.0.0-ai-improvement_0206.jpg,OPENED,synthetic,v3.0.0-ai-improvement,,2026-08-05T04:08:19.371202+00:00,128,128,
synthetic/OPENED/OPENED_synthetic_v3.0.0-ai-improvement_0207.jpg,OPENED,synthetic,v3.0.0-ai-improvement,,2026-08-05T04:08:19.377816+00:00,128,128,
synthetic/OPENED/OPENED_synthetic_v3.0.0-ai-improvement_0208.jpg,OPENED,synthetic,v3.0.0-ai-improvement,,2026-08-05T04:08:19.383860+00:00,128,128,
synthetic/OPENED/OPENED_synthetic_v3.0.0-ai-improvement_0209.jpg,OPENED,synthetic,v3.0.0-ai-improvement,,2026-08-05T04:08:19.390140+00:00,128,128,
synthetic/OPENED/OPENED_synthetic_v3.0.0-ai-improvement_0210.jpg,OPENED,synthetic,v3.0.0-ai-improvement,,2026-08-05T04:08:19.396877+00:00,128,128,
synthetic/OPENED/OPENED_synthetic_v3.0.0-ai-improvement_0211.jpg,OPENED,synthetic,v3.0.0-ai-improvement,,2026-08-05T04:08:19.403328+00:00,128,128,
synthetic/OPENED/OPENED_synthetic_v3.0.0-ai-improvement_0212.jpg,OPENED,synthetic,v3.0.0-ai-improvement,,2026-08-05T04:08:19.409209+00:00,128,128,
synthetic/OPENED/OPENED_synthetic_v3.0.0-ai-improvement_0213.jpg,OPENED,synthetic,v3.0.0-ai-improvement,,2026-08-05T04:08:19.416280+00:00,128,128,
synthetic/CRUSHED/CRUSHED_synthetic_v3.0.0-ai-improvement_0000.jpg,CRUSHED,synthetic,v3.0.0-ai-improvement,,2026-08-05T04:08:19.423575+00:00,128,128,
synthetic/CRUSHED/CRUSHED_synthetic_v3.0.0-ai-improvement_0001.jpg,CRUSHED,synthetic,v3.0.0-ai-improvement,,2026-08-05T04:08:19.429674+00:00,128,128,
synthetic/CRUSHED/CRUSHED_synthetic_v3.0.0-ai-improvement_0002.jpg,CRUSHED,synthetic,v3.0.0-ai-improvement,,2026-08-05T04:08:19.436594+00:00,128,128,
synthetic/CRUSHED/CRUSHED_synthetic_v3.0.0-ai-improvement_0003.jpg,CRUSHED,synthetic,v3.0.0-ai-improvement,,2026-08-05T04:08:19.443205+00:00,128,128,
synthetic/CRUSHED/CRUSHED_synthetic_v3.0.0-ai-improvement_0004.jpg,CRUSHED,synthetic,v3.0.0-ai-improvement,,2026-08-05T04:08:19.449756+00:00,128,128,
synthetic/CRUSHED/CRUSHED_synthetic_v3.0.0-ai-improvement_0005.jpg,CRUSHED,synthetic,v3.0.0-ai-improvement,,2026-08-05T04:08:19.456178+00:00,128,128,
synthetic/CRUSHED/CRUSHED_synthetic_v3.0.0-ai-improvement_0006.jpg,CRUSHED,synthetic,v3.0.0-ai-improvement,,2026-08-05T04:08:19.462137+00:00,128,128,
synthetic/CRUSHED/CRUSHED_synthetic_v3.0.0-ai-improvement_0007.jpg,CRUSHED,synthetic,v3.0.0-ai-improvement,,2026-08-05T04:08:19.468813+00:00,128,128,
synthetic/CRUSHED/CRUSHED_synthetic_v3.0.0-ai-improvement_0008.jpg,CRUSHED,synthetic,v3.0.0-ai-improvement,,2026-08-05T04:08:19.474862+00:00,128,128,
synthetic/CRUSHED/CRUSHED_synthetic_v3.0.0-ai-improvement_0009.jpg,CRUSHED,synthetic,v3.0.0-ai-improvement,,2026-08-05T04:08:19.481945+00:00,128,128,
synthetic/CRUSHED/CRUSHED_synthetic_v3.0.0-ai-improvement_0010.jpg,CRUSHED,synthetic,v3.0.0-ai-improvement,,2026-08-05T04:08:19.488973+00:00,128,128,
synthetic/CRUSHED/CRUSHED_synthetic_v3.0.0-ai-improvement_0011.jpg,CRUSHED,synthetic,v3.0.0-ai-improvement,,2026-08-05T04:08:19.496471+00:00,128,128,
synthetic/CRUSHED/CRUSHED_synthetic_v3.0.0-ai-improvement_0012.jpg,CRUSHED,synthetic,v3.0.0-ai-improvement,,2026-08-05T04:08:19.503206+00:00,128,128,
synthetic/CRUSHED/CRUSHED_synthetic_v3.0.0-ai-improvement_0013.jpg,CRUSHED,synthetic,v3.0.0-ai-improvement,,2026-08-05T04:08:19.510190+00:00,128,128,
synthetic/CRUSHED/CRUSHED_synthetic_v3.0.0-ai-improvement_0014.jpg,CRUSHED,synthetic,v3.0.0-ai-improvement,,2026-08-05T04:08:19.517000+00:00,128,128,
synthetic/CRUSHED/CRUSHED_synthetic_v3.0.0-ai-improvement_0015.jpg,CRUSHED,synthetic,v3.0.0-ai-improvement,,2026-08-05T04:08:19.523239+00:00,128,128,
synthetic/CRUSHED/CRUSHED_synthetic_v3.0.0-ai-improvement_0016.jpg,CRUSHED,synthetic,v3.0.0-ai-improvement,,2026-08-05T04:08:19.529804+00:00,128,128,
synthetic/CRUSHED/CRUSHED_synthetic_v3.0.0-ai-improvement_0017.jpg,CRUSHED,synthetic,v3.0.0-ai-improvement,,2026-08-05T04:08:19.536672+00:00,128,128,
synthetic/CRUSHED/CRUSHED_synthetic_v3.0.0-ai-improvement_0018.jpg,CRUSHED,synthetic,v3.0.0-ai-improvement,,2026-08-05T04:08:19.543825+00:00,128,128,
synthetic/CRUSHED/CRUSHED_synthetic_v3.0.0-ai-improvement_0019.jpg,CRUSHED,synthetic,v3.0.0-ai-improvement,,2026-08-05T04:08:19.550343+00:00,128,128,
synthetic/CRUSHED/CRUSHED_synthetic_v3.0.0-ai-improvement_0020.jpg,CRUSHED,synthetic,v3.0.0-ai-improvement,,2026-08-05T04:08:19.557556+00:00,128,128,
synthetic/CRUSHED/CRUSHED_synthetic_v3.0.0-ai-improvement_0021.jpg,CRUSHED,synthetic,v3.0.0-ai-improvement,,2026-08-05T04:08:19.563908+00:00,128,128,
synthetic/CRUSHED/CRUSHED_synthetic_v3.0.0-ai-improvement_0022.jpg,CRUSHED,synthetic,v3.0.0-ai-improvement,,2026-08-05T04:08:19.569835+00:00,128,128,
synthetic/CRUSHED/CRUSHED_synthetic_v3.0.0-ai-improvement_0023.jpg,CRUSHED,synthetic,v3.0.0-ai-improvement,,2026-08-05T04:08:19.576994+00:00,128,128,
synthetic/CRUSHED/CRUSHED_synthetic_v3.0.0-ai-improvement_0024.jpg,CRUSHED,synthetic,v3.0.0-ai-improvement,,2026-08-05T04:08:19.583597+00:00,128,128,
synthetic/CRUSHED/CRUSHED_synthetic_v3.0.0-ai-improvement_0025.jpg,CRUSHED,synthetic,v3.0.0-ai-improvement,,2026-08-05T04:08:19.590517+00:00,128,128,
synthetic/CRUSHED/CRUSHED_synthetic_v3.0.0-ai-improvement_0026.jpg,CRUSHED,synthetic,v3.0.0-ai-improvement,,2026-08-05T04:08:19.597352+00:00,128,128,
synthetic/CRUSHED/CRUSHED_synthetic_v3.0.0-ai-improvement_0027.jpg,CRUSHED,synthetic,v3.0.0-ai-improvement,,2026-08-05T04:08:19.604763+00:00,128,128,
synthetic/CRUSHED/CRUSHED_synthetic_v3.0.0-ai-improvement_0028.jpg,CRUSHED,synthetic,v3.0.0-ai-improvement,,2026-08-05T04:08:19.611557+00:00,128,128,
synthetic/CRUSHED/CRUSHED_synthetic_v3.0.0-ai-improvement_0029.jpg,CRUSHED,synthetic,v3.0.0-ai-improvement,,2026-08-05T04:08:19.618725+00:00,128,128,
synthetic/CRUSHED/CRUSHED_synthetic_v3.0.0-ai-improvement_0030.jpg,CRUSHED,synthetic,v3.0.0-ai-improvement,,2026-08-05T04:08:19.625416+00:00,128,128,
synthetic/CRUSHED/CRUSHED_synthetic_v3.0.0-ai-improvement_0031.jpg,CRUSHED,synthetic,v3.0.0-ai-improvement,,2026-08-05T04:08:19.632289+00:00,128,128,
synthetic/CRUSHED/CRUSHED_synthetic_v3.0.0-ai-improvement_0032.jpg,CRUSHED,synthetic,v3.0.0-ai-improvement,,2026-08-05T04:08:19.639199+00:00,128,128,
synthetic/CRUSHED/CRUSHED_synthetic_v3.0.0-ai-improvement_0033.jpg,CRUSHED,synthetic,v3.0.0-ai-improvement,,2026-08-05T04:08:19.653285+00:00,128,128,
synthetic/CRUSHED/CRUSHED_synthetic_v3.0.0-ai-improvement_0034.jpg,CRUSHED,synthetic,v3.0.0-ai-improvement,,2026-08-05T04:08:19.660117+00:00,128,128,
synthetic/CRUSHED/CRUSHED_synthetic_v3.0.0-ai-improvement_0035.jpg,CRUSHED,synthetic,v3.0.0-ai-improvement,,2026-08-05T04:08:19.666433+00:00,128,128,
synthetic/CRUSHED/CRUSHED_synthetic_v3.0.0-ai-improvement_0036.jpg,CRUSHED,synthetic,v3.0.0-ai-improvement,,2026-08-05T04:08:19.672675+00:00,128,128,
synthetic/CRUSHED/CRUSHED_synthetic_v3.0.0-ai-improvement_0037.jpg,CRUSHED,synthetic,v3.0.0-ai-improvement,,2026-08-05T04:08:19.679244+00:00,128,128,
synthetic/CRUSHED/CRUSHED_synthetic_v3.0.0-ai-improvement_0038.jpg,CRUSHED,synthetic,v3.0.0-ai-improvement,,2026-08-05T04:08:19.685207+00:00,128,128,
synthetic/CRUSHED/CRUSHED_synthetic_v3.0.0-ai-improvement_0039.jpg,CRUSHED,synthetic,v3.0.0-ai-improvement,,2026-08-05T04:08:19.692028+00:00,128,128,
synthetic/CRUSHED/CRUSHED_synthetic_v3.0.0-ai-improvement_0040.jpg,CRUSHED,synthetic,v3.0.0-ai-improvement,,2026-08-05T04:08:19.699042+00:00,128,128,
synthetic/CRUSHED/CRUSHED_synthetic_v3.0.0-ai-improvement_0041.jpg,CRUSHED,synthetic,v3.0.0-ai-improvement,,2026-08-05T04:08:19.705702+00:00,128,128,
synthetic/CRUSHED/CRUSHED_synthetic_v3.0.0-ai-improvement_0042.jpg,CRUSHED,synthetic,v3.0.0-ai-improvement,,2026-08-05T04:08:19.712685+00:00,128,128,
synthetic/CRUSHED/CRUSHED_synthetic_v3.0.0-ai-improvement_0043.jpg,CRUSHED,synthetic,v3.0.0-ai-improvement,,2026-08-05T04:08:19.719460+00:00,128,128,
synthetic/CRUSHED/CRUSHED_synthetic_v3.0.0-ai-improvement_0044.jpg,CRUSHED,synthetic,v3.0.0-ai-improvement,,2026-08-05T04:08:19.726969+00:00,128,128,
synthetic/CRUSHED/CRUSHED_synthetic_v3.0.0-ai-improvement_0045.jpg,CRUSHED,synthetic,v3.0.0-ai-improvement,,2026-08-05T04:08:19.733322+00:00,128,128,
synthetic/CRUSHED/CRUSHED_synthetic_v3.0.0-ai-improvement_0046.jpg,CRUSHED,synthetic,v3.0.0-ai-improvement,,2026-08-05T04:08:19.740131+00:00,128,128,
synthetic/CRUSHED/CRUSHED_synthetic_v3.0.0-ai-improvement_0047.jpg,CRUSHED,synthetic,v3.0.0-ai-improvement,,2026-08-05T04:08:19.746741+00:00,128,128,
synthetic/CRUSHED/CRUSHED_synthetic_v3.0.0-ai-improvement_0048.jpg,CRUSHED,synthetic,v3.0.0-ai-improvement,,2026-08-05T04:08:19.753030+00:00,128,128,
synthetic/CRUSHED/CRUSHED_synthetic_v3.0.0-ai-improvement_0049.jpg,CRUSHED,synthetic,v3.0.0-ai-improvement,,2026-08-05T04:08:19.759781+00:00,128,128,
synthetic/CRUSHED/CRUSHED_synthetic_v3.0.0-ai-improvement_0050.jpg,CRUSHED,synthetic,v3.0.0-ai-improvement,,2026-08-05T04:08:19.766430+00:00,128,128,
synthetic/CRUSHED/CRUSHED_synthetic_v3.0.0-ai-improvement_0051.jpg,CRUSHED,synthetic,v3.0.0-ai-improvement,,2026-08-05T04:08:19.772896+00:00,128,128,
synthetic/CRUSHED/CRUSHED_synthetic_v3.0.0-ai-improvement_0052.jpg,CRUSHED,synthetic,v3.0.0-ai-improvement,,2026-08-05T04:08:19.781136+00:00,128,128,
synthetic/CRUSHED/CRUSHED_synthetic_v3.0.0-ai-improvement_0053.jpg,CRUSHED,synthetic,v3.0.0-ai-improvement,,2026-08-05T04:08:19.789049+00:00,128,128,
synthetic/CRUSHED/CRUSHED_synthetic_v3.0.0-ai-improvement_0054.jpg,CRUSHED,synthetic,v3.0.0-ai-improvement,,2026-08-05T04:08:19.795402+00:00,128,128,
synthetic/CRUSHED/CRUSHED_synthetic_v3.0.0-ai-improvement_0055.jpg,CRUSHED,synthetic,v3.0.0-ai-improvement,,2026-08-05T04:08:19.801723+00:00,128,128,
synthetic/CRUSHED/CRUSHED_synthetic_v3.0.0-ai-improvement_0056.jpg,CRUSHED,synthetic,v3.0.0-ai-improvement,,2026-08-05T04:08:19.808029+00:00,128,128,
synthetic/CRUSHED/CRUSHED_synthetic_v3.0.0-ai-improvement_0057.jpg,CRUSHED,synthetic,v3.0.0-ai-improvement,,2026-08-05T04:08:19.813989+00:00,128,128,
synthetic/CRUSHED/CRUSHED_synthetic_v3.0.0-ai-improvement_0058.jpg,CRUSHED,synthetic,v3.0.0-ai-improvement,,2026-08-05T04:08:19.821739+00:00,128,128,
synthetic/CRUSHED/CRUSHED_synthetic_v3.0.0-ai-improvement_0059.jpg,CRUSHED,synthetic,v3.0.0-ai-improvement,,2026-08-05T04:08:19.828408+00:00,128,128,
synthetic/CRUSHED/CRUSHED_synthetic_v3.0.0-ai-improvement_0060.jpg,CRUSHED,synthetic,v3.0.0-ai-improvement,,2026-08-05T04:08:19.835258+00:00,128,128,
synthetic/CRUSHED/CRUSHED_synthetic_v3.0.0-ai-improvement_0061.jpg,CRUSHED,synthetic,v3.0.0-ai-improvement,,2026-08-05T04:08:19.842128+00:00,128,128,
synthetic/CRUSHED/CRUSHED_synthetic_v3.0.0-ai-improvement_0062.jpg,CRUSHED,synthetic,v3.0.0-ai-improvement,,2026-08-05T04:08:19.848641+00:00,128,128,
synthetic/CRUSHED/CRUSHED_synthetic_v3.0.0-ai-improvement_0063.jpg,CRUSHED,synthetic,v3.0.0-ai-improvement,,2026-08-05T04:08:19.854428+00:00,128,128,
synthetic/CRUSHED/CRUSHED_synthetic_v3.0.0-ai-improvement_0064.jpg,CRUSHED,synthetic,v3.0.0-ai-improvement,,2026-08-05T04:08:19.861543+00:00,128,128,
synthetic/CRUSHED/CRUSHED_synthetic_v3.0.0-ai-improvement_0065.jpg,CRUSHED,synthetic,v3.0.0-ai-improvement,,2026-08-05T04:08:19.867871+00:00,128,128,
synthetic/CRUSHED/CRUSHED_synthetic_v3.0.0-ai-improvement_0066.jpg,CRUSHED,synthetic,v3.0.0-ai-improvement,,2026-08-05T04:08:19.874018+00:00,128,128,
synthetic/CRUSHED/CRUSHED_synthetic_v3.0.0-ai-improvement_0067.jpg,CRUSHED,synthetic,v3.0.0-ai-improvement,,2026-08-05T04:08:19.880889+00:00,128,128,
synthetic/CRUSHED/CRUSHED_synthetic_v3.0.0-ai-improvement_0068.jpg,CRUSHED,synthetic,v3.0.0-ai-improvement,,2026-08-05T04:08:19.887161+00:00,128,128,
synthetic/CRUSHED/CRUSHED_synthetic_v3.0.0-ai-improvement_0069.jpg,CRUSHED,synthetic,v3.0.0-ai-improvement,,2026-08-05T04:08:19.893339+00:00,128,128,
synthetic/CRUSHED/CRUSHED_synthetic_v3.0.0-ai-improvement_0070.jpg,CRUSHED,synthetic,v3.0.0-ai-improvement,,2026-08-05T04:08:19.899922+00:00,128,128,
synthetic/CRUSHED/CRUSHED_synthetic_v3.0.0-ai-improvement_0071.jpg,CRUSHED,synthetic,v3.0.0-ai-improvement,,2026-08-05T04:08:19.905927+00:00,128,128,
synthetic/CRUSHED/CRUSHED_synthetic_v3.0.0-ai-improvement_0072.jpg,CRUSHED,synthetic,v3.0.0-ai-improvement,,2026-08-05T04:08:19.911999+00:00,128,128,
synthetic/CRUSHED/CRUSHED_synthetic_v3.0.0-ai-improvement_0073.jpg,CRUSHED,synthetic,v3.0.0-ai-improvement,,2026-08-05T04:08:19.918694+00:00,128,128,
synthetic/CRUSHED/CRUSHED_synthetic_v3.0.0-ai-improvement_0074.jpg,CRUSHED,synthetic,v3.0.0-ai-improvement,,2026-08-05T04:08:19.925715+00:00,128,128,
synthetic/CRUSHED/CRUSHED_synthetic_v3.0.0-ai-improvement_0075.jpg,CRUSHED,synthetic,v3.0.0-ai-improvement,,2026-08-05T04:08:19.931857+00:00,128,128,
synthetic/CRUSHED/CRUSHED_synthetic_v3.0.0-ai-improvement_0076.jpg,CRUSHED,synthetic,v3.0.0-ai-improvement,,2026-08-05T04:08:19.937523+00:00,128,128,
synthetic/CRUSHED/CRUSHED_synthetic_v3.0.0-ai-improvement_0077.jpg,CRUSHED,synthetic,v3.0.0-ai-improvement,,2026-08-05T04:08:19.942976+00:00,128,128,
synthetic/CRUSHED/CRUSHED_synthetic_v3.0.0-ai-improvement_0078.jpg,CRUSHED,synthetic,v3.0.0-ai-improvement,,2026-08-05T04:08:19.950026+00:00,128,128,
synthetic/CRUSHED/CRUSHED_synthetic_v3.0.0-ai-improvement_0079.jpg,CRUSHED,synthetic,v3.0.0-ai-improvement,,2026-08-05T04:08:19.956176+00:00,128,128,
synthetic/CRUSHED/CRUSHED_synthetic_v3.0.0-ai-improvement_0080.jpg,CRUSHED,synthetic,v3.0.0-ai-improvement,,2026-08-05T04:08:19.962275+00:00,128,128,
synthetic/CRUSHED/CRUSHED_synthetic_v3.0.0-ai-improvement_0081.jpg,CRUSHED,synthetic,v3.0.0-ai-improvement,,2026-08-05T04:08:19.969104+00:00,128,128,
synthetic/CRUSHED/CRUSHED_synthetic_v3.0.0-ai-improvement_0082.jpg,CRUSHED,synthetic,v3.0.0-ai-improvement,,2026-08-05T04:08:19.975077+00:00,128,128,
synthetic/CRUSHED/CRUSHED_synthetic_v3.0.0-ai-improvement_0083.jpg,CRUSHED,synthetic,v3.0.0-ai-improvement,,2026-08-05T04:08:19.981397+00:00,128,128,
synthetic/CRUSHED/CRUSHED_synthetic_v3.0.0-ai-improvement_0084.jpg,CRUSHED,synthetic,v3.0.0-ai-improvement,,2026-08-05T04:08:19.987237+00:00,128,128,
synthetic/CRUSHED/CRUSHED_synthetic_v3.0.0-ai-improvement_0085.jpg,CRUSHED,synthetic,v3.0.0-ai-improvement,,2026-08-05T04:08:19.993594+00:00,128,128,
synthetic/CRUSHED/CRUSHED_synthetic_v3.0.0-ai-improvement_0086.jpg,CRUSHED,synthetic,v3.0.0-ai-improvement,,2026-08-05T04:08:20.000138+00:00,128,128,
synthetic/CRUSHED/CRUSHED_synthetic_v3.0.0-ai-improvement_0087.jpg,CRUSHED,synthetic,v3.0.0-ai-improvement,,2026-08-05T04:08:20.005887+00:00,128,128,
synthetic/CRUSHED/CRUSHED_synthetic_v3.0.0-ai-improvement_0088.jpg,CRUSHED,synthetic,v3.0.0-ai-improvement,,2026-08-05T04:08:20.011580+00:00,128,128,
synthetic/CRUSHED/CRUSHED_synthetic_v3.0.0-ai-improvement_0089.jpg,CRUSHED,synthetic,v3.0.0-ai-improvement,,2026-08-05T04:08:20.019680+00:00,128,128,
synthetic/CRUSHED/CRUSHED_synthetic_v3.0.0-ai-improvement_0090.jpg,CRUSHED,synthetic,v3.0.0-ai-improvement,,2026-08-05T04:08:20.026307+00:00,128,128,
synthetic/CRUSHED/CRUSHED_synthetic_v3.0.0-ai-improvement_0091.jpg,CRUSHED,synthetic,v3.0.0-ai-improvement,,2026-08-05T04:08:20.032864+00:00,128,128,
synthetic/CRUSHED/CRUSHED_synthetic_v3.0.0-ai-improvement_0092.jpg,CRUSHED,synthetic,v3.0.0-ai-improvement,,2026-08-05T04:08:20.039742+00:00,128,128,
synthetic/CRUSHED/CRUSHED_synthetic_v3.0.0-ai-improvement_0093.jpg,CRUSHED,synthetic,v3.0.0-ai-improvement,,2026-08-05T04:08:20.046326+00:00,128,128,
synthetic/CRUSHED/CRUSHED_synthetic_v3.0.0-ai-improvement_0094.jpg,CRUSHED,synthetic,v3.0.0-ai-improvement,,2026-08-05T04:08:20.052374+00:00,128,128,
synthetic/CRUSHED/CRUSHED_synthetic_v3.0.0-ai-improvement_0095.jpg,CRUSHED,synthetic,v3.0.0-ai-improvement,,2026-08-05T04:08:20.059480+00:00,128,128,
synthetic/CRUSHED/CRUSHED_synthetic_v3.0.0-ai-improvement_0096.jpg,CRUSHED,synthetic,v3.0.0-ai-improvement,,2026-08-05T04:08:20.066723+00:00,128,128,
synthetic/CRUSHED/CRUSHED_synthetic_v3.0.0-ai-improvement_0097.jpg,CRUSHED,synthetic,v3.0.0-ai-improvement,,2026-08-05T04:08:20.073940+00:00,128,128,
synthetic/CRUSHED/CRUSHED_synthetic_v3.0.0-ai-improvement_0098.jpg,CRUSHED,synthetic,v3.0.0-ai-improvement,,2026-08-05T04:08:20.080931+00:00,128,128,
synthetic/CRUSHED/CRUSHED_synthetic_v3.0.0-ai-improvement_0099.jpg,CRUSHED,synthetic,v3.0.0-ai-improvement,,2026-08-05T04:08:20.088709+00:00,128,128,
synthetic/CRUSHED/CRUSHED_synthetic_v3.0.0-ai-improvement_0100.jpg,CRUSHED,synthetic,v3.0.0-ai-improvement,,2026-08-05T04:08:20.095282+00:00,128,128,
synthetic/CRUSHED/CRUSHED_synthetic_v3.0.0-ai-improvement_0101.jpg,CRUSHED,synthetic,v3.0.0-ai-improvement,,2026-08-05T04:08:20.100972+00:00,128,128,
synthetic/CRUSHED/CRUSHED_synthetic_v3.0.0-ai-improvement_0102.jpg,CRUSHED,synthetic,v3.0.0-ai-improvement,,2026-08-05T04:08:20.106726+00:00,128,128,
synthetic/CRUSHED/CRUSHED_synthetic_v3.0.0-ai-improvement_0103.jpg,CRUSHED,synthetic,v3.0.0-ai-improvement,,2026-08-05T04:08:20.113266+00:00,128,128,
synthetic/CRUSHED/CRUSHED_synthetic_v3.0.0-ai-improvement_0104.jpg,CRUSHED,synthetic,v3.0.0-ai-improvement,,2026-08-05T04:08:20.119442+00:00,128,128,
synthetic/CRUSHED/CRUSHED_synthetic_v3.0.0-ai-improvement_0105.jpg,CRUSHED,synthetic,v3.0.0-ai-improvement,,2026-08-05T04:08:20.126104+00:00,128,128,
synthetic/CRUSHED/CRUSHED_synthetic_v3.0.0-ai-improvement_0106.jpg,CRUSHED,synthetic,v3.0.0-ai-improvement,,2026-08-05T04:08:20.132192+00:00,128,128,
synthetic/CRUSHED/CRUSHED_synthetic_v3.0.0-ai-improvement_0107.jpg,CRUSHED,synthetic,v3.0.0-ai-improvement,,2026-08-05T04:08:20.139109+00:00,128,128,
synthetic/CRUSHED/CRUSHED_synthetic_v3.0.0-ai-improvement_0108.jpg,CRUSHED,synthetic,v3.0.0-ai-improvement,,2026-08-05T04:08:20.145211+00:00,128,128,
synthetic/CRUSHED/CRUSHED_synthetic_v3.0.0-ai-improvement_0109.jpg,CRUSHED,synthetic,v3.0.0-ai-improvement,,2026-08-05T04:08:20.153044+00:00,128,128,
synthetic/CRUSHED/CRUSHED_synthetic_v3.0.0-ai-improvement_0110.jpg,CRUSHED,synthetic,v3.0.0-ai-improvement,,2026-08-05T04:08:20.159428+00:00,128,128,
synthetic/CRUSHED/CRUSHED_synthetic_v3.0.0-ai-improvement_0111.jpg,CRUSHED,synthetic,v3.0.0-ai-improvement,,2026-08-05T04:08:20.165168+00:00,128,128,
synthetic/CRUSHED/CRUSHED_synthetic_v3.0.0-ai-improvement_0112.jpg,CRUSHED,synthetic,v3.0.0-ai-improvement,,2026-08-05T04:08:20.171509+00:00,128,128,
synthetic/CRUSHED/CRUSHED_synthetic_v3.0.0-ai-improvement_0113.jpg,CRUSHED,synthetic,v3.0.0-ai-improvement,,2026-08-05T04:08:20.177709+00:00,128,128,
synthetic/CRUSHED/CRUSHED_synthetic_v3.0.0-ai-improvement_0114.jpg,CRUSHED,synthetic,v3.0.0-ai-improvement,,2026-08-05T04:08:20.183783+00:00,128,128,
synthetic/CRUSHED/CRUSHED_synthetic_v3.0.0-ai-improvement_0115.jpg,CRUSHED,synthetic,v3.0.0-ai-improvement,,2026-08-05T04:08:20.189488+00:00,128,128,
synthetic/CRUSHED/CRUSHED_synthetic_v3.0.0-ai-improvement_0116.jpg,CRUSHED,synthetic,v3.0.0-ai-improvement,,2026-08-05T04:08:20.195550+00:00,128,128,
synthetic/CRUSHED/CRUSHED_synthetic_v3.0.0-ai-improvement_0117.jpg,CRUSHED,synthetic,v3.0.0-ai-improvement,,2026-08-05T04:08:20.201337+00:00,128,128,
synthetic/CRUSHED/CRUSHED_synthetic_v3.0.0-ai-improvement_0118.jpg,CRUSHED,synthetic,v3.0.0-ai-improvement,,2026-08-05T04:08:20.207306+00:00,128,128,
synthetic/CRUSHED/CRUSHED_synthetic_v3.0.0-ai-improvement_0119.jpg,CRUSHED,synthetic,v3.0.0-ai-improvement,,2026-08-05T04:08:20.214226+00:00,128,128,
synthetic/CRUSHED/CRUSHED_synthetic_v3.0.0-ai-improvement_0120.jpg,CRUSHED,synthetic,v3.0.0-ai-improvement,,2026-08-05T04:08:20.220915+00:00,128,128,
synthetic/CRUSHED/CRUSHED_synthetic_v3.0.0-ai-improvement_0121.jpg,CRUSHED,synthetic,v3.0.0-ai-improvement,,2026-08-05T04:08:20.227749+00:00,128,128,
synthetic/CRUSHED/CRUSHED_synthetic_v3.0.0-ai-improvement_0122.jpg,CRUSHED,synthetic,v3.0.0-ai-improvement,,2026-08-05T04:08:20.234104+00:00,128,128,
synthetic/CRUSHED/CRUSHED_synthetic_v3.0.0-ai-improvement_0123.jpg,CRUSHED,synthetic,v3.0.0-ai-improvement,,2026-08-05T04:08:20.241776+00:00,128,128,
synthetic/CRUSHED/CRUSHED_synthetic_v3.0.0-ai-improvement_0124.jpg,CRUSHED,synthetic,v3.0.0-ai-improvement,,2026-08-05T04:08:20.249038+00:00,128,128,
synthetic/CRUSHED/CRUSHED_synthetic_v3.0.0-ai-improvement_0125.jpg,CRUSHED,synthetic,v3.0.0-ai-improvement,,2026-08-05T04:08:20.254808+00:00,128,128,
synthetic/CRUSHED/CRUSHED_synthetic_v3.0.0-ai-improvement_0126.jpg,CRUSHED,synthetic,v3.0.0-ai-improvement,,2026-08-05T04:08:20.261219+00:00,128,128,
synthetic/CRUSHED/CRUSHED_synthetic_v3.0.0-ai-improvement_0127.jpg,CRUSHED,synthetic,v3.0.0-ai-improvement,,2026-08-05T04:08:20.268128+00:00,128,128,
synthetic/CRUSHED/CRUSHED_synthetic_v3.0.0-ai-improvement_0128.jpg,CRUSHED,synthetic,v3.0.0-ai-improvement,,2026-08-05T04:08:20.275149+00:00,128,128,
synthetic/CRUSHED/CRUSHED_synthetic_v3.0.0-ai-improvement_0129.jpg,CRUSHED,synthetic,v3.0.0-ai-improvement,,2026-08-05T04:08:20.281686+00:00,128,128,
synthetic/CRUSHED/CRUSHED_synthetic_v3.0.0-ai-improvement_0130.jpg,CRUSHED,synthetic,v3.0.0-ai-improvement,,2026-08-05T04:08:20.290569+00:00,128,128,
synthetic/CRUSHED/CRUSHED_synthetic_v3.0.0-ai-improvement_0131.jpg,CRUSHED,synthetic,v3.0.0-ai-improvement,,2026-08-05T04:08:20.297703+00:00,128,128,
synthetic/CRUSHED/CRUSHED_synthetic_v3.0.0-ai-improvement_0132.jpg,CRUSHED,synthetic,v3.0.0-ai-improvement,,2026-08-05T04:08:20.304174+00:00,128,128,
synthetic/CRUSHED/CRUSHED_synthetic_v3.0.0-ai-improvement_0133.jpg,CRUSHED,synthetic,v3.0.0-ai-improvement,,2026-08-05T04:08:20.310388+00:00,128,128,
synthetic/CRUSHED/CRUSHED_synthetic_v3.0.0-ai-improvement_0134.jpg,CRUSHED,synthetic,v3.0.0-ai-improvement,,2026-08-05T04:08:20.317402+00:00,128,128,
synthetic/CRUSHED/CRUSHED_synthetic_v3.0.0-ai-improvement_0135.jpg,CRUSHED,synthetic,v3.0.0-ai-improvement,,2026-08-05T04:08:20.323880+00:00,128,128,
synthetic/CRUSHED/CRUSHED_synthetic_v3.0.0-ai-improvement_0136.jpg,CRUSHED,synthetic,v3.0.0-ai-improvement,,2026-08-05T04:08:20.329952+00:00,128,128,
synthetic/CRUSHED/CRUSHED_synthetic_v3.0.0-ai-improvement_0137.jpg,CRUSHED,synthetic,v3.0.0-ai-improvement,,2026-08-05T04:08:20.337179+00:00,128,128,
synthetic/CRUSHED/CRUSHED_synthetic_v3.0.0-ai-improvement_0138.jpg,CRUSHED,synthetic,v3.0.0-ai-improvement,,2026-08-05T04:08:20.344387+00:00,128,128,
synthetic/CRUSHED/CRUSHED_synthetic_v3.0.0-ai-improvement_0139.jpg,CRUSHED,synthetic,v3.0.0-ai-improvement,,2026-08-05T04:08:20.350956+00:00,128,128,
synthetic/CRUSHED/CRUSHED_synthetic_v3.0.0-ai-improvement_0140.jpg,CRUSHED,synthetic,v3.0.0-ai-improvement,,2026-08-05T04:08:20.357162+00:00,128,128,
synthetic/CRUSHED/CRUSHED_synthetic_v3.0.0-ai-improvement_0141.jpg,CRUSHED,synthetic,v3.0.0-ai-improvement,,2026-08-05T04:08:20.363464+00:00,128,128,
synthetic/CRUSHED/CRUSHED_synthetic_v3.0.0-ai-improvement_0142.jpg,CRUSHED,synthetic,v3.0.0-ai-improvement,,2026-08-05T04:08:20.370456+00:00,128,128,
synthetic/CRUSHED/CRUSHED_synthetic_v3.0.0-ai-improvement_0143.jpg,CRUSHED,synthetic,v3.0.0-ai-improvement,,2026-08-05T04:08:20.377833+00:00,128,128,
synthetic/CRUSHED/CRUSHED_synthetic_v3.0.0-ai-improvement_0144.jpg,CRUSHED,synthetic,v3.0.0-ai-improvement,,2026-08-05T04:08:20.384678+00:00,128,128,
synthetic/CRUSHED/CRUSHED_synthetic_v3.0.0-ai-improvement_0145.jpg,CRUSHED,synthetic,v3.0.0-ai-improvement,,2026-08-05T04:08:20.391679+00:00,128,128,
synthetic/CRUSHED/CRUSHED_synthetic_v3.0.0-ai-improvement_0146.jpg,CRUSHED,synthetic,v3.0.0-ai-improvement,,2026-08-05T04:08:20.398243+00:00,128,128,
synthetic/CRUSHED/CRUSHED_synthetic_v3.0.0-ai-improvement_0147.jpg,CRUSHED,synthetic,v3.0.0-ai-improvement,,2026-08-05T04:08:20.405151+00:00,128,128,
synthetic/CRUSHED/CRUSHED_synthetic_v3.0.0-ai-improvement_0148.jpg,CRUSHED,synthetic,v3.0.0-ai-improvement,,2026-08-05T04:08:20.411265+00:00,128,128,
synthetic/CRUSHED/CRUSHED_synthetic_v3.0.0-ai-improvement_0149.jpg,CRUSHED,synthetic,v3.0.0-ai-improvement,,2026-08-05T04:08:20.417700+00:00,128,128,
synthetic/CRUSHED/CRUSHED_synthetic_v3.0.0-ai-improvement_0150.jpg,CRUSHED,synthetic,v3.0.0-ai-improvement,,2026-08-05T04:08:20.424049+00:00,128,128,
synthetic/CRUSHED/CRUSHED_synthetic_v3.0.0-ai-improvement_0151.jpg,CRUSHED,synthetic,v3.0.0-ai-improvement,,2026-08-05T04:08:20.430295+00:00,128,128,
synthetic/CRUSHED/CRUSHED_synthetic_v3.0.0-ai-improvement_0152.jpg,CRUSHED,synthetic,v3.0.0-ai-improvement,,2026-08-05T04:08:20.436576+00:00,128,128,
synthetic/CRUSHED/CRUSHED_synthetic_v3.0.0-ai-improvement_0153.jpg,CRUSHED,synthetic,v3.0.0-ai-improvement,,2026-08-05T04:08:20.442720+00:00,128,128,
synthetic/CRUSHED/CRUSHED_synthetic_v3.0.0-ai-improvement_0154.jpg,CRUSHED,synthetic,v3.0.0-ai-improvement,,2026-08-05T04:08:20.448995+00:00,128,128,
synthetic/CRUSHED/CRUSHED_synthetic_v3.0.0-ai-improvement_0155.jpg,CRUSHED,synthetic,v3.0.0-ai-improvement,,2026-08-05T04:08:20.456226+00:00,128,128,
synthetic/CRUSHED/CRUSHED_synthetic_v3.0.0-ai-improvement_0156.jpg,CRUSHED,synthetic,v3.0.0-ai-improvement,,2026-08-05T04:08:20.461884+00:00,128,128,
synthetic/CRUSHED/CRUSHED_synthetic_v3.0.0-ai-improvement_0157.jpg,CRUSHED,synthetic,v3.0.0-ai-improvement,,2026-08-05T04:08:20.468994+00:00,128,128,
synthetic/CRUSHED/CRUSHED_synthetic_v3.0.0-ai-improvement_0158.jpg,CRUSHED,synthetic,v3.0.0-ai-improvement,,2026-08-05T04:08:20.475344+00:00,128,128,
synthetic/CRUSHED/CRUSHED_synthetic_v3.0.0-ai-improvement_0159.jpg,CRUSHED,synthetic,v3.0.0-ai-improvement,,2026-08-05T04:08:20.481164+00:00,128,128,
synthetic/CRUSHED/CRUSHED_synthetic_v3.0.0-ai-improvement_0160.jpg,CRUSHED,synthetic,v3.0.0-ai-improvement,,2026-08-05T04:08:20.487399+00:00,128,128,
synthetic/CRUSHED/CRUSHED_synthetic_v3.0.0-ai-improvement_0161.jpg,CRUSHED,synthetic,v3.0.0-ai-improvement,,2026-08-05T04:08:20.493046+00:00,128,128,
synthetic/CRUSHED/CRUSHED_synthetic_v3.0.0-ai-improvement_0162.jpg,CRUSHED,synthetic,v3.0.0-ai-improvement,,2026-08-05T04:08:20.500070+00:00,128,128,
synthetic/CRUSHED/CRUSHED_synthetic_v3.0.0-ai-improvement_0163.jpg,CRUSHED,synthetic,v3.0.0-ai-improvement,,2026-08-05T04:08:20.506233+00:00,128,128,
synthetic/CRUSHED/CRUSHED_synthetic_v3.0.0-ai-improvement_0164.jpg,CRUSHED,synthetic,v3.0.0-ai-improvement,,2026-08-05T04:08:20.513279+00:00,128,128,
synthetic/CRUSHED/CRUSHED_synthetic_v3.0.0-ai-improvement_0165.jpg,CRUSHED,synthetic,v3.0.0-ai-improvement,,2026-08-05T04:08:20.519197+00:00,128,128,
synthetic/CRUSHED/CRUSHED_synthetic_v3.0.0-ai-improvement_0166.jpg,CRUSHED,synthetic,v3.0.0-ai-improvement,,2026-08-05T04:08:20.525004+00:00,128,128,
synthetic/CRUSHED/CRUSHED_synthetic_v3.0.0-ai-improvement_0167.jpg,CRUSHED,synthetic,v3.0.0-ai-improvement,,2026-08-05T04:08:20.530352+00:00,128,128,
synthetic/CRUSHED/CRUSHED_synthetic_v3.0.0-ai-improvement_0168.jpg,CRUSHED,synthetic,v3.0.0-ai-improvement,,2026-08-05T04:08:20.536067+00:00,128,128,
synthetic/CRUSHED/CRUSHED_synthetic_v3.0.0-ai-improvement_0169.jpg,CRUSHED,synthetic,v3.0.0-ai-improvement,,2026-08-05T04:08:20.541584+00:00,128,128,
synthetic/CRUSHED/CRUSHED_synthetic_v3.0.0-ai-improvement_0170.jpg,CRUSHED,synthetic,v3.0.0-ai-improvement,,2026-08-05T04:08:20.547467+00:00,128,128,
synthetic/CRUSHED/CRUSHED_synthetic_v3.0.0-ai-improvement_0171.jpg,CRUSHED,synthetic,v3.0.0-ai-improvement,,2026-08-05T04:08:20.552989+00:00,128,128,
synthetic/CRUSHED/CRUSHED_synthetic_v3.0.0-ai-improvement_0172.jpg,CRUSHED,synthetic,v3.0.0-ai-improvement,,2026-08-05T04:08:20.559669+00:00,128,128,
synthetic/CRUSHED/CRUSHED_synthetic_v3.0.0-ai-improvement_0173.jpg,CRUSHED,synthetic,v3.0.0-ai-improvement,,2026-08-05T04:08:20.566090+00:00,128,128,
synthetic/CRUSHED/CRUSHED_synthetic_v3.0.0-ai-improvement_0174.jpg,CRUSHED,synthetic,v3.0.0-ai-improvement,,2026-08-05T04:08:20.572233+00:00,128,128,
synthetic/CRUSHED/CRUSHED_synthetic_v3.0.0-ai-improvement_0175.jpg,CRUSHED,synthetic,v3.0.0-ai-improvement,,2026-08-05T04:08:20.579689+00:00,128,128,
synthetic/CRUSHED/CRUSHED_synthetic_v3.0.0-ai-improvement_0176.jpg,CRUSHED,synthetic,v3.0.0-ai-improvement,,2026-08-05T04:08:20.587234+00:00,128,128,
synthetic/CRUSHED/CRUSHED_synthetic_v3.0.0-ai-improvement_0177.jpg,CRUSHED,synthetic,v3.0.0-ai-improvement,,2026-08-05T04:08:20.593375+00:00,128,128,
synthetic/CRUSHED/CRUSHED_synthetic_v3.0.0-ai-improvement_0178.jpg,CRUSHED,synthetic,v3.0.0-ai-improvement,,2026-08-05T04:08:20.599612+00:00,128,128,
synthetic/CRUSHED/CRUSHED_synthetic_v3.0.0-ai-improvement_0179.jpg,CRUSHED,synthetic,v3.0.0-ai-improvement,,2026-08-05T04:08:20.606470+00:00,128,128,
synthetic/CRUSHED/CRUSHED_synthetic_v3.0.0-ai-improvement_0180.jpg,CRUSHED,synthetic,v3.0.0-ai-improvement,,2026-08-05T04:08:20.612583+00:00,128,128,
synthetic/CRUSHED/CRUSHED_synthetic_v3.0.0-ai-improvement_0181.jpg,CRUSHED,synthetic,v3.0.0-ai-improvement,,2026-08-05T04:08:20.618454+00:00,128,128,
synthetic/CRUSHED/CRUSHED_synthetic_v3.0.0-ai-improvement_0182.jpg,CRUSHED,synthetic,v3.0.0-ai-improvement,,2026-08-05T04:08:20.624490+00:00,128,128,
synthetic/CRUSHED/CRUSHED_synthetic_v3.0.0-ai-improvement_0183.jpg,CRUSHED,synthetic,v3.0.0-ai-improvement,,2026-08-05T04:08:20.630545+00:00,128,128,
synthetic/CRUSHED/CRUSHED_synthetic_v3.0.0-ai-improvement_0184.jpg,CRUSHED,synthetic,v3.0.0-ai-improvement,,2026-08-05T04:08:20.636718+00:00,128,128,
synthetic/CRUSHED/CRUSHED_synthetic_v3.0.0-ai-improvement_0185.jpg,CRUSHED,synthetic,v3.0.0-ai-improvement,,2026-08-05T04:08:20.642376+00:00,128,128,
synthetic/CRUSHED/CRUSHED_synthetic_v3.0.0-ai-improvement_0186.jpg,CRUSHED,synthetic,v3.0.0-ai-improvement,,2026-08-05T04:08:20.647940+00:00,128,128,
synthetic/CRUSHED/CRUSHED_synthetic_v3.0.0-ai-improvement_0187.jpg,CRUSHED,synthetic,v3.0.0-ai-improvement,,2026-08-05T04:08:20.654968+00:00,128,128,
synthetic/CRUSHED/CRUSHED_synthetic_v3.0.0-ai-improvement_0188.jpg,CRUSHED,synthetic,v3.0.0-ai-improvement,,2026-08-05T04:08:20.662049+00:00,128,128,
synthetic/CRUSHED/CRUSHED_synthetic_v3.0.0-ai-improvement_0189.jpg,CRUSHED,synthetic,v3.0.0-ai-improvement,,2026-08-05T04:08:20.668664+00:00,128,128,
synthetic/CRUSHED/CRUSHED_synthetic_v3.0.0-ai-improvement_0190.jpg,CRUSHED,synthetic,v3.0.0-ai-improvement,,2026-08-05T04:08:20.675638+00:00,128,128,
synthetic/CRUSHED/CRUSHED_synthetic_v3.0.0-ai-improvement_0191.jpg,CRUSHED,synthetic,v3.0.0-ai-improvement,,2026-08-05T04:08:20.683031+00:00,128,128,
synthetic/CRUSHED/CRUSHED_synthetic_v3.0.0-ai-improvement_0192.jpg,CRUSHED,synthetic,v3.0.0-ai-improvement,,2026-08-05T04:08:20.690071+00:00,128,128,
synthetic/CRUSHED/CRUSHED_synthetic_v3.0.0-ai-improvement_0193.jpg,CRUSHED,synthetic,v3.0.0-ai-improvement,,2026-08-05T04:08:20.696383+00:00,128,128,
synthetic/CRUSHED/CRUSHED_synthetic_v3.0.0-ai-improvement_0194.jpg,CRUSHED,synthetic,v3.0.0-ai-improvement,,2026-08-05T04:08:20.703012+00:00,128,128,
synthetic/CRUSHED/CRUSHED_synthetic_v3.0.0-ai-improvement_0195.jpg,CRUSHED,synthetic,v3.0.0-ai-improvement,,2026-08-05T04:08:20.709824+00:00,128,128,
synthetic/CRUSHED/CRUSHED_synthetic_v3.0.0-ai-improvement_0196.jpg,CRUSHED,synthetic,v3.0.0-ai-improvement,,2026-08-05T04:08:20.716975+00:00,128,128,
synthetic/CRUSHED/CRUSHED_synthetic_v3.0.0-ai-improvement_0197.jpg,CRUSHED,synthetic,v3.0.0-ai-improvement,,2026-08-05T04:08:20.723395+00:00,128,128,
synthetic/CRUSHED/CRUSHED_synthetic_v3.0.0-ai-improvement_0198.jpg,CRUSHED,synthetic,v3.0.0-ai-improvement,,2026-08-05T04:08:20.729749+00:00,128,128,
synthetic/CRUSHED/CRUSHED_synthetic_v3.0.0-ai-improvement_0199.jpg,CRUSHED,synthetic,v3.0.0-ai-improvement,,2026-08-05T04:08:20.736873+00:00,128,128,
synthetic/CRUSHED/CRUSHED_synthetic_v3.0.0-ai-improvement_0200.jpg,CRUSHED,synthetic,v3.0.0-ai-improvement,,2026-08-05T04:08:20.743680+00:00,128,128,
synthetic/CRUSHED/CRUSHED_synthetic_v3.0.0-ai-improvement_0201.jpg,CRUSHED,synthetic,v3.0.0-ai-improvement,,2026-08-05T04:08:20.749661+00:00,128,128,
synthetic/CRUSHED/CRUSHED_synthetic_v3.0.0-ai-improvement_0202.jpg,CRUSHED,synthetic,v3.0.0-ai-improvement,,2026-08-05T04:08:20.755796+00:00,128,128,
synthetic/CRUSHED/CRUSHED_synthetic_v3.0.0-ai-improvement_0203.jpg,CRUSHED,synthetic,v3.0.0-ai-improvement,,2026-08-05T04:08:20.764069+00:00,128,128,
synthetic/CRUSHED/CRUSHED_synthetic_v3.0.0-ai-improvement_0204.jpg,CRUSHED,synthetic,v3.0.0-ai-improvement,,2026-08-05T04:08:20.772698+00:00,128,128,
synthetic/CRUSHED/CRUSHED_synthetic_v3.0.0-ai-improvement_0205.jpg,CRUSHED,synthetic,v3.0.0-ai-improvement,,2026-08-05T04:08:20.784980+00:00,128,128,
synthetic/CRUSHED/CRUSHED_synthetic_v3.0.0-ai-improvement_0206.jpg,CRUSHED,synthetic,v3.0.0-ai-improvement,,2026-08-05T04:08:20.794671+00:00,128,128,
synthetic/CRUSHED/CRUSHED_synthetic_v3.0.0-ai-improvement_0207.jpg,CRUSHED,synthetic,v3.0.0-ai-improvement,,2026-08-05T04:08:20.803638+00:00,128,128,
synthetic/CRUSHED/CRUSHED_synthetic_v3.0.0-ai-improvement_0208.jpg,CRUSHED,synthetic,v3.0.0-ai-improvement,,2026-08-05T04:08:20.813758+00:00,128,128,
synthetic/CRUSHED/CRUSHED_synthetic_v3.0.0-ai-improvement_0209.jpg,CRUSHED,synthetic,v3.0.0-ai-improvement,,2026-08-05T04:08:20.823411+00:00,128,128,
synthetic/CRUSHED/CRUSHED_synthetic_v3.0.0-ai-improvement_0210.jpg,CRUSHED,synthetic,v3.0.0-ai-improvement,,2026-08-05T04:08:20.834210+00:00,128,128,
synthetic/CRUSHED/CRUSHED_synthetic_v3.0.0-ai-improvement_0211.jpg,CRUSHED,synthetic,v3.0.0-ai-improvement,,2026-08-05T04:08:20.843361+00:00,128,128,
synthetic/CRUSHED/CRUSHED_synthetic_v3.0.0-ai-improvement_0212.jpg,CRUSHED,synthetic,v3.0.0-ai-improvement,,2026-08-05T04:08:20.849897+00:00,128,128,
synthetic/CRUSHED/CRUSHED_synthetic_v3.0.0-ai-improvement_0213.jpg,CRUSHED,synthetic,v3.0.0-ai-improvement,,2026-08-05T04:08:20.855869+00:00,128,128,
synthetic/TAPED/TAPED_synthetic_v3.0.0-ai-improvement_0000.jpg,TAPED,synthetic,v3.0.0-ai-improvement,,2026-08-05T04:08:20.862590+00:00,128,128,
synthetic/TAPED/TAPED_synthetic_v3.0.0-ai-improvement_0001.jpg,TAPED,synthetic,v3.0.0-ai-improvement,,2026-08-05T04:08:20.869495+00:00,128,128,
synthetic/TAPED/TAPED_synthetic_v3.0.0-ai-improvement_0002.jpg,TAPED,synthetic,v3.0.0-ai-improvement,,2026-08-05T04:08:20.874996+00:00,128,128,
synthetic/TAPED/TAPED_synthetic_v3.0.0-ai-improvement_0003.jpg,TAPED,synthetic,v3.0.0-ai-improvement,,2026-08-05T04:08:20.880822+00:00,128,128,
synthetic/TAPED/TAPED_synthetic_v3.0.0-ai-improvement_0004.jpg,TAPED,synthetic,v3.0.0-ai-improvement,,2026-08-05T04:08:20.887306+00:00,128,128,
synthetic/TAPED/TAPED_synthetic_v3.0.0-ai-improvement_0005.jpg,TAPED,synthetic,v3.0.0-ai-improvement,,2026-08-05T04:08:20.893620+00:00,128,128,
synthetic/TAPED/TAPED_synthetic_v3.0.0-ai-improvement_0006.jpg,TAPED,synthetic,v3.0.0-ai-improvement,,2026-08-05T04:08:20.899367+00:00,128,128,
synthetic/TAPED/TAPED_synthetic_v3.0.0-ai-improvement_0007.jpg,TAPED,synthetic,v3.0.0-ai-improvement,,2026-08-05T04:08:20.905017+00:00,128,128,
synthetic/TAPED/TAPED_synthetic_v3.0.0-ai-improvement_0008.jpg,TAPED,synthetic,v3.0.0-ai-improvement,,2026-08-05T04:08:20.911524+00:00,128,128,
synthetic/TAPED/TAPED_synthetic_v3.0.0-ai-improvement_0009.jpg,TAPED,synthetic,v3.0.0-ai-improvement,,2026-08-05T04:08:20.917806+00:00,128,128,
synthetic/TAPED/TAPED_synthetic_v3.0.0-ai-improvement_0010.jpg,TAPED,synthetic,v3.0.0-ai-improvement,,2026-08-05T04:08:20.923539+00:00,128,128,
synthetic/TAPED/TAPED_synthetic_v3.0.0-ai-improvement_0011.jpg,TAPED,synthetic,v3.0.0-ai-improvement,,2026-08-05T04:08:20.929382+00:00,128,128,
synthetic/TAPED/TAPED_synthetic_v3.0.0-ai-improvement_0012.jpg,TAPED,synthetic,v3.0.0-ai-improvement,,2026-08-05T04:08:20.935528+00:00,128,128,
synthetic/TAPED/TAPED_synthetic_v3.0.0-ai-improvement_0013.jpg,TAPED,synthetic,v3.0.0-ai-improvement,,2026-08-05T04:08:20.941754+00:00,128,128,
synthetic/TAPED/TAPED_synthetic_v3.0.0-ai-improvement_0014.jpg,TAPED,synthetic,v3.0.0-ai-improvement,,2026-08-05T04:08:20.948074+00:00,128,128,
synthetic/TAPED/TAPED_synthetic_v3.0.0-ai-improvement_0015.jpg,TAPED,synthetic,v3.0.0-ai-improvement,,2026-08-05T04:08:20.953835+00:00,128,128,
synthetic/TAPED/TAPED_synthetic_v3.0.0-ai-improvement_0016.jpg,TAPED,synthetic,v3.0.0-ai-improvement,,2026-08-05T04:08:20.959673+00:00,128,128,
synthetic/TAPED/TAPED_synthetic_v3.0.0-ai-improvement_0017.jpg,TAPED,synthetic,v3.0.0-ai-improvement,,2026-08-05T04:08:20.965916+00:00,128,128,
synthetic/TAPED/TAPED_synthetic_v3.0.0-ai-improvement_0018.jpg,TAPED,synthetic,v3.0.0-ai-improvement,,2026-08-05T04:08:20.972322+00:00,128,128,
synthetic/TAPED/TAPED_synthetic_v3.0.0-ai-improvement_0019.jpg,TAPED,synthetic,v3.0.0-ai-improvement,,2026-08-05T04:08:20.978558+00:00,128,128,
synthetic/TAPED/TAPED_synthetic_v3.0.0-ai-improvement_0020.jpg,TAPED,synthetic,v3.0.0-ai-improvement,,2026-08-05T04:08:20.984542+00:00,128,128,
synthetic/TAPED/TAPED_synthetic_v3.0.0-ai-improvement_0021.jpg,TAPED,synthetic,v3.0.0-ai-improvement,,2026-08-05T04:08:20.991559+00:00,128,128,
synthetic/TAPED/TAPED_synthetic_v3.0.0-ai-improvement_0022.jpg,TAPED,synthetic,v3.0.0-ai-improvement,,2026-08-05T04:08:20.998457+00:00,128,128,
synthetic/TAPED/TAPED_synthetic_v3.0.0-ai-improvement_0023.jpg,TAPED,synthetic,v3.0.0-ai-improvement,,2026-08-05T04:08:21.004016+00:00,128,128,
synthetic/TAPED/TAPED_synthetic_v3.0.0-ai-improvement_0024.jpg,TAPED,synthetic,v3.0.0-ai-improvement,,2026-08-05T04:08:21.009655+00:00,128,128,
synthetic/TAPED/TAPED_synthetic_v3.0.0-ai-improvement_0025.jpg,TAPED,synthetic,v3.0.0-ai-improvement,,2026-08-05T04:08:21.016208+00:00,128,128,
synthetic/TAPED/TAPED_synthetic_v3.0.0-ai-improvement_0026.jpg,TAPED,synthetic,v3.0.0-ai-improvement,,2026-08-05T04:08:21.022598+00:00,128,128,
synthetic/TAPED/TAPED_synthetic_v3.0.0-ai-improvement_0027.jpg,TAPED,synthetic,v3.0.0-ai-improvement,,2026-08-05T04:08:21.029472+00:00,128,128,
synthetic/TAPED/TAPED_synthetic_v3.0.0-ai-improvement_0028.jpg,TAPED,synthetic,v3.0.0-ai-improvement,,2026-08-05T04:08:21.035930+00:00,128,128,
synthetic/TAPED/TAPED_synthetic_v3.0.0-ai-improvement_0029.jpg,TAPED,synthetic,v3.0.0-ai-improvement,,2026-08-05T04:08:21.041639+00:00,128,128,
synthetic/TAPED/TAPED_synthetic_v3.0.0-ai-improvement_0030.jpg,TAPED,synthetic,v3.0.0-ai-improvement,,2026-08-05T04:08:21.048579+00:00,128,128,
synthetic/TAPED/TAPED_synthetic_v3.0.0-ai-improvement_0031.jpg,TAPED,synthetic,v3.0.0-ai-improvement,,2026-08-05T04:08:21.054729+00:00,128,128,
synthetic/TAPED/TAPED_synthetic_v3.0.0-ai-improvement_0032.jpg,TAPED,synthetic,v3.0.0-ai-improvement,,2026-08-05T04:08:21.060101+00:00,128,128,
synthetic/TAPED/TAPED_synthetic_v3.0.0-ai-improvement_0033.jpg,TAPED,synthetic,v3.0.0-ai-improvement,,2026-08-05T04:08:21.066300+00:00,128,128,
synthetic/TAPED/TAPED_synthetic_v3.0.0-ai-improvement_0034.jpg,TAPED,synthetic,v3.0.0-ai-improvement,,2026-08-05T04:08:21.072189+00:00,128,128,
synthetic/TAPED/TAPED_synthetic_v3.0.0-ai-improvement_0035.jpg,TAPED,synthetic,v3.0.0-ai-improvement,,2026-08-05T04:08:21.078423+00:00,128,128,
synthetic/TAPED/TAPED_synthetic_v3.0.0-ai-improvement_0036.jpg,TAPED,synthetic,v3.0.0-ai-improvement,,2026-08-05T04:08:21.084356+00:00,128,128,
synthetic/TAPED/TAPED_synthetic_v3.0.0-ai-improvement_0037.jpg,TAPED,synthetic,v3.0.0-ai-improvement,,2026-08-05T04:08:21.090218+00:00,128,128,
synthetic/TAPED/TAPED_synthetic_v3.0.0-ai-improvement_0038.jpg,TAPED,synthetic,v3.0.0-ai-improvement,,2026-08-05T04:08:21.096182+00:00,128,128,
synthetic/TAPED/TAPED_synthetic_v3.0.0-ai-improvement_0039.jpg,TAPED,synthetic,v3.0.0-ai-improvement,,2026-08-05T04:08:21.101951+00:00,128,128,
synthetic/TAPED/TAPED_synthetic_v3.0.0-ai-improvement_0040.jpg,TAPED,synthetic,v3.0.0-ai-improvement,,2026-08-05T04:08:21.108005+00:00,128,128,
synthetic/TAPED/TAPED_synthetic_v3.0.0-ai-improvement_0041.jpg,TAPED,synthetic,v3.0.0-ai-improvement,,2026-08-05T04:08:21.113955+00:00,128,128,
synthetic/TAPED/TAPED_synthetic_v3.0.0-ai-improvement_0042.jpg,TAPED,synthetic,v3.0.0-ai-improvement,,2026-08-05T04:08:21.120534+00:00,128,128,
synthetic/TAPED/TAPED_synthetic_v3.0.0-ai-improvement_0043.jpg,TAPED,synthetic,v3.0.0-ai-improvement,,2026-08-05T04:08:21.127445+00:00,128,128,
synthetic/TAPED/TAPED_synthetic_v3.0.0-ai-improvement_0044.jpg,TAPED,synthetic,v3.0.0-ai-improvement,,2026-08-05T04:08:21.133475+00:00,128,128,
synthetic/TAPED/TAPED_synthetic_v3.0.0-ai-improvement_0045.jpg,TAPED,synthetic,v3.0.0-ai-improvement,,2026-08-05T04:08:21.138921+00:00,128,128,
synthetic/TAPED/TAPED_synthetic_v3.0.0-ai-improvement_0046.jpg,TAPED,synthetic,v3.0.0-ai-improvement,,2026-08-05T04:08:21.145015+00:00,128,128,
synthetic/TAPED/TAPED_synthetic_v3.0.0-ai-improvement_0047.jpg,TAPED,synthetic,v3.0.0-ai-improvement,,2026-08-05T04:08:21.151618+00:00,128,128,
synthetic/TAPED/TAPED_synthetic_v3.0.0-ai-improvement_0048.jpg,TAPED,synthetic,v3.0.0-ai-improvement,,2026-08-05T04:08:21.157816+00:00,128,128,
synthetic/TAPED/TAPED_synthetic_v3.0.0-ai-improvement_0049.jpg,TAPED,synthetic,v3.0.0-ai-improvement,,2026-08-05T04:08:21.164128+00:00,128,128,
synthetic/TAPED/TAPED_synthetic_v3.0.0-ai-improvement_0050.jpg,TAPED,synthetic,v3.0.0-ai-improvement,,2026-08-05T04:08:21.170694+00:00,128,128,
synthetic/TAPED/TAPED_synthetic_v3.0.0-ai-improvement_0051.jpg,TAPED,synthetic,v3.0.0-ai-improvement,,2026-08-05T04:08:21.176955+00:00,128,128,
synthetic/TAPED/TAPED_synthetic_v3.0.0-ai-improvement_0052.jpg,TAPED,synthetic,v3.0.0-ai-improvement,,2026-08-05T04:08:21.182971+00:00,128,128,
synthetic/TAPED/TAPED_synthetic_v3.0.0-ai-improvement_0053.jpg,TAPED,synthetic,v3.0.0-ai-improvement,,2026-08-05T04:08:21.189370+00:00,128,128,
synthetic/TAPED/TAPED_synthetic_v3.0.0-ai-improvement_0054.jpg,TAPED,synthetic,v3.0.0-ai-improvement,,2026-08-05T04:08:21.195068+00:00,128,128,
synthetic/TAPED/TAPED_synthetic_v3.0.0-ai-improvement_0055.jpg,TAPED,synthetic,v3.0.0-ai-improvement,,2026-08-05T04:08:21.200174+00:00,128,128,
synthetic/TAPED/TAPED_synthetic_v3.0.0-ai-improvement_0056.jpg,TAPED,synthetic,v3.0.0-ai-improvement,,2026-08-05T04:08:21.206937+00:00,128,128,
synthetic/TAPED/TAPED_synthetic_v3.0.0-ai-improvement_0057.jpg,TAPED,synthetic,v3.0.0-ai-improvement,,2026-08-05T04:08:21.213079+00:00,128,128,
synthetic/TAPED/TAPED_synthetic_v3.0.0-ai-improvement_0058.jpg,TAPED,synthetic,v3.0.0-ai-improvement,,2026-08-05T04:08:21.220061+00:00,128,128,
synthetic/TAPED/TAPED_synthetic_v3.0.0-ai-improvement_0059.jpg,TAPED,synthetic,v3.0.0-ai-improvement,,2026-08-05T04:08:21.227081+00:00,128,128,
synthetic/TAPED/TAPED_synthetic_v3.0.0-ai-improvement_0060.jpg,TAPED,synthetic,v3.0.0-ai-improvement,,2026-08-05T04:08:21.233430+00:00,128,128,
synthetic/TAPED/TAPED_synthetic_v3.0.0-ai-improvement_0061.jpg,TAPED,synthetic,v3.0.0-ai-improvement,,2026-08-05T04:08:21.238865+00:00,128,128,
synthetic/TAPED/TAPED_synthetic_v3.0.0-ai-improvement_0062.jpg,TAPED,synthetic,v3.0.0-ai-improvement,,2026-08-05T04:08:21.245377+00:00,128,128,
synthetic/TAPED/TAPED_synthetic_v3.0.0-ai-improvement_0063.jpg,TAPED,synthetic,v3.0.0-ai-improvement,,2026-08-05T04:08:21.252901+00:00,128,128,
synthetic/TAPED/TAPED_synthetic_v3.0.0-ai-improvement_0064.jpg,TAPED,synthetic,v3.0.0-ai-improvement,,2026-08-05T04:08:21.258627+00:00,128,128,
synthetic/TAPED/TAPED_synthetic_v3.0.0-ai-improvement_0065.jpg,TAPED,synthetic,v3.0.0-ai-improvement,,2026-08-05T04:08:21.265216+00:00,128,128,
synthetic/TAPED/TAPED_synthetic_v3.0.0-ai-improvement_0066.jpg,TAPED,synthetic,v3.0.0-ai-improvement,,2026-08-05T04:08:21.270812+00:00,128,128,
synthetic/TAPED/TAPED_synthetic_v3.0.0-ai-improvement_0067.jpg,TAPED,synthetic,v3.0.0-ai-improvement,,2026-08-05T04:08:21.277375+00:00,128,128,
synthetic/TAPED/TAPED_synthetic_v3.0.0-ai-improvement_0068.jpg,TAPED,synthetic,v3.0.0-ai-improvement,,2026-08-05T04:08:21.283768+00:00,128,128,
synthetic/TAPED/TAPED_synthetic_v3.0.0-ai-improvement_0069.jpg,TAPED,synthetic,v3.0.0-ai-improvement,,2026-08-05T04:08:21.289834+00:00,128,128,
synthetic/TAPED/TAPED_synthetic_v3.0.0-ai-improvement_0070.jpg,TAPED,synthetic,v3.0.0-ai-improvement,,2026-08-05T04:08:21.296376+00:00,128,128,
synthetic/TAPED/TAPED_synthetic_v3.0.0-ai-improvement_0071.jpg,TAPED,synthetic,v3.0.0-ai-improvement,,2026-08-05T04:08:21.302634+00:00,128,128,
synthetic/TAPED/TAPED_synthetic_v3.0.0-ai-improvement_0072.jpg,TAPED,synthetic,v3.0.0-ai-improvement,,2026-08-05T04:08:21.308651+00:00,128,128,
synthetic/TAPED/TAPED_synthetic_v3.0.0-ai-improvement_0073.jpg,TAPED,synthetic,v3.0.0-ai-improvement,,2026-08-05T04:08:21.316147+00:00,128,128,
synthetic/TAPED/TAPED_synthetic_v3.0.0-ai-improvement_0074.jpg,TAPED,synthetic,v3.0.0-ai-improvement,,2026-08-05T04:08:21.322718+00:00,128,128,
synthetic/TAPED/TAPED_synthetic_v3.0.0-ai-improvement_0075.jpg,TAPED,synthetic,v3.0.0-ai-improvement,,2026-08-05T04:08:21.328905+00:00,128,128,
synthetic/TAPED/TAPED_synthetic_v3.0.0-ai-improvement_0076.jpg,TAPED,synthetic,v3.0.0-ai-improvement,,2026-08-05T04:08:21.335930+00:00,128,128,
synthetic/TAPED/TAPED_synthetic_v3.0.0-ai-improvement_0077.jpg,TAPED,synthetic,v3.0.0-ai-improvement,,2026-08-05T04:08:21.343714+00:00,128,128,
synthetic/TAPED/TAPED_synthetic_v3.0.0-ai-improvement_0078.jpg,TAPED,synthetic,v3.0.0-ai-improvement,,2026-08-05T04:08:21.349592+00:00,128,128,
synthetic/TAPED/TAPED_synthetic_v3.0.0-ai-improvement_0079.jpg,TAPED,synthetic,v3.0.0-ai-improvement,,2026-08-05T04:08:21.355896+00:00,128,128,
synthetic/TAPED/TAPED_synthetic_v3.0.0-ai-improvement_0080.jpg,TAPED,synthetic,v3.0.0-ai-improvement,,2026-08-05T04:08:21.361699+00:00,128,128,
synthetic/TAPED/TAPED_synthetic_v3.0.0-ai-improvement_0081.jpg,TAPED,synthetic,v3.0.0-ai-improvement,,2026-08-05T04:08:21.367443+00:00,128,128,
synthetic/TAPED/TAPED_synthetic_v3.0.0-ai-improvement_0082.jpg,TAPED,synthetic,v3.0.0-ai-improvement,,2026-08-05T04:08:21.373382+00:00,128,128,
synthetic/TAPED/TAPED_synthetic_v3.0.0-ai-improvement_0083.jpg,TAPED,synthetic,v3.0.0-ai-improvement,,2026-08-05T04:08:21.380007+00:00,128,128,
synthetic/TAPED/TAPED_synthetic_v3.0.0-ai-improvement_0084.jpg,TAPED,synthetic,v3.0.0-ai-improvement,,2026-08-05T04:08:21.385931+00:00,128,128,
synthetic/TAPED/TAPED_synthetic_v3.0.0-ai-improvement_0085.jpg,TAPED,synthetic,v3.0.0-ai-improvement,,2026-08-05T04:08:21.391587+00:00,128,128,
synthetic/TAPED/TAPED_synthetic_v3.0.0-ai-improvement_0086.jpg,TAPED,synthetic,v3.0.0-ai-improvement,,2026-08-05T04:08:21.397932+00:00,128,128,
synthetic/TAPED/TAPED_synthetic_v3.0.0-ai-improvement_0087.jpg,TAPED,synthetic,v3.0.0-ai-improvement,,2026-08-05T04:08:21.403821+00:00,128,128,
synthetic/TAPED/TAPED_synthetic_v3.0.0-ai-improvement_0088.jpg,TAPED,synthetic,v3.0.0-ai-improvement,,2026-08-05T04:08:21.410121+00:00,128,128,
synthetic/TAPED/TAPED_synthetic_v3.0.0-ai-improvement_0089.jpg,TAPED,synthetic,v3.0.0-ai-improvement,,2026-08-05T04:08:21.416749+00:00,128,128,
synthetic/TAPED/TAPED_synthetic_v3.0.0-ai-improvement_0090.jpg,TAPED,synthetic,v3.0.0-ai-improvement,,2026-08-05T04:08:21.423355+00:00,128,128,
synthetic/TAPED/TAPED_synthetic_v3.0.0-ai-improvement_0091.jpg,TAPED,synthetic,v3.0.0-ai-improvement,,2026-08-05T04:08:21.429765+00:00,128,128,
synthetic/TAPED/TAPED_synthetic_v3.0.0-ai-improvement_0092.jpg,TAPED,synthetic,v3.0.0-ai-improvement,,2026-08-05T04:08:21.435946+00:00,128,128,
synthetic/TAPED/TAPED_synthetic_v3.0.0-ai-improvement_0093.jpg,TAPED,synthetic,v3.0.0-ai-improvement,,2026-08-05T04:08:21.442587+00:00,128,128,
synthetic/TAPED/TAPED_synthetic_v3.0.0-ai-improvement_0094.jpg,TAPED,synthetic,v3.0.0-ai-improvement,,2026-08-05T04:08:21.448063+00:00,128,128,
synthetic/TAPED/TAPED_synthetic_v3.0.0-ai-improvement_0095.jpg,TAPED,synthetic,v3.0.0-ai-improvement,,2026-08-05T04:08:21.454096+00:00,128,128,
synthetic/TAPED/TAPED_synthetic_v3.0.0-ai-improvement_0096.jpg,TAPED,synthetic,v3.0.0-ai-improvement,,2026-08-05T04:08:21.459504+00:00,128,128,
synthetic/TAPED/TAPED_synthetic_v3.0.0-ai-improvement_0097.jpg,TAPED,synthetic,v3.0.0-ai-improvement,,2026-08-05T04:08:21.465552+00:00,128,128,
synthetic/TAPED/TAPED_synthetic_v3.0.0-ai-improvement_0098.jpg,TAPED,synthetic,v3.0.0-ai-improvement,,2026-08-05T04:08:21.471472+00:00,128,128,
synthetic/TAPED/TAPED_synthetic_v3.0.0-ai-improvement_0099.jpg,TAPED,synthetic,v3.0.0-ai-improvement,,2026-08-05T04:08:21.477440+00:00,128,128,
synthetic/TAPED/TAPED_synthetic_v3.0.0-ai-improvement_0100.jpg,TAPED,synthetic,v3.0.0-ai-improvement,,2026-08-05T04:08:21.484043+00:00,128,128,
synthetic/TAPED/TAPED_synthetic_v3.0.0-ai-improvement_0101.jpg,TAPED,synthetic,v3.0.0-ai-improvement,,2026-08-05T04:08:21.489583+00:00,128,128,
synthetic/TAPED/TAPED_synthetic_v3.0.0-ai-improvement_0102.jpg,TAPED,synthetic,v3.0.0-ai-improvement,,2026-08-05T04:08:21.495621+00:00,128,128,
synthetic/TAPED/TAPED_synthetic_v3.0.0-ai-improvement_0103.jpg,TAPED,synthetic,v3.0.0-ai-improvement,,2026-08-05T04:08:21.501821+00:00,128,128,
synthetic/TAPED/TAPED_synthetic_v3.0.0-ai-improvement_0104.jpg,TAPED,synthetic,v3.0.0-ai-improvement,,2026-08-05T04:08:21.508595+00:00,128,128,
synthetic/TAPED/TAPED_synthetic_v3.0.0-ai-improvement_0105.jpg,TAPED,synthetic,v3.0.0-ai-improvement,,2026-08-05T04:08:21.515733+00:00,128,128,
synthetic/TAPED/TAPED_synthetic_v3.0.0-ai-improvement_0106.jpg,TAPED,synthetic,v3.0.0-ai-improvement,,2026-08-05T04:08:21.522002+00:00,128,128,
synthetic/TAPED/TAPED_synthetic_v3.0.0-ai-improvement_0107.jpg,TAPED,synthetic,v3.0.0-ai-improvement,,2026-08-05T04:08:21.528088+00:00,128,128,
synthetic/TAPED/TAPED_synthetic_v3.0.0-ai-improvement_0108.jpg,TAPED,synthetic,v3.0.0-ai-improvement,,2026-08-05T04:08:21.535502+00:00,128,128,
synthetic/TAPED/TAPED_synthetic_v3.0.0-ai-improvement_0109.jpg,TAPED,synthetic,v3.0.0-ai-improvement,,2026-08-05T04:08:21.544058+00:00,128,128,
synthetic/TAPED/TAPED_synthetic_v3.0.0-ai-improvement_0110.jpg,TAPED,synthetic,v3.0.0-ai-improvement,,2026-08-05T04:08:21.551112+00:00,128,128,
synthetic/TAPED/TAPED_synthetic_v3.0.0-ai-improvement_0111.jpg,TAPED,synthetic,v3.0.0-ai-improvement,,2026-08-05T04:08:21.558316+00:00,128,128,
synthetic/TAPED/TAPED_synthetic_v3.0.0-ai-improvement_0112.jpg,TAPED,synthetic,v3.0.0-ai-improvement,,2026-08-05T04:08:21.567159+00:00,128,128,
synthetic/TAPED/TAPED_synthetic_v3.0.0-ai-improvement_0113.jpg,TAPED,synthetic,v3.0.0-ai-improvement,,2026-08-05T04:08:21.573429+00:00,128,128,
synthetic/TAPED/TAPED_synthetic_v3.0.0-ai-improvement_0114.jpg,TAPED,synthetic,v3.0.0-ai-improvement,,2026-08-05T04:08:21.579827+00:00,128,128,
synthetic/TAPED/TAPED_synthetic_v3.0.0-ai-improvement_0115.jpg,TAPED,synthetic,v3.0.0-ai-improvement,,2026-08-05T04:08:21.585835+00:00,128,128,
synthetic/TAPED/TAPED_synthetic_v3.0.0-ai-improvement_0116.jpg,TAPED,synthetic,v3.0.0-ai-improvement,,2026-08-05T04:08:21.592123+00:00,128,128,
synthetic/TAPED/TAPED_synthetic_v3.0.0-ai-improvement_0117.jpg,TAPED,synthetic,v3.0.0-ai-improvement,,2026-08-05T04:08:21.598505+00:00,128,128,
synthetic/TAPED/TAPED_synthetic_v3.0.0-ai-improvement_0118.jpg,TAPED,synthetic,v3.0.0-ai-improvement,,2026-08-05T04:08:21.604985+00:00,128,128,
synthetic/TAPED/TAPED_synthetic_v3.0.0-ai-improvement_0119.jpg,TAPED,synthetic,v3.0.0-ai-improvement,,2026-08-05T04:08:21.611435+00:00,128,128,
synthetic/TAPED/TAPED_synthetic_v3.0.0-ai-improvement_0120.jpg,TAPED,synthetic,v3.0.0-ai-improvement,,2026-08-05T04:08:21.617334+00:00,128,128,
synthetic/TAPED/TAPED_synthetic_v3.0.0-ai-improvement_0121.jpg,TAPED,synthetic,v3.0.0-ai-improvement,,2026-08-05T04:08:21.623603+00:00,128,128,
synthetic/TAPED/TAPED_synthetic_v3.0.0-ai-improvement_0122.jpg,TAPED,synthetic,v3.0.0-ai-improvement,,2026-08-05T04:08:21.630353+00:00,128,128,
synthetic/TAPED/TAPED_synthetic_v3.0.0-ai-improvement_0123.jpg,TAPED,synthetic,v3.0.0-ai-improvement,,2026-08-05T04:08:21.636054+00:00,128,128,
synthetic/TAPED/TAPED_synthetic_v3.0.0-ai-improvement_0124.jpg,TAPED,synthetic,v3.0.0-ai-improvement,,2026-08-05T04:08:21.642313+00:00,128,128,
synthetic/TAPED/TAPED_synthetic_v3.0.0-ai-improvement_0125.jpg,TAPED,synthetic,v3.0.0-ai-improvement,,2026-08-05T04:08:21.649591+00:00,128,128,
synthetic/TAPED/TAPED_synthetic_v3.0.0-ai-improvement_0126.jpg,TAPED,synthetic,v3.0.0-ai-improvement,,2026-08-05T04:08:21.656214+00:00,128,128,
synthetic/TAPED/TAPED_synthetic_v3.0.0-ai-improvement_0127.jpg,TAPED,synthetic,v3.0.0-ai-improvement,,2026-08-05T04:08:21.662474+00:00,128,128,
synthetic/TAPED/TAPED_synthetic_v3.0.0-ai-improvement_0128.jpg,TAPED,synthetic,v3.0.0-ai-improvement,,2026-08-05T04:08:21.668390+00:00,128,128,
synthetic/TAPED/TAPED_synthetic_v3.0.0-ai-improvement_0129.jpg,TAPED,synthetic,v3.0.0-ai-improvement,,2026-08-05T04:08:21.674814+00:00,128,128,
synthetic/TAPED/TAPED_synthetic_v3.0.0-ai-improvement_0130.jpg,TAPED,synthetic,v3.0.0-ai-improvement,,2026-08-05T04:08:21.680772+00:00,128,128,
synthetic/TAPED/TAPED_synthetic_v3.0.0-ai-improvement_0131.jpg,TAPED,synthetic,v3.0.0-ai-improvement,,2026-08-05T04:08:21.686858+00:00,128,128,
synthetic/TAPED/TAPED_synthetic_v3.0.0-ai-improvement_0132.jpg,TAPED,synthetic,v3.0.0-ai-improvement,,2026-08-05T04:08:21.692564+00:00,128,128,
synthetic/TAPED/TAPED_synthetic_v3.0.0-ai-improvement_0133.jpg,TAPED,synthetic,v3.0.0-ai-improvement,,2026-08-05T04:08:21.698967+00:00,128,128,
synthetic/TAPED/TAPED_synthetic_v3.0.0-ai-improvement_0134.jpg,TAPED,synthetic,v3.0.0-ai-improvement,,2026-08-05T04:08:21.707348+00:00,128,128,
synthetic/TAPED/TAPED_synthetic_v3.0.0-ai-improvement_0135.jpg,TAPED,synthetic,v3.0.0-ai-improvement,,2026-08-05T04:08:21.713383+00:00,128,128,
synthetic/TAPED/TAPED_synthetic_v3.0.0-ai-improvement_0136.jpg,TAPED,synthetic,v3.0.0-ai-improvement,,2026-08-05T04:08:21.720413+00:00,128,128,
synthetic/TAPED/TAPED_synthetic_v3.0.0-ai-improvement_0137.jpg,TAPED,synthetic,v3.0.0-ai-improvement,,2026-08-05T04:08:21.727362+00:00,128,128,
synthetic/TAPED/TAPED_synthetic_v3.0.0-ai-improvement_0138.jpg,TAPED,synthetic,v3.0.0-ai-improvement,,2026-08-05T04:08:21.733781+00:00,128,128,
synthetic/TAPED/TAPED_synthetic_v3.0.0-ai-improvement_0139.jpg,TAPED,synthetic,v3.0.0-ai-improvement,,2026-08-05T04:08:21.741818+00:00,128,128,
synthetic/TAPED/TAPED_synthetic_v3.0.0-ai-improvement_0140.jpg,TAPED,synthetic,v3.0.0-ai-improvement,,2026-08-05T04:08:21.747770+00:00,128,128,
synthetic/TAPED/TAPED_synthetic_v3.0.0-ai-improvement_0141.jpg,TAPED,synthetic,v3.0.0-ai-improvement,,2026-08-05T04:08:21.753861+00:00,128,128,
synthetic/TAPED/TAPED_synthetic_v3.0.0-ai-improvement_0142.jpg,TAPED,synthetic,v3.0.0-ai-improvement,,2026-08-05T04:08:21.759913+00:00,128,128,
synthetic/TAPED/TAPED_synthetic_v3.0.0-ai-improvement_0143.jpg,TAPED,synthetic,v3.0.0-ai-improvement,,2026-08-05T04:08:21.766195+00:00,128,128,
synthetic/TAPED/TAPED_synthetic_v3.0.0-ai-improvement_0144.jpg,TAPED,synthetic,v3.0.0-ai-improvement,,2026-08-05T04:08:21.772405+00:00,128,128,
synthetic/TAPED/TAPED_synthetic_v3.0.0-ai-improvement_0145.jpg,TAPED,synthetic,v3.0.0-ai-improvement,,2026-08-05T04:08:21.779063+00:00,128,128,
synthetic/TAPED/TAPED_synthetic_v3.0.0-ai-improvement_0146.jpg,TAPED,synthetic,v3.0.0-ai-improvement,,2026-08-05T04:08:21.788263+00:00,128,128,
synthetic/TAPED/TAPED_synthetic_v3.0.0-ai-improvement_0147.jpg,TAPED,synthetic,v3.0.0-ai-improvement,,2026-08-05T04:08:21.794861+00:00,128,128,
synthetic/TAPED/TAPED_synthetic_v3.0.0-ai-improvement_0148.jpg,TAPED,synthetic,v3.0.0-ai-improvement,,2026-08-05T04:08:21.801296+00:00,128,128,
synthetic/TAPED/TAPED_synthetic_v3.0.0-ai-improvement_0149.jpg,TAPED,synthetic,v3.0.0-ai-improvement,,2026-08-05T04:08:21.807437+00:00,128,128,
synthetic/TAPED/TAPED_synthetic_v3.0.0-ai-improvement_0150.jpg,TAPED,synthetic,v3.0.0-ai-improvement,,2026-08-05T04:08:21.813883+00:00,128,128,
synthetic/TAPED/TAPED_synthetic_v3.0.0-ai-improvement_0151.jpg,TAPED,synthetic,v3.0.0-ai-improvement,,2026-08-05T04:08:21.820492+00:00,128,128,
synthetic/TAPED/TAPED_synthetic_v3.0.0-ai-improvement_0152.jpg,TAPED,synthetic,v3.0.0-ai-improvement,,2026-08-05T04:08:21.826771+00:00,128,128,
synthetic/TAPED/TAPED_synthetic_v3.0.0-ai-improvement_0153.jpg,TAPED,synthetic,v3.0.0-ai-improvement,,2026-08-05T04:08:21.833103+00:00,128,128,
synthetic/TAPED/TAPED_synthetic_v3.0.0-ai-improvement_0154.jpg,TAPED,synthetic,v3.0.0-ai-improvement,,2026-08-05T04:08:21.839426+00:00,128,128,
synthetic/TAPED/TAPED_synthetic_v3.0.0-ai-improvement_0155.jpg,TAPED,synthetic,v3.0.0-ai-improvement,,2026-08-05T04:08:21.845890+00:00,128,128,
synthetic/TAPED/TAPED_synthetic_v3.0.0-ai-improvement_0156.jpg,TAPED,synthetic,v3.0.0-ai-improvement,,2026-08-05T04:08:21.852191+00:00,128,128,
synthetic/TAPED/TAPED_synthetic_v3.0.0-ai-improvement_0157.jpg,TAPED,synthetic,v3.0.0-ai-improvement,,2026-08-05T04:08:21.857994+00:00,128,128,
synthetic/TAPED/TAPED_synthetic_v3.0.0-ai-improvement_0158.jpg,TAPED,synthetic,v3.0.0-ai-improvement,,2026-08-05T04:08:21.864002+00:00,128,128,
synthetic/TAPED/TAPED_synthetic_v3.0.0-ai-improvement_0159.jpg,TAPED,synthetic,v3.0.0-ai-improvement,,2026-08-05T04:08:21.870941+00:00,128,128,
synthetic/TAPED/TAPED_synthetic_v3.0.0-ai-improvement_0160.jpg,TAPED,synthetic,v3.0.0-ai-improvement,,2026-08-05T04:08:21.876621+00:00,128,128,
synthetic/TAPED/TAPED_synthetic_v3.0.0-ai-improvement_0161.jpg,TAPED,synthetic,v3.0.0-ai-improvement,,2026-08-05T04:08:21.883609+00:00,128,128,
synthetic/TAPED/TAPED_synthetic_v3.0.0-ai-improvement_0162.jpg,TAPED,synthetic,v3.0.0-ai-improvement,,2026-08-05T04:08:21.889632+00:00,128,128,
synthetic/TAPED/TAPED_synthetic_v3.0.0-ai-improvement_0163.jpg,TAPED,synthetic,v3.0.0-ai-improvement,,2026-08-05T04:08:21.896109+00:00,128,128,
synthetic/TAPED/TAPED_synthetic_v3.0.0-ai-improvement_0164.jpg,TAPED,synthetic,v3.0.0-ai-improvement,,2026-08-05T04:08:21.902789+00:00,128,128,
synthetic/TAPED/TAPED_synthetic_v3.0.0-ai-improvement_0165.jpg,TAPED,synthetic,v3.0.0-ai-improvement,,2026-08-05T04:08:21.909821+00:00,128,128,
synthetic/TAPED/TAPED_synthetic_v3.0.0-ai-improvement_0166.jpg,TAPED,synthetic,v3.0.0-ai-improvement,,2026-08-05T04:08:21.916774+00:00,128,128,
synthetic/TAPED/TAPED_synthetic_v3.0.0-ai-improvement_0167.jpg,TAPED,synthetic,v3.0.0-ai-improvement,,2026-08-05T04:08:21.922257+00:00,128,128,
synthetic/TAPED/TAPED_synthetic_v3.0.0-ai-improvement_0168.jpg,TAPED,synthetic,v3.0.0-ai-improvement,,2026-08-05T04:08:21.928708+00:00,128,128,
synthetic/TAPED/TAPED_synthetic_v3.0.0-ai-improvement_0169.jpg,TAPED,synthetic,v3.0.0-ai-improvement,,2026-08-05T04:08:21.934371+00:00,128,128,
synthetic/TAPED/TAPED_synthetic_v3.0.0-ai-improvement_0170.jpg,TAPED,synthetic,v3.0.0-ai-improvement,,2026-08-05T04:08:21.941235+00:00,128,128,
synthetic/TAPED/TAPED_synthetic_v3.0.0-ai-improvement_0171.jpg,TAPED,synthetic,v3.0.0-ai-improvement,,2026-08-05T04:08:21.947073+00:00,128,128,
synthetic/TAPED/TAPED_synthetic_v3.0.0-ai-improvement_0172.jpg,TAPED,synthetic,v3.0.0-ai-improvement,,2026-08-05T04:08:21.953405+00:00,128,128,
synthetic/TAPED/TAPED_synthetic_v3.0.0-ai-improvement_0173.jpg,TAPED,synthetic,v3.0.0-ai-improvement,,2026-08-05T04:08:21.959830+00:00,128,128,
synthetic/TAPED/TAPED_synthetic_v3.0.0-ai-improvement_0174.jpg,TAPED,synthetic,v3.0.0-ai-improvement,,2026-08-05T04:08:21.966273+00:00,128,128,
synthetic/TAPED/TAPED_synthetic_v3.0.0-ai-improvement_0175.jpg,TAPED,synthetic,v3.0.0-ai-improvement,,2026-08-05T04:08:21.972186+00:00,128,128,
synthetic/TAPED/TAPED_synthetic_v3.0.0-ai-improvement_0176.jpg,TAPED,synthetic,v3.0.0-ai-improvement,,2026-08-05T04:08:21.978412+00:00,128,128,
synthetic/TAPED/TAPED_synthetic_v3.0.0-ai-improvement_0177.jpg,TAPED,synthetic,v3.0.0-ai-improvement,,2026-08-05T04:08:21.984293+00:00,128,128,
synthetic/TAPED/TAPED_synthetic_v3.0.0-ai-improvement_0178.jpg,TAPED,synthetic,v3.0.0-ai-improvement,,2026-08-05T04:08:21.990405+00:00,128,128,
synthetic/TAPED/TAPED_synthetic_v3.0.0-ai-improvement_0179.jpg,TAPED,synthetic,v3.0.0-ai-improvement,,2026-08-05T04:08:21.996624+00:00,128,128,
synthetic/TAPED/TAPED_synthetic_v3.0.0-ai-improvement_0180.jpg,TAPED,synthetic,v3.0.0-ai-improvement,,2026-08-05T04:08:22.001967+00:00,128,128,
synthetic/TAPED/TAPED_synthetic_v3.0.0-ai-improvement_0181.jpg,TAPED,synthetic,v3.0.0-ai-improvement,,2026-08-05T04:08:22.008189+00:00,128,128,
synthetic/TAPED/TAPED_synthetic_v3.0.0-ai-improvement_0182.jpg,TAPED,synthetic,v3.0.0-ai-improvement,,2026-08-05T04:08:22.015058+00:00,128,128,
synthetic/TAPED/TAPED_synthetic_v3.0.0-ai-improvement_0183.jpg,TAPED,synthetic,v3.0.0-ai-improvement,,2026-08-05T04:08:22.021677+00:00,128,128,
synthetic/TAPED/TAPED_synthetic_v3.0.0-ai-improvement_0184.jpg,TAPED,synthetic,v3.0.0-ai-improvement,,2026-08-05T04:08:22.028295+00:00,128,128,
synthetic/TAPED/TAPED_synthetic_v3.0.0-ai-improvement_0185.jpg,TAPED,synthetic,v3.0.0-ai-improvement,,2026-08-05T04:08:22.034811+00:00,128,128,
synthetic/TAPED/TAPED_synthetic_v3.0.0-ai-improvement_0186.jpg,TAPED,synthetic,v3.0.0-ai-improvement,,2026-08-05T04:08:22.041562+00:00,128,128,
synthetic/TAPED/TAPED_synthetic_v3.0.0-ai-improvement_0187.jpg,TAPED,synthetic,v3.0.0-ai-improvement,,2026-08-05T04:08:22.047638+00:00,128,128,
synthetic/TAPED/TAPED_synthetic_v3.0.0-ai-improvement_0188.jpg,TAPED,synthetic,v3.0.0-ai-improvement,,2026-08-05T04:08:22.053934+00:00,128,128,
synthetic/TAPED/TAPED_synthetic_v3.0.0-ai-improvement_0189.jpg,TAPED,synthetic,v3.0.0-ai-improvement,,2026-08-05T04:08:22.060024+00:00,128,128,
synthetic/TAPED/TAPED_synthetic_v3.0.0-ai-improvement_0190.jpg,TAPED,synthetic,v3.0.0-ai-improvement,,2026-08-05T04:08:22.065967+00:00,128,128,
synthetic/TAPED/TAPED_synthetic_v3.0.0-ai-improvement_0191.jpg,TAPED,synthetic,v3.0.0-ai-improvement,,2026-08-05T04:08:22.071708+00:00,128,128,
synthetic/TAPED/TAPED_synthetic_v3.0.0-ai-improvement_0192.jpg,TAPED,synthetic,v3.0.0-ai-improvement,,2026-08-05T04:08:22.077874+00:00,128,128,
synthetic/TAPED/TAPED_synthetic_v3.0.0-ai-improvement_0193.jpg,TAPED,synthetic,v3.0.0-ai-improvement,,2026-08-05T04:08:22.084019+00:00,128,128,
synthetic/TAPED/TAPED_synthetic_v3.0.0-ai-improvement_0194.jpg,TAPED,synthetic,v3.0.0-ai-improvement,,2026-08-05T04:08:22.089991+00:00,128,128,
synthetic/TAPED/TAPED_synthetic_v3.0.0-ai-improvement_0195.jpg,TAPED,synthetic,v3.0.0-ai-improvement,,2026-08-05T04:08:22.095728+00:00,128,128,
synthetic/TAPED/TAPED_synthetic_v3.0.0-ai-improvement_0196.jpg,TAPED,synthetic,v3.0.0-ai-improvement,,2026-08-05T04:08:22.101903+00:00,128,128,
synthetic/TAPED/TAPED_synthetic_v3.0.0-ai-improvement_0197.jpg,TAPED,synthetic,v3.0.0-ai-improvement,,2026-08-05T04:08:22.107667+00:00,128,128,
synthetic/TAPED/TAPED_synthetic_v3.0.0-ai-improvement_0198.jpg,TAPED,synthetic,v3.0.0-ai-improvement,,2026-08-05T04:08:22.113887+00:00,128,128,
synthetic/TAPED/TAPED_synthetic_v3.0.0-ai-improvement_0199.jpg,TAPED,synthetic,v3.0.0-ai-improvement,,2026-08-05T04:08:22.121014+00:00,128,128,
synthetic/TAPED/TAPED_synthetic_v3.0.0-ai-improvement_0200.jpg,TAPED,synthetic,v3.0.0-ai-improvement,,2026-08-05T04:08:22.127048+00:00,128,128,
synthetic/TAPED/TAPED_synthetic_v3.0.0-ai-improvement_0201.jpg,TAPED,synthetic,v3.0.0-ai-improvement,,2026-08-05T04:08:22.133755+00:00,128,128,
synthetic/TAPED/TAPED_synthetic_v3.0.0-ai-improvement_0202.jpg,TAPED,synthetic,v3.0.0-ai-improvement,,2026-08-05T04:08:22.139573+00:00,128,128,
synthetic/TAPED/TAPED_synthetic_v3.0.0-ai-improvement_0203.jpg,TAPED,synthetic,v3.0.0-ai-improvement,,2026-08-05T04:08:22.146545+00:00,128,128,
synthetic/TAPED/TAPED_synthetic_v3.0.0-ai-improvement_0204.jpg,TAPED,synthetic,v3.0.0-ai-improvement,,2026-08-05T04:08:22.152105+00:00,128,128,
synthetic/TAPED/TAPED_synthetic_v3.0.0-ai-improvement_0205.jpg,TAPED,synthetic,v3.0.0-ai-improvement,,2026-08-05T04:08:22.157975+00:00,128,128,
synthetic/TAPED/TAPED_synthetic_v3.0.0-ai-improvement_0206.jpg,TAPED,synthetic,v3.0.0-ai-improvement,,2026-08-05T04:08:22.163541+00:00,128,128,
synthetic/TAPED/TAPED_synthetic_v3.0.0-ai-improvement_0207.jpg,TAPED,synthetic,v3.0.0-ai-improvement,,2026-08-05T04:08:22.169509+00:00,128,128,
synthetic/TAPED/TAPED_synthetic_v3.0.0-ai-improvement_0208.jpg,TAPED,synthetic,v3.0.0-ai-improvement,,2026-08-05T04:08:22.175539+00:00,128,128,
synthetic/TAPED/TAPED_synthetic_v3.0.0-ai-improvement_0209.jpg,TAPED,synthetic,v3.0.0-ai-improvement,,2026-08-05T04:08:22.181540+00:00,128,128,
synthetic/TAPED/TAPED_synthetic_v3.0.0-ai-improvement_0210.jpg,TAPED,synthetic,v3.0.0-ai-improvement,,2026-08-05T04:08:22.188465+00:00,128,128,
synthetic/TAPED/TAPED_synthetic_v3.0.0-ai-improvement_0211.jpg,TAPED,synthetic,v3.0.0-ai-improvement,,2026-08-05T04:08:22.195347+00:00,128,128,
synthetic/TAPED/TAPED_synthetic_v3.0.0-ai-improvement_0212.jpg,TAPED,synthetic,v3.0.0-ai-improvement,,2026-08-05T04:08:22.201328+00:00,128,128,
synthetic/TAPED/TAPED_synthetic_v3.0.0-ai-improvement_0213.jpg,TAPED,synthetic,v3.0.0-ai-improvement,,2026-08-05T04:08:22.208607+00:00,128,128,
synthetic/PARTIAL_DAMAGE/PARTIAL_DAMAGE_synthetic_v3.0.0-ai-improvement_0000.jpg,PARTIAL_DAMAGE,synthetic,v3.0.0-ai-improvement,,2026-08-05T04:08:22.214736+00:00,128,128,
synthetic/PARTIAL_DAMAGE/PARTIAL_DAMAGE_synthetic_v3.0.0-ai-improvement_0001.jpg,PARTIAL_DAMAGE,synthetic,v3.0.0-ai-improvement,,2026-08-05T04:08:22.223865+00:00,128,128,
synthetic/PARTIAL_DAMAGE/PARTIAL_DAMAGE_synthetic_v3.0.0-ai-improvement_0002.jpg,PARTIAL_DAMAGE,synthetic,v3.0.0-ai-improvement,,2026-08-05T04:08:22.229647+00:00,128,128,
synthetic/PARTIAL_DAMAGE/PARTIAL_DAMAGE_synthetic_v3.0.0-ai-improvement_0003.jpg,PARTIAL_DAMAGE,synthetic,v3.0.0-ai-improvement,,2026-08-05T04:08:22.235985+00:00,128,128,
synthetic/PARTIAL_DAMAGE/PARTIAL_DAMAGE_synthetic_v3.0.0-ai-improvement_0004.jpg,PARTIAL_DAMAGE,synthetic,v3.0.0-ai-improvement,,2026-08-05T04:08:22.243331+00:00,128,128,
synthetic/PARTIAL_DAMAGE/PARTIAL_DAMAGE_synthetic_v3.0.0-ai-improvement_0005.jpg,PARTIAL_DAMAGE,synthetic,v3.0.0-ai-improvement,,2026-08-05T04:08:22.249484+00:00,128,128,
synthetic/PARTIAL_DAMAGE/PARTIAL_DAMAGE_synthetic_v3.0.0-ai-improvement_0006.jpg,PARTIAL_DAMAGE,synthetic,v3.0.0-ai-improvement,,2026-08-05T04:08:22.255066+00:00,128,128,
synthetic/PARTIAL_DAMAGE/PARTIAL_DAMAGE_synthetic_v3.0.0-ai-improvement_0007.jpg,PARTIAL_DAMAGE,synthetic,v3.0.0-ai-improvement,,2026-08-05T04:08:22.262057+00:00,128,128,
synthetic/PARTIAL_DAMAGE/PARTIAL_DAMAGE_synthetic_v3.0.0-ai-improvement_0008.jpg,PARTIAL_DAMAGE,synthetic,v3.0.0-ai-improvement,,2026-08-05T04:08:22.268621+00:00,128,128,
synthetic/PARTIAL_DAMAGE/PARTIAL_DAMAGE_synthetic_v3.0.0-ai-improvement_0009.jpg,PARTIAL_DAMAGE,synthetic,v3.0.0-ai-improvement,,2026-08-05T04:08:22.275135+00:00,128,128,
synthetic/PARTIAL_DAMAGE/PARTIAL_DAMAGE_synthetic_v3.0.0-ai-improvement_0010.jpg,PARTIAL_DAMAGE,synthetic,v3.0.0-ai-improvement,,2026-08-05T04:08:22.281362+00:00,128,128,
synthetic/PARTIAL_DAMAGE/PARTIAL_DAMAGE_synthetic_v3.0.0-ai-improvement_0011.jpg,PARTIAL_DAMAGE,synthetic,v3.0.0-ai-improvement,,2026-08-05T04:08:22.288158+00:00,128,128,
synthetic/PARTIAL_DAMAGE/PARTIAL_DAMAGE_synthetic_v3.0.0-ai-improvement_0012.jpg,PARTIAL_DAMAGE,synthetic,v3.0.0-ai-improvement,,2026-08-05T04:08:22.294566+00:00,128,128,
synthetic/PARTIAL_DAMAGE/PARTIAL_DAMAGE_synthetic_v3.0.0-ai-improvement_0013.jpg,PARTIAL_DAMAGE,synthetic,v3.0.0-ai-improvement,,2026-08-05T04:08:22.301172+00:00,128,128,
synthetic/PARTIAL_DAMAGE/PARTIAL_DAMAGE_synthetic_v3.0.0-ai-improvement_0014.jpg,PARTIAL_DAMAGE,synthetic,v3.0.0-ai-improvement,,2026-08-05T04:08:22.307488+00:00,128,128,
synthetic/PARTIAL_DAMAGE/PARTIAL_DAMAGE_synthetic_v3.0.0-ai-improvement_0015.jpg,PARTIAL_DAMAGE,synthetic,v3.0.0-ai-improvement,,2026-08-05T04:08:22.313034+00:00,128,128,
synthetic/PARTIAL_DAMAGE/PARTIAL_DAMAGE_synthetic_v3.0.0-ai-improvement_0016.jpg,PARTIAL_DAMAGE,synthetic,v3.0.0-ai-improvement,,2026-08-05T04:08:22.320371+00:00,128,128,
synthetic/PARTIAL_DAMAGE/PARTIAL_DAMAGE_synthetic_v3.0.0-ai-improvement_0017.jpg,PARTIAL_DAMAGE,synthetic,v3.0.0-ai-improvement,,2026-08-05T04:08:22.326864+00:00,128,128,
synthetic/PARTIAL_DAMAGE/PARTIAL_DAMAGE_synthetic_v3.0.0-ai-improvement_0018.jpg,PARTIAL_DAMAGE,synthetic,v3.0.0-ai-improvement,,2026-08-05T04:08:22.333399+00:00,128,128,
synthetic/PARTIAL_DAMAGE/PARTIAL_DAMAGE_synthetic_v3.0.0-ai-improvement_0019.jpg,PARTIAL_DAMAGE,synthetic,v3.0.0-ai-improvement,,2026-08-05T04:08:22.339005+00:00,128,128,
synthetic/PARTIAL_DAMAGE/PARTIAL_DAMAGE_synthetic_v3.0.0-ai-improvement_0020.jpg,PARTIAL_DAMAGE,synthetic,v3.0.0-ai-improvement,,2026-08-05T04:08:22.345531+00:00,128,128,
synthetic/PARTIAL_DAMAGE/PARTIAL_DAMAGE_synthetic_v3.0.0-ai-improvement_0021.jpg,PARTIAL_DAMAGE,synthetic,v3.0.0-ai-improvement,,2026-08-05T04:08:22.352356+00:00,128,128,
synthetic/PARTIAL_DAMAGE/PARTIAL_DAMAGE_synthetic_v3.0.0-ai-improvement_0022.jpg,PARTIAL_DAMAGE,synthetic,v3.0.0-ai-improvement,,2026-08-05T04:08:22.358805+00:00,128,128,
synthetic/PARTIAL_DAMAGE/PARTIAL_DAMAGE_synthetic_v3.0.0-ai-improvement_0023.jpg,PARTIAL_DAMAGE,synthetic,v3.0.0-ai-improvement,,2026-08-05T04:08:22.365565+00:00,128,128,
synthetic/PARTIAL_DAMAGE/PARTIAL_DAMAGE_synthetic_v3.0.0-ai-improvement_0024.jpg,PARTIAL_DAMAGE,synthetic,v3.0.0-ai-improvement,,2026-08-05T04:08:22.371957+00:00,128,128,
synthetic/PARTIAL_DAMAGE/PARTIAL_DAMAGE_synthetic_v3.0.0-ai-improvement_0025.jpg,PARTIAL_DAMAGE,synthetic,v3.0.0-ai-improvement,,2026-08-05T04:08:22.378994+00:00,128,128,
synthetic/PARTIAL_DAMAGE/PARTIAL_DAMAGE_synthetic_v3.0.0-ai-improvement_0026.jpg,PARTIAL_DAMAGE,synthetic,v3.0.0-ai-improvement,,2026-08-05T04:08:22.386270+00:00,128,128,
synthetic/PARTIAL_DAMAGE/PARTIAL_DAMAGE_synthetic_v3.0.0-ai-improvement_0027.jpg,PARTIAL_DAMAGE,synthetic,v3.0.0-ai-improvement,,2026-08-05T04:08:22.392472+00:00,128,128,
synthetic/PARTIAL_DAMAGE/PARTIAL_DAMAGE_synthetic_v3.0.0-ai-improvement_0028.jpg,PARTIAL_DAMAGE,synthetic,v3.0.0-ai-improvement,,2026-08-05T04:08:22.398154+00:00,128,128,
synthetic/PARTIAL_DAMAGE/PARTIAL_DAMAGE_synthetic_v3.0.0-ai-improvement_0029.jpg,PARTIAL_DAMAGE,synthetic,v3.0.0-ai-improvement,,2026-08-05T04:08:22.404959+00:00,128,128,
synthetic/PARTIAL_DAMAGE/PARTIAL_DAMAGE_synthetic_v3.0.0-ai-improvement_0030.jpg,PARTIAL_DAMAGE,synthetic,v3.0.0-ai-improvement,,2026-08-05T04:08:22.411587+00:00,128,128,
synthetic/PARTIAL_DAMAGE/PARTIAL_DAMAGE_synthetic_v3.0.0-ai-improvement_0031.jpg,PARTIAL_DAMAGE,synthetic,v3.0.0-ai-improvement,,2026-08-05T04:08:22.417984+00:00,128,128,
synthetic/PARTIAL_DAMAGE/PARTIAL_DAMAGE_synthetic_v3.0.0-ai-improvement_0032.jpg,PARTIAL_DAMAGE,synthetic,v3.0.0-ai-improvement,,2026-08-05T04:08:22.423806+00:00,128,128,
synthetic/PARTIAL_DAMAGE/PARTIAL_DAMAGE_synthetic_v3.0.0-ai-improvement_0033.jpg,PARTIAL_DAMAGE,synthetic,v3.0.0-ai-improvement,,2026-08-05T04:08:22.429640+00:00,128,128,
synthetic/PARTIAL_DAMAGE/PARTIAL_DAMAGE_synthetic_v3.0.0-ai-improvement_0034.jpg,PARTIAL_DAMAGE,synthetic,v3.0.0-ai-improvement,,2026-08-05T04:08:22.435953+00:00,128,128,
synthetic/PARTIAL_DAMAGE/PARTIAL_DAMAGE_synthetic_v3.0.0-ai-improvement_0035.jpg,PARTIAL_DAMAGE,synthetic,v3.0.0-ai-improvement,,2026-08-05T04:08:22.442992+00:00,128,128,
synthetic/PARTIAL_DAMAGE/PARTIAL_DAMAGE_synthetic_v3.0.0-ai-improvement_0036.jpg,PARTIAL_DAMAGE,synthetic,v3.0.0-ai-improvement,,2026-08-05T04:08:22.449383+00:00,128,128,
synthetic/PARTIAL_DAMAGE/PARTIAL_DAMAGE_synthetic_v3.0.0-ai-improvement_0037.jpg,PARTIAL_DAMAGE,synthetic,v3.0.0-ai-improvement,,2026-08-05T04:08:22.455954+00:00,128,128,
synthetic/PARTIAL_DAMAGE/PARTIAL_DAMAGE_synthetic_v3.0.0-ai-improvement_0038.jpg,PARTIAL_DAMAGE,synthetic,v3.0.0-ai-improvement,,2026-08-05T04:08:22.461928+00:00,128,128,
synthetic/PARTIAL_DAMAGE/PARTIAL_DAMAGE_synthetic_v3.0.0-ai-improvement_0039.jpg,PARTIAL_DAMAGE,synthetic,v3.0.0-ai-improvement,,2026-08-05T04:08:22.467970+00:00,128,128,
synthetic/PARTIAL_DAMAGE/PARTIAL_DAMAGE_synthetic_v3.0.0-ai-improvement_0040.jpg,PARTIAL_DAMAGE,synthetic,v3.0.0-ai-improvement,,2026-08-05T04:08:22.473960+00:00,128,128,
synthetic/PARTIAL_DAMAGE/PARTIAL_DAMAGE_synthetic_v3.0.0-ai-improvement_0041.jpg,PARTIAL_DAMAGE,synthetic,v3.0.0-ai-improvement,,2026-08-05T04:08:22.480638+00:00,128,128,
synthetic/PARTIAL_DAMAGE/PARTIAL_DAMAGE_synthetic_v3.0.0-ai-improvement_0042.jpg,PARTIAL_DAMAGE,synthetic,v3.0.0-ai-improvement,,2026-08-05T04:08:22.487384+00:00,128,128,
synthetic/PARTIAL_DAMAGE/PARTIAL_DAMAGE_synthetic_v3.0.0-ai-improvement_0043.jpg,PARTIAL_DAMAGE,synthetic,v3.0.0-ai-improvement,,2026-08-05T04:08:22.492660+00:00,128,128,
synthetic/PARTIAL_DAMAGE/PARTIAL_DAMAGE_synthetic_v3.0.0-ai-improvement_0044.jpg,PARTIAL_DAMAGE,synthetic,v3.0.0-ai-improvement,,2026-08-05T04:08:22.498318+00:00,128,128,
synthetic/PARTIAL_DAMAGE/PARTIAL_DAMAGE_synthetic_v3.0.0-ai-improvement_0045.jpg,PARTIAL_DAMAGE,synthetic,v3.0.0-ai-improvement,,2026-08-05T04:08:22.503828+00:00,128,128,
synthetic/PARTIAL_DAMAGE/PARTIAL_DAMAGE_synthetic_v3.0.0-ai-improvement_0046.jpg,PARTIAL_DAMAGE,synthetic,v3.0.0-ai-improvement,,2026-08-05T04:08:22.509985+00:00,128,128,
synthetic/PARTIAL_DAMAGE/PARTIAL_DAMAGE_synthetic_v3.0.0-ai-improvement_0047.jpg,PARTIAL_DAMAGE,synthetic,v3.0.0-ai-improvement,,2026-08-05T04:08:22.517267+00:00,128,128,
synthetic/PARTIAL_DAMAGE/PARTIAL_DAMAGE_synthetic_v3.0.0-ai-improvement_0048.jpg,PARTIAL_DAMAGE,synthetic,v3.0.0-ai-improvement,,2026-08-05T04:08:22.523075+00:00,128,128,
synthetic/PARTIAL_DAMAGE/PARTIAL_DAMAGE_synthetic_v3.0.0-ai-improvement_0049.jpg,PARTIAL_DAMAGE,synthetic,v3.0.0-ai-improvement,,2026-08-05T04:08:22.528832+00:00,128,128,
synthetic/PARTIAL_DAMAGE/PARTIAL_DAMAGE_synthetic_v3.0.0-ai-improvement_0050.jpg,PARTIAL_DAMAGE,synthetic,v3.0.0-ai-improvement,,2026-08-05T04:08:22.534746+00:00,128,128,
synthetic/PARTIAL_DAMAGE/PARTIAL_DAMAGE_synthetic_v3.0.0-ai-improvement_0051.jpg,PARTIAL_DAMAGE,synthetic,v3.0.0-ai-improvement,,2026-08-05T04:08:22.540852+00:00,128,128,
synthetic/PARTIAL_DAMAGE/PARTIAL_DAMAGE_synthetic_v3.0.0-ai-improvement_0052.jpg,PARTIAL_DAMAGE,synthetic,v3.0.0-ai-improvement,,2026-08-05T04:08:22.547465+00:00,128,128,
synthetic/PARTIAL_DAMAGE/PARTIAL_DAMAGE_synthetic_v3.0.0-ai-improvement_0053.jpg,PARTIAL_DAMAGE,synthetic,v3.0.0-ai-improvement,,2026-08-05T04:08:22.553866+00:00,128,128,
synthetic/PARTIAL_DAMAGE/PARTIAL_DAMAGE_synthetic_v3.0.0-ai-improvement_0054.jpg,PARTIAL_DAMAGE,synthetic,v3.0.0-ai-improvement,,2026-08-05T04:08:22.560384+00:00,128,128,
synthetic/PARTIAL_DAMAGE/PARTIAL_DAMAGE_synthetic_v3.0.0-ai-improvement_0055.jpg,PARTIAL_DAMAGE,synthetic,v3.0.0-ai-improvement,,2026-08-05T04:08:22.565952+00:00,128,128,
synthetic/PARTIAL_DAMAGE/PARTIAL_DAMAGE_synthetic_v3.0.0-ai-improvement_0056.jpg,PARTIAL_DAMAGE,synthetic,v3.0.0-ai-improvement,,2026-08-05T04:08:22.571594+00:00,128,128,
synthetic/PARTIAL_DAMAGE/PARTIAL_DAMAGE_synthetic_v3.0.0-ai-improvement_0057.jpg,PARTIAL_DAMAGE,synthetic,v3.0.0-ai-improvement,,2026-08-05T04:08:22.577536+00:00,128,128,
synthetic/PARTIAL_DAMAGE/PARTIAL_DAMAGE_synthetic_v3.0.0-ai-improvement_0058.jpg,PARTIAL_DAMAGE,synthetic,v3.0.0-ai-improvement,,2026-08-05T04:08:22.584222+00:00,128,128,
synthetic/PARTIAL_DAMAGE/PARTIAL_DAMAGE_synthetic_v3.0.0-ai-improvement_0059.jpg,PARTIAL_DAMAGE,synthetic,v3.0.0-ai-improvement,,2026-08-05T04:08:22.591553+00:00,128,128,
synthetic/PARTIAL_DAMAGE/PARTIAL_DAMAGE_synthetic_v3.0.0-ai-improvement_0060.jpg,PARTIAL_DAMAGE,synthetic,v3.0.0-ai-improvement,,2026-08-05T04:08:22.597841+00:00,128,128,
synthetic/PARTIAL_DAMAGE/PARTIAL_DAMAGE_synthetic_v3.0.0-ai-improvement_0061.jpg,PARTIAL_DAMAGE,synthetic,v3.0.0-ai-improvement,,2026-08-05T04:08:22.603989+00:00,128,128,
synthetic/PARTIAL_DAMAGE/PARTIAL_DAMAGE_synthetic_v3.0.0-ai-improvement_0062.jpg,PARTIAL_DAMAGE,synthetic,v3.0.0-ai-improvement,,2026-08-05T04:08:22.610936+00:00,128,128,
synthetic/PARTIAL_DAMAGE/PARTIAL_DAMAGE_synthetic_v3.0.0-ai-improvement_0063.jpg,PARTIAL_DAMAGE,synthetic,v3.0.0-ai-improvement,,2026-08-05T04:08:22.617480+00:00,128,128,
synthetic/PARTIAL_DAMAGE/PARTIAL_DAMAGE_synthetic_v3.0.0-ai-improvement_0064.jpg,PARTIAL_DAMAGE,synthetic,v3.0.0-ai-improvement,,2026-08-05T04:08:22.623709+00:00,128,128,
synthetic/PARTIAL_DAMAGE/PARTIAL_DAMAGE_synthetic_v3.0.0-ai-improvement_0065.jpg,PARTIAL_DAMAGE,synthetic,v3.0.0-ai-improvement,,2026-08-05T04:08:22.631283+00:00,128,128,
synthetic/PARTIAL_DAMAGE/PARTIAL_DAMAGE_synthetic_v3.0.0-ai-improvement_0066.jpg,PARTIAL_DAMAGE,synthetic,v3.0.0-ai-improvement,,2026-08-05T04:08:22.638457+00:00,128,128,
synthetic/PARTIAL_DAMAGE/PARTIAL_DAMAGE_synthetic_v3.0.0-ai-improvement_0067.jpg,PARTIAL_DAMAGE,synthetic,v3.0.0-ai-improvement,,2026-08-05T04:08:22.645466+00:00,128,128,
synthetic/PARTIAL_DAMAGE/PARTIAL_DAMAGE_synthetic_v3.0.0-ai-improvement_0068.jpg,PARTIAL_DAMAGE,synthetic,v3.0.0-ai-improvement,,2026-08-05T04:08:22.652901+00:00,128,128,
synthetic/PARTIAL_DAMAGE/PARTIAL_DAMAGE_synthetic_v3.0.0-ai-improvement_0069.jpg,PARTIAL_DAMAGE,synthetic,v3.0.0-ai-improvement,,2026-08-05T04:08:22.658868+00:00,128,128,
synthetic/PARTIAL_DAMAGE/PARTIAL_DAMAGE_synthetic_v3.0.0-ai-improvement_0070.jpg,PARTIAL_DAMAGE,synthetic,v3.0.0-ai-improvement,,2026-08-05T04:08:22.665277+00:00,128,128,
synthetic/PARTIAL_DAMAGE/PARTIAL_DAMAGE_synthetic_v3.0.0-ai-improvement_0071.jpg,PARTIAL_DAMAGE,synthetic,v3.0.0-ai-improvement,,2026-08-05T04:08:22.671599+00:00,128,128,
synthetic/PARTIAL_DAMAGE/PARTIAL_DAMAGE_synthetic_v3.0.0-ai-improvement_0072.jpg,PARTIAL_DAMAGE,synthetic,v3.0.0-ai-improvement,,2026-08-05T04:08:22.677427+00:00,128,128,
synthetic/PARTIAL_DAMAGE/PARTIAL_DAMAGE_synthetic_v3.0.0-ai-improvement_0073.jpg,PARTIAL_DAMAGE,synthetic,v3.0.0-ai-improvement,,2026-08-05T04:08:22.683785+00:00,128,128,
synthetic/PARTIAL_DAMAGE/PARTIAL_DAMAGE_synthetic_v3.0.0-ai-improvement_0074.jpg,PARTIAL_DAMAGE,synthetic,v3.0.0-ai-improvement,,2026-08-05T04:08:22.690018+00:00,128,128,
synthetic/PARTIAL_DAMAGE/PARTIAL_DAMAGE_synthetic_v3.0.0-ai-improvement_0075.jpg,PARTIAL_DAMAGE,synthetic,v3.0.0-ai-improvement,,2026-08-05T04:08:22.696438+00:00,128,128,
synthetic/PARTIAL_DAMAGE/PARTIAL_DAMAGE_synthetic_v3.0.0-ai-improvement_0076.jpg,PARTIAL_DAMAGE,synthetic,v3.0.0-ai-improvement,,2026-08-05T04:08:22.703496+00:00,128,128,
synthetic/PARTIAL_DAMAGE/PARTIAL_DAMAGE_synthetic_v3.0.0-ai-improvement_0077.jpg,PARTIAL_DAMAGE,synthetic,v3.0.0-ai-improvement,,2026-08-05T04:08:22.710484+00:00,128,128,
synthetic/PARTIAL_DAMAGE/PARTIAL_DAMAGE_synthetic_v3.0.0-ai-improvement_0078.jpg,PARTIAL_DAMAGE,synthetic,v3.0.0-ai-improvement,,2026-08-05T04:08:22.716310+00:00,128,128,
synthetic/PARTIAL_DAMAGE/PARTIAL_DAMAGE_synthetic_v3.0.0-ai-improvement_0079.jpg,PARTIAL_DAMAGE,synthetic,v3.0.0-ai-improvement,,2026-08-05T04:08:22.722689+00:00,128,128,
synthetic/PARTIAL_DAMAGE/PARTIAL_DAMAGE_synthetic_v3.0.0-ai-improvement_0080.jpg,PARTIAL_DAMAGE,synthetic,v3.0.0-ai-improvement,,2026-08-05T04:08:22.728986+00:00,128,128,
synthetic/PARTIAL_DAMAGE/PARTIAL_DAMAGE_synthetic_v3.0.0-ai-improvement_0081.jpg,PARTIAL_DAMAGE,synthetic,v3.0.0-ai-improvement,,2026-08-05T04:08:22.735243+00:00,128,128,
synthetic/PARTIAL_DAMAGE/PARTIAL_DAMAGE_synthetic_v3.0.0-ai-improvement_0082.jpg,PARTIAL_DAMAGE,synthetic,v3.0.0-ai-improvement,,2026-08-05T04:08:22.743121+00:00,128,128,
synthetic/PARTIAL_DAMAGE/PARTIAL_DAMAGE_synthetic_v3.0.0-ai-improvement_0083.jpg,PARTIAL_DAMAGE,synthetic,v3.0.0-ai-improvement,,2026-08-05T04:08:22.749911+00:00,128,128,
synthetic/PARTIAL_DAMAGE/PARTIAL_DAMAGE_synthetic_v3.0.0-ai-improvement_0084.jpg,PARTIAL_DAMAGE,synthetic,v3.0.0-ai-improvement,,2026-08-05T04:08:22.757443+00:00,128,128,
synthetic/PARTIAL_DAMAGE/PARTIAL_DAMAGE_synthetic_v3.0.0-ai-improvement_0085.jpg,PARTIAL_DAMAGE,synthetic,v3.0.0-ai-improvement,,2026-08-05T04:08:22.764368+00:00,128,128,
synthetic/PARTIAL_DAMAGE/PARTIAL_DAMAGE_synthetic_v3.0.0-ai-improvement_0086.jpg,PARTIAL_DAMAGE,synthetic,v3.0.0-ai-improvement,,2026-08-05T04:08:22.770491+00:00,128,128,
synthetic/PARTIAL_DAMAGE/PARTIAL_DAMAGE_synthetic_v3.0.0-ai-improvement_0087.jpg,PARTIAL_DAMAGE,synthetic,v3.0.0-ai-improvement,,2026-08-05T04:08:22.777543+00:00,128,128,
synthetic/PARTIAL_DAMAGE/PARTIAL_DAMAGE_synthetic_v3.0.0-ai-improvement_0088.jpg,PARTIAL_DAMAGE,synthetic,v3.0.0-ai-improvement,,2026-08-05T04:08:22.783801+00:00,128,128,
synthetic/PARTIAL_DAMAGE/PARTIAL_DAMAGE_synthetic_v3.0.0-ai-improvement_0089.jpg,PARTIAL_DAMAGE,synthetic,v3.0.0-ai-improvement,,2026-08-05T04:08:22.793112+00:00,128,128,
synthetic/PARTIAL_DAMAGE/PARTIAL_DAMAGE_synthetic_v3.0.0-ai-improvement_0090.jpg,PARTIAL_DAMAGE,synthetic,v3.0.0-ai-improvement,,2026-08-05T04:08:22.798647+00:00,128,128,
synthetic/PARTIAL_DAMAGE/PARTIAL_DAMAGE_synthetic_v3.0.0-ai-improvement_0091.jpg,PARTIAL_DAMAGE,synthetic,v3.0.0-ai-improvement,,2026-08-05T04:08:22.804857+00:00,128,128,
synthetic/PARTIAL_DAMAGE/PARTIAL_DAMAGE_synthetic_v3.0.0-ai-improvement_0092.jpg,PARTIAL_DAMAGE,synthetic,v3.0.0-ai-improvement,,2026-08-05T04:08:22.810842+00:00,128,128,
synthetic/PARTIAL_DAMAGE/PARTIAL_DAMAGE_synthetic_v3.0.0-ai-improvement_0093.jpg,PARTIAL_DAMAGE,synthetic,v3.0.0-ai-improvement,,2026-08-05T04:08:22.816907+00:00,128,128,
synthetic/PARTIAL_DAMAGE/PARTIAL_DAMAGE_synthetic_v3.0.0-ai-improvement_0094.jpg,PARTIAL_DAMAGE,synthetic,v3.0.0-ai-improvement,,2026-08-05T04:08:22.822510+00:00,128,128,
synthetic/PARTIAL_DAMAGE/PARTIAL_DAMAGE_synthetic_v3.0.0-ai-improvement_0095.jpg,PARTIAL_DAMAGE,synthetic,v3.0.0-ai-improvement,,2026-08-05T04:08:22.829413+00:00,128,128,
synthetic/PARTIAL_DAMAGE/PARTIAL_DAMAGE_synthetic_v3.0.0-ai-improvement_0096.jpg,PARTIAL_DAMAGE,synthetic,v3.0.0-ai-improvement,,2026-08-05T04:08:22.835917+00:00,128,128,
synthetic/PARTIAL_DAMAGE/PARTIAL_DAMAGE_synthetic_v3.0.0-ai-improvement_0097.jpg,PARTIAL_DAMAGE,synthetic,v3.0.0-ai-improvement,,2026-08-05T04:08:22.842623+00:00,128,128,
synthetic/PARTIAL_DAMAGE/PARTIAL_DAMAGE_synthetic_v3.0.0-ai-improvement_0098.jpg,PARTIAL_DAMAGE,synthetic,v3.0.0-ai-improvement,,2026-08-05T04:08:22.849333+00:00,128,128,
synthetic/PARTIAL_DAMAGE/PARTIAL_DAMAGE_synthetic_v3.0.0-ai-improvement_0099.jpg,PARTIAL_DAMAGE,synthetic,v3.0.0-ai-improvement,,2026-08-05T04:08:22.855249+00:00,128,128,
synthetic/PARTIAL_DAMAGE/PARTIAL_DAMAGE_synthetic_v3.0.0-ai-improvement_0100.jpg,PARTIAL_DAMAGE,synthetic,v3.0.0-ai-improvement,,2026-08-05T04:08:22.860629+00:00,128,128,
synthetic/PARTIAL_DAMAGE/PARTIAL_DAMAGE_synthetic_v3.0.0-ai-improvement_0101.jpg,PARTIAL_DAMAGE,synthetic,v3.0.0-ai-improvement,,2026-08-05T04:08:22.866694+00:00,128,128,
synthetic/PARTIAL_DAMAGE/PARTIAL_DAMAGE_synthetic_v3.0.0-ai-improvement_0102.jpg,PARTIAL_DAMAGE,synthetic,v3.0.0-ai-improvement,,2026-08-05T04:08:22.873084+00:00,128,128,
synthetic/PARTIAL_DAMAGE/PARTIAL_DAMAGE_synthetic_v3.0.0-ai-improvement_0103.jpg,PARTIAL_DAMAGE,synthetic,v3.0.0-ai-improvement,,2026-08-05T04:08:22.879786+00:00,128,128,
synthetic/PARTIAL_DAMAGE/PARTIAL_DAMAGE_synthetic_v3.0.0-ai-improvement_0104.jpg,PARTIAL_DAMAGE,synthetic,v3.0.0-ai-improvement,,2026-08-05T04:08:22.886267+00:00,128,128,
synthetic/PARTIAL_DAMAGE/PARTIAL_DAMAGE_synthetic_v3.0.0-ai-improvement_0105.jpg,PARTIAL_DAMAGE,synthetic,v3.0.0-ai-improvement,,2026-08-05T04:08:22.892232+00:00,128,128,
synthetic/PARTIAL_DAMAGE/PARTIAL_DAMAGE_synthetic_v3.0.0-ai-improvement_0106.jpg,PARTIAL_DAMAGE,synthetic,v3.0.0-ai-improvement,,2026-08-05T04:08:22.898352+00:00,128,128,
synthetic/PARTIAL_DAMAGE/PARTIAL_DAMAGE_synthetic_v3.0.0-ai-improvement_0107.jpg,PARTIAL_DAMAGE,synthetic,v3.0.0-ai-improvement,,2026-08-05T04:08:22.904084+00:00,128,128,
synthetic/PARTIAL_DAMAGE/PARTIAL_DAMAGE_synthetic_v3.0.0-ai-improvement_0108.jpg,PARTIAL_DAMAGE,synthetic,v3.0.0-ai-improvement,,2026-08-05T04:08:22.909627+00:00,128,128,
synthetic/PARTIAL_DAMAGE/PARTIAL_DAMAGE_synthetic_v3.0.0-ai-improvement_0109.jpg,PARTIAL_DAMAGE,synthetic,v3.0.0-ai-improvement,,2026-08-05T04:08:22.915677+00:00,128,128,
synthetic/PARTIAL_DAMAGE/PARTIAL_DAMAGE_synthetic_v3.0.0-ai-improvement_0110.jpg,PARTIAL_DAMAGE,synthetic,v3.0.0-ai-improvement,,2026-08-05T04:08:22.922049+00:00,128,128,
synthetic/PARTIAL_DAMAGE/PARTIAL_DAMAGE_synthetic_v3.0.0-ai-improvement_0111.jpg,PARTIAL_DAMAGE,synthetic,v3.0.0-ai-improvement,,2026-08-05T04:08:22.928788+00:00,128,128,
synthetic/PARTIAL_DAMAGE/PARTIAL_DAMAGE_synthetic_v3.0.0-ai-improvement_0112.jpg,PARTIAL_DAMAGE,synthetic,v3.0.0-ai-improvement,,2026-08-05T04:08:22.935031+00:00,128,128,
synthetic/PARTIAL_DAMAGE/PARTIAL_DAMAGE_synthetic_v3.0.0-ai-improvement_0113.jpg,PARTIAL_DAMAGE,synthetic,v3.0.0-ai-improvement,,2026-08-05T04:08:22.941021+00:00,128,128,
synthetic/PARTIAL_DAMAGE/PARTIAL_DAMAGE_synthetic_v3.0.0-ai-improvement_0114.jpg,PARTIAL_DAMAGE,synthetic,v3.0.0-ai-improvement,,2026-08-05T04:08:22.947734+00:00,128,128,
synthetic/PARTIAL_DAMAGE/PARTIAL_DAMAGE_synthetic_v3.0.0-ai-improvement_0115.jpg,PARTIAL_DAMAGE,synthetic,v3.0.0-ai-improvement,,2026-08-05T04:08:22.954798+00:00,128,128,
synthetic/PARTIAL_DAMAGE/PARTIAL_DAMAGE_synthetic_v3.0.0-ai-improvement_0116.jpg,PARTIAL_DAMAGE,synthetic,v3.0.0-ai-improvement,,2026-08-05T04:08:22.962045+00:00,128,128,
synthetic/PARTIAL_DAMAGE/PARTIAL_DAMAGE_synthetic_v3.0.0-ai-improvement_0117.jpg,PARTIAL_DAMAGE,synthetic,v3.0.0-ai-improvement,,2026-08-05T04:08:22.971190+00:00,128,128,
synthetic/PARTIAL_DAMAGE/PARTIAL_DAMAGE_synthetic_v3.0.0-ai-improvement_0118.jpg,PARTIAL_DAMAGE,synthetic,v3.0.0-ai-improvement,,2026-08-05T04:08:22.977960+00:00,128,128,
synthetic/PARTIAL_DAMAGE/PARTIAL_DAMAGE_synthetic_v3.0.0-ai-improvement_0119.jpg,PARTIAL_DAMAGE,synthetic,v3.0.0-ai-improvement,,2026-08-05T04:08:22.985382+00:00,128,128,
synthetic/PARTIAL_DAMAGE/PARTIAL_DAMAGE_synthetic_v3.0.0-ai-improvement_0120.jpg,PARTIAL_DAMAGE,synthetic,v3.0.0-ai-improvement,,2026-08-05T04:08:22.992201+00:00,128,128,
synthetic/PARTIAL_DAMAGE/PARTIAL_DAMAGE_synthetic_v3.0.0-ai-improvement_0121.jpg,PARTIAL_DAMAGE,synthetic,v3.0.0-ai-improvement,,2026-08-05T04:08:22.999091+00:00,128,128,
synthetic/PARTIAL_DAMAGE/PARTIAL_DAMAGE_synthetic_v3.0.0-ai-improvement_0122.jpg,PARTIAL_DAMAGE,synthetic,v3.0.0-ai-improvement,,2026-08-05T04:08:23.004932+00:00,128,128,
synthetic/PARTIAL_DAMAGE/PARTIAL_DAMAGE_synthetic_v3.0.0-ai-improvement_0123.jpg,PARTIAL_DAMAGE,synthetic,v3.0.0-ai-improvement,,2026-08-05T04:08:23.010660+00:00,128,128,
synthetic/PARTIAL_DAMAGE/PARTIAL_DAMAGE_synthetic_v3.0.0-ai-improvement_0124.jpg,PARTIAL_DAMAGE,synthetic,v3.0.0-ai-improvement,,2026-08-05T04:08:23.016361+00:00,128,128,
synthetic/PARTIAL_DAMAGE/PARTIAL_DAMAGE_synthetic_v3.0.0-ai-improvement_0125.jpg,PARTIAL_DAMAGE,synthetic,v3.0.0-ai-improvement,,2026-08-05T04:08:23.023548+00:00,128,128,
synthetic/PARTIAL_DAMAGE/PARTIAL_DAMAGE_synthetic_v3.0.0-ai-improvement_0126.jpg,PARTIAL_DAMAGE,synthetic,v3.0.0-ai-improvement,,2026-08-05T04:08:23.030684+00:00,128,128,
synthetic/PARTIAL_DAMAGE/PARTIAL_DAMAGE_synthetic_v3.0.0-ai-improvement_0127.jpg,PARTIAL_DAMAGE,synthetic,v3.0.0-ai-improvement,,2026-08-05T04:08:23.037667+00:00,128,128,
synthetic/PARTIAL_DAMAGE/PARTIAL_DAMAGE_synthetic_v3.0.0-ai-improvement_0128.jpg,PARTIAL_DAMAGE,synthetic,v3.0.0-ai-improvement,,2026-08-05T04:08:23.044117+00:00,128,128,
synthetic/PARTIAL_DAMAGE/PARTIAL_DAMAGE_synthetic_v3.0.0-ai-improvement_0129.jpg,PARTIAL_DAMAGE,synthetic,v3.0.0-ai-improvement,,2026-08-05T04:08:23.052043+00:00,128,128,
synthetic/PARTIAL_DAMAGE/PARTIAL_DAMAGE_synthetic_v3.0.0-ai-improvement_0130.jpg,PARTIAL_DAMAGE,synthetic,v3.0.0-ai-improvement,,2026-08-05T04:08:23.058000+00:00,128,128,
synthetic/PARTIAL_DAMAGE/PARTIAL_DAMAGE_synthetic_v3.0.0-ai-improvement_0131.jpg,PARTIAL_DAMAGE,synthetic,v3.0.0-ai-improvement,,2026-08-05T04:08:23.064189+00:00,128,128,
synthetic/PARTIAL_DAMAGE/PARTIAL_DAMAGE_synthetic_v3.0.0-ai-improvement_0132.jpg,PARTIAL_DAMAGE,synthetic,v3.0.0-ai-improvement,,2026-08-05T04:08:23.070205+00:00,128,128,
synthetic/PARTIAL_DAMAGE/PARTIAL_DAMAGE_synthetic_v3.0.0-ai-improvement_0133.jpg,PARTIAL_DAMAGE,synthetic,v3.0.0-ai-improvement,,2026-08-05T04:08:23.076908+00:00,128,128,
synthetic/PARTIAL_DAMAGE/PARTIAL_DAMAGE_synthetic_v3.0.0-ai-improvement_0134.jpg,PARTIAL_DAMAGE,synthetic,v3.0.0-ai-improvement,,2026-08-05T04:08:23.083901+00:00,128,128,
synthetic/PARTIAL_DAMAGE/PARTIAL_DAMAGE_synthetic_v3.0.0-ai-improvement_0135.jpg,PARTIAL_DAMAGE,synthetic,v3.0.0-ai-improvement,,2026-08-05T04:08:23.091674+00:00,128,128,
synthetic/PARTIAL_DAMAGE/PARTIAL_DAMAGE_synthetic_v3.0.0-ai-improvement_0136.jpg,PARTIAL_DAMAGE,synthetic,v3.0.0-ai-improvement,,2026-08-05T04:08:23.098977+00:00,128,128,
synthetic/PARTIAL_DAMAGE/PARTIAL_DAMAGE_synthetic_v3.0.0-ai-improvement_0137.jpg,PARTIAL_DAMAGE,synthetic,v3.0.0-ai-improvement,,2026-08-05T04:08:23.105590+00:00,128,128,
synthetic/PARTIAL_DAMAGE/PARTIAL_DAMAGE_synthetic_v3.0.0-ai-improvement_0138.jpg,PARTIAL_DAMAGE,synthetic,v3.0.0-ai-improvement,,2026-08-05T04:08:23.111756+00:00,128,128,
synthetic/PARTIAL_DAMAGE/PARTIAL_DAMAGE_synthetic_v3.0.0-ai-improvement_0139.jpg,PARTIAL_DAMAGE,synthetic,v3.0.0-ai-improvement,,2026-08-05T04:08:23.118672+00:00,128,128,
synthetic/PARTIAL_DAMAGE/PARTIAL_DAMAGE_synthetic_v3.0.0-ai-improvement_0140.jpg,PARTIAL_DAMAGE,synthetic,v3.0.0-ai-improvement,,2026-08-05T04:08:23.125793+00:00,128,128,
synthetic/PARTIAL_DAMAGE/PARTIAL_DAMAGE_synthetic_v3.0.0-ai-improvement_0141.jpg,PARTIAL_DAMAGE,synthetic,v3.0.0-ai-improvement,,2026-08-05T04:08:23.132439+00:00,128,128,
synthetic/PARTIAL_DAMAGE/PARTIAL_DAMAGE_synthetic_v3.0.0-ai-improvement_0142.jpg,PARTIAL_DAMAGE,synthetic,v3.0.0-ai-improvement,,2026-08-05T04:08:23.140672+00:00,128,128,
synthetic/PARTIAL_DAMAGE/PARTIAL_DAMAGE_synthetic_v3.0.0-ai-improvement_0143.jpg,PARTIAL_DAMAGE,synthetic,v3.0.0-ai-improvement,,2026-08-05T04:08:23.147531+00:00,128,128,
synthetic/PARTIAL_DAMAGE/PARTIAL_DAMAGE_synthetic_v3.0.0-ai-improvement_0144.jpg,PARTIAL_DAMAGE,synthetic,v3.0.0-ai-improvement,,2026-08-05T04:08:23.154188+00:00,128,128,
synthetic/PARTIAL_DAMAGE/PARTIAL_DAMAGE_synthetic_v3.0.0-ai-improvement_0145.jpg,PARTIAL_DAMAGE,synthetic,v3.0.0-ai-improvement,,2026-08-05T04:08:23.162517+00:00,128,128,
synthetic/PARTIAL_DAMAGE/PARTIAL_DAMAGE_synthetic_v3.0.0-ai-improvement_0146.jpg,PARTIAL_DAMAGE,synthetic,v3.0.0-ai-improvement,,2026-08-05T04:08:23.168558+00:00,128,128,
synthetic/PARTIAL_DAMAGE/PARTIAL_DAMAGE_synthetic_v3.0.0-ai-improvement_0147.jpg,PARTIAL_DAMAGE,synthetic,v3.0.0-ai-improvement,,2026-08-05T04:08:23.176167+00:00,128,128,
synthetic/PARTIAL_DAMAGE/PARTIAL_DAMAGE_synthetic_v3.0.0-ai-improvement_0148.jpg,PARTIAL_DAMAGE,synthetic,v3.0.0-ai-improvement,,2026-08-05T04:08:23.183340+00:00,128,128,
synthetic/PARTIAL_DAMAGE/PARTIAL_DAMAGE_synthetic_v3.0.0-ai-improvement_0149.jpg,PARTIAL_DAMAGE,synthetic,v3.0.0-ai-improvement,,2026-08-05T04:08:23.189554+00:00,128,128,
synthetic/PARTIAL_DAMAGE/PARTIAL_DAMAGE_synthetic_v3.0.0-ai-improvement_0150.jpg,PARTIAL_DAMAGE,synthetic,v3.0.0-ai-improvement,,2026-08-05T04:08:23.195901+00:00,128,128,
synthetic/PARTIAL_DAMAGE/PARTIAL_DAMAGE_synthetic_v3.0.0-ai-improvement_0151.jpg,PARTIAL_DAMAGE,synthetic,v3.0.0-ai-improvement,,2026-08-05T04:08:23.202598+00:00,128,128,
synthetic/PARTIAL_DAMAGE/PARTIAL_DAMAGE_synthetic_v3.0.0-ai-improvement_0152.jpg,PARTIAL_DAMAGE,synthetic,v3.0.0-ai-improvement,,2026-08-05T04:08:23.208988+00:00,128,128,
synthetic/PARTIAL_DAMAGE/PARTIAL_DAMAGE_synthetic_v3.0.0-ai-improvement_0153.jpg,PARTIAL_DAMAGE,synthetic,v3.0.0-ai-improvement,,2026-08-05T04:08:23.216200+00:00,128,128,
synthetic/PARTIAL_DAMAGE/PARTIAL_DAMAGE_synthetic_v3.0.0-ai-improvement_0154.jpg,PARTIAL_DAMAGE,synthetic,v3.0.0-ai-improvement,,2026-08-05T04:08:23.222849+00:00,128,128,
synthetic/PARTIAL_DAMAGE/PARTIAL_DAMAGE_synthetic_v3.0.0-ai-improvement_0155.jpg,PARTIAL_DAMAGE,synthetic,v3.0.0-ai-improvement,,2026-08-05T04:08:23.228838+00:00,128,128,
synthetic/PARTIAL_DAMAGE/PARTIAL_DAMAGE_synthetic_v3.0.0-ai-improvement_0156.jpg,PARTIAL_DAMAGE,synthetic,v3.0.0-ai-improvement,,2026-08-05T04:08:23.235753+00:00,128,128,
synthetic/PARTIAL_DAMAGE/PARTIAL_DAMAGE_synthetic_v3.0.0-ai-improvement_0157.jpg,PARTIAL_DAMAGE,synthetic,v3.0.0-ai-improvement,,2026-08-05T04:08:23.241967+00:00,128,128,
synthetic/PARTIAL_DAMAGE/PARTIAL_DAMAGE_synthetic_v3.0.0-ai-improvement_0158.jpg,PARTIAL_DAMAGE,synthetic,v3.0.0-ai-improvement,,2026-08-05T04:08:23.248249+00:00,128,128,
synthetic/PARTIAL_DAMAGE/PARTIAL_DAMAGE_synthetic_v3.0.0-ai-improvement_0159.jpg,PARTIAL_DAMAGE,synthetic,v3.0.0-ai-improvement,,2026-08-05T04:08:23.254395+00:00,128,128,
synthetic/PARTIAL_DAMAGE/PARTIAL_DAMAGE_synthetic_v3.0.0-ai-improvement_0160.jpg,PARTIAL_DAMAGE,synthetic,v3.0.0-ai-improvement,,2026-08-05T04:08:23.260250+00:00,128,128,
synthetic/PARTIAL_DAMAGE/PARTIAL_DAMAGE_synthetic_v3.0.0-ai-improvement_0161.jpg,PARTIAL_DAMAGE,synthetic,v3.0.0-ai-improvement,,2026-08-05T04:08:23.266102+00:00,128,128,
synthetic/PARTIAL_DAMAGE/PARTIAL_DAMAGE_synthetic_v3.0.0-ai-improvement_0162.jpg,PARTIAL_DAMAGE,synthetic,v3.0.0-ai-improvement,,2026-08-05T04:08:23.272667+00:00,128,128,
synthetic/PARTIAL_DAMAGE/PARTIAL_DAMAGE_synthetic_v3.0.0-ai-improvement_0163.jpg,PARTIAL_DAMAGE,synthetic,v3.0.0-ai-improvement,,2026-08-05T04:08:23.278549+00:00,128,128,
synthetic/PARTIAL_DAMAGE/PARTIAL_DAMAGE_synthetic_v3.0.0-ai-improvement_0164.jpg,PARTIAL_DAMAGE,synthetic,v3.0.0-ai-improvement,,2026-08-05T04:08:23.285437+00:00,128,128,
synthetic/PARTIAL_DAMAGE/PARTIAL_DAMAGE_synthetic_v3.0.0-ai-improvement_0165.jpg,PARTIAL_DAMAGE,synthetic,v3.0.0-ai-improvement,,2026-08-05T04:08:23.291542+00:00,128,128,
synthetic/PARTIAL_DAMAGE/PARTIAL_DAMAGE_synthetic_v3.0.0-ai-improvement_0166.jpg,PARTIAL_DAMAGE,synthetic,v3.0.0-ai-improvement,,2026-08-05T04:08:23.299182+00:00,128,128,
synthetic/PARTIAL_DAMAGE/PARTIAL_DAMAGE_synthetic_v3.0.0-ai-improvement_0167.jpg,PARTIAL_DAMAGE,synthetic,v3.0.0-ai-improvement,,2026-08-05T04:08:23.306058+00:00,128,128,
synthetic/PARTIAL_DAMAGE/PARTIAL_DAMAGE_synthetic_v3.0.0-ai-improvement_0168.jpg,PARTIAL_DAMAGE,synthetic,v3.0.0-ai-improvement,,2026-08-05T04:08:23.312727+00:00,128,128,
synthetic/PARTIAL_DAMAGE/PARTIAL_DAMAGE_synthetic_v3.0.0-ai-improvement_0169.jpg,PARTIAL_DAMAGE,synthetic,v3.0.0-ai-improvement,,2026-08-05T04:08:23.319492+00:00,128,128,
synthetic/PARTIAL_DAMAGE/PARTIAL_DAMAGE_synthetic_v3.0.0-ai-improvement_0170.jpg,PARTIAL_DAMAGE,synthetic,v3.0.0-ai-improvement,,2026-08-05T04:08:23.326229+00:00,128,128,
synthetic/PARTIAL_DAMAGE/PARTIAL_DAMAGE_synthetic_v3.0.0-ai-improvement_0171.jpg,PARTIAL_DAMAGE,synthetic,v3.0.0-ai-improvement,,2026-08-05T04:08:23.333853+00:00,128,128,
synthetic/PARTIAL_DAMAGE/PARTIAL_DAMAGE_synthetic_v3.0.0-ai-improvement_0172.jpg,PARTIAL_DAMAGE,synthetic,v3.0.0-ai-improvement,,2026-08-05T04:08:23.340171+00:00,128,128,
synthetic/PARTIAL_DAMAGE/PARTIAL_DAMAGE_synthetic_v3.0.0-ai-improvement_0173.jpg,PARTIAL_DAMAGE,synthetic,v3.0.0-ai-improvement,,2026-08-05T04:08:23.346253+00:00,128,128,
synthetic/PARTIAL_DAMAGE/PARTIAL_DAMAGE_synthetic_v3.0.0-ai-improvement_0174.jpg,PARTIAL_DAMAGE,synthetic,v3.0.0-ai-improvement,,2026-08-05T04:08:23.352671+00:00,128,128,
synthetic/PARTIAL_DAMAGE/PARTIAL_DAMAGE_synthetic_v3.0.0-ai-improvement_0175.jpg,PARTIAL_DAMAGE,synthetic,v3.0.0-ai-improvement,,2026-08-05T04:08:23.358100+00:00,128,128,
synthetic/PARTIAL_DAMAGE/PARTIAL_DAMAGE_synthetic_v3.0.0-ai-improvement_0176.jpg,PARTIAL_DAMAGE,synthetic,v3.0.0-ai-improvement,,2026-08-05T04:08:23.365155+00:00,128,128,
synthetic/PARTIAL_DAMAGE/PARTIAL_DAMAGE_synthetic_v3.0.0-ai-improvement_0177.jpg,PARTIAL_DAMAGE,synthetic,v3.0.0-ai-improvement,,2026-08-05T04:08:23.372014+00:00,128,128,
synthetic/PARTIAL_DAMAGE/PARTIAL_DAMAGE_synthetic_v3.0.0-ai-improvement_0178.jpg,PARTIAL_DAMAGE,synthetic,v3.0.0-ai-improvement,,2026-08-05T04:08:23.378772+00:00,128,128,
synthetic/PARTIAL_DAMAGE/PARTIAL_DAMAGE_synthetic_v3.0.0-ai-improvement_0179.jpg,PARTIAL_DAMAGE,synthetic,v3.0.0-ai-improvement,,2026-08-05T04:08:23.385186+00:00,128,128,
synthetic/PARTIAL_DAMAGE/PARTIAL_DAMAGE_synthetic_v3.0.0-ai-improvement_0180.jpg,PARTIAL_DAMAGE,synthetic,v3.0.0-ai-improvement,,2026-08-05T04:08:23.391792+00:00,128,128,
synthetic/PARTIAL_DAMAGE/PARTIAL_DAMAGE_synthetic_v3.0.0-ai-improvement_0181.jpg,PARTIAL_DAMAGE,synthetic,v3.0.0-ai-improvement,,2026-08-05T04:08:23.397806+00:00,128,128,
synthetic/PARTIAL_DAMAGE/PARTIAL_DAMAGE_synthetic_v3.0.0-ai-improvement_0182.jpg,PARTIAL_DAMAGE,synthetic,v3.0.0-ai-improvement,,2026-08-05T04:08:23.403848+00:00,128,128,
synthetic/PARTIAL_DAMAGE/PARTIAL_DAMAGE_synthetic_v3.0.0-ai-improvement_0183.jpg,PARTIAL_DAMAGE,synthetic,v3.0.0-ai-improvement,,2026-08-05T04:08:23.411071+00:00,128,128,
synthetic/PARTIAL_DAMAGE/PARTIAL_DAMAGE_synthetic_v3.0.0-ai-improvement_0184.jpg,PARTIAL_DAMAGE,synthetic,v3.0.0-ai-improvement,,2026-08-05T04:08:23.418015+00:00,128,128,
synthetic/PARTIAL_DAMAGE/PARTIAL_DAMAGE_synthetic_v3.0.0-ai-improvement_0185.jpg,PARTIAL_DAMAGE,synthetic,v3.0.0-ai-improvement,,2026-08-05T04:08:23.425174+00:00,128,128,
synthetic/PARTIAL_DAMAGE/PARTIAL_DAMAGE_synthetic_v3.0.0-ai-improvement_0186.jpg,PARTIAL_DAMAGE,synthetic,v3.0.0-ai-improvement,,2026-08-05T04:08:23.431741+00:00,128,128,
synthetic/PARTIAL_DAMAGE/PARTIAL_DAMAGE_synthetic_v3.0.0-ai-improvement_0187.jpg,PARTIAL_DAMAGE,synthetic,v3.0.0-ai-improvement,,2026-08-05T04:08:23.437588+00:00,128,128,
synthetic/PARTIAL_DAMAGE/PARTIAL_DAMAGE_synthetic_v3.0.0-ai-improvement_0188.jpg,PARTIAL_DAMAGE,synthetic,v3.0.0-ai-improvement,,2026-08-05T04:08:23.444669+00:00,128,128,
synthetic/PARTIAL_DAMAGE/PARTIAL_DAMAGE_synthetic_v3.0.0-ai-improvement_0189.jpg,PARTIAL_DAMAGE,synthetic,v3.0.0-ai-improvement,,2026-08-05T04:08:23.450929+00:00,128,128,
synthetic/PARTIAL_DAMAGE/PARTIAL_DAMAGE_synthetic_v3.0.0-ai-improvement_0190.jpg,PARTIAL_DAMAGE,synthetic,v3.0.0-ai-improvement,,2026-08-05T04:08:23.457433+00:00,128,128,
synthetic/PARTIAL_DAMAGE/PARTIAL_DAMAGE_synthetic_v3.0.0-ai-improvement_0191.jpg,PARTIAL_DAMAGE,synthetic,v3.0.0-ai-improvement,,2026-08-05T04:08:23.463782+00:00,128,128,
synthetic/PARTIAL_DAMAGE/PARTIAL_DAMAGE_synthetic_v3.0.0-ai-improvement_0192.jpg,PARTIAL_DAMAGE,synthetic,v3.0.0-ai-improvement,,2026-08-05T04:08:23.469891+00:00,128,128,
synthetic/PARTIAL_DAMAGE/PARTIAL_DAMAGE_synthetic_v3.0.0-ai-improvement_0193.jpg,PARTIAL_DAMAGE,synthetic,v3.0.0-ai-improvement,,2026-08-05T04:08:23.475762+00:00,128,128,
synthetic/PARTIAL_DAMAGE/PARTIAL_DAMAGE_synthetic_v3.0.0-ai-improvement_0194.jpg,PARTIAL_DAMAGE,synthetic,v3.0.0-ai-improvement,,2026-08-05T04:08:23.481245+00:00,128,128,
synthetic/PARTIAL_DAMAGE/PARTIAL_DAMAGE_synthetic_v3.0.0-ai-improvement_0195.jpg,PARTIAL_DAMAGE,synthetic,v3.0.0-ai-improvement,,2026-08-05T04:08:23.487597+00:00,128,128,
synthetic/PARTIAL_DAMAGE/PARTIAL_DAMAGE_synthetic_v3.0.0-ai-improvement_0196.jpg,PARTIAL_DAMAGE,synthetic,v3.0.0-ai-improvement,,2026-08-05T04:08:23.493641+00:00,128,128,
synthetic/PARTIAL_DAMAGE/PARTIAL_DAMAGE_synthetic_v3.0.0-ai-improvement_0197.jpg,PARTIAL_DAMAGE,synthetic,v3.0.0-ai-improvement,,2026-08-05T04:08:23.500028+00:00,128,128,
synthetic/PARTIAL_DAMAGE/PARTIAL_DAMAGE_synthetic_v3.0.0-ai-improvement_0198.jpg,PARTIAL_DAMAGE,synthetic,v3.0.0-ai-improvement,,2026-08-05T04:08:23.505863+00:00,128,128,
synthetic/PARTIAL_DAMAGE/PARTIAL_DAMAGE_synthetic_v3.0.0-ai-improvement_0199.jpg,PARTIAL_DAMAGE,synthetic,v3.0.0-ai-improvement,,2026-08-05T04:08:23.512016+00:00,128,128,
synthetic/PARTIAL_DAMAGE/PARTIAL_DAMAGE_synthetic_v3.0.0-ai-improvement_0200.jpg,PARTIAL_DAMAGE,synthetic,v3.0.0-ai-improvement,,2026-08-05T04:08:23.518136+00:00,128,128,
synthetic/PARTIAL_DAMAGE/PARTIAL_DAMAGE_synthetic_v3.0.0-ai-improvement_0201.jpg,PARTIAL_DAMAGE,synthetic,v3.0.0-ai-improvement,,2026-08-05T04:08:23.524363+00:00,128,128,
synthetic/PARTIAL_DAMAGE/PARTIAL_DAMAGE_synthetic_v3.0.0-ai-improvement_0202.jpg,PARTIAL_DAMAGE,synthetic,v3.0.0-ai-improvement,,2026-08-05T04:08:23.530751+00:00,128,128,
synthetic/PARTIAL_DAMAGE/PARTIAL_DAMAGE_synthetic_v3.0.0-ai-improvement_0203.jpg,PARTIAL_DAMAGE,synthetic,v3.0.0-ai-improvement,,2026-08-05T04:08:23.536867+00:00,128,128,
synthetic/PARTIAL_DAMAGE/PARTIAL_DAMAGE_synthetic_v3.0.0-ai-improvement_0204.jpg,PARTIAL_DAMAGE,synthetic,v3.0.0-ai-improvement,,2026-08-05T04:08:23.542806+00:00,128,128,
synthetic/PARTIAL_DAMAGE/PARTIAL_DAMAGE_synthetic_v3.0.0-ai-improvement_0205.jpg,PARTIAL_DAMAGE,synthetic,v3.0.0-ai-improvement,,2026-08-05T04:08:23.548722+00:00,128,128,
synthetic/PARTIAL_DAMAGE/PARTIAL_DAMAGE_synthetic_v3.0.0-ai-improvement_0206.jpg,PARTIAL_DAMAGE,synthetic,v3.0.0-ai-improvement,,2026-08-05T04:08:23.555037+00:00,128,128,
synthetic/PARTIAL_DAMAGE/PARTIAL_DAMAGE_synthetic_v3.0.0-ai-improvement_0207.jpg,PARTIAL_DAMAGE,synthetic,v3.0.0-ai-improvement,,2026-08-05T04:08:23.561025+00:00,128,128,
synthetic/PARTIAL_DAMAGE/PARTIAL_DAMAGE_synthetic_v3.0.0-ai-improvement_0208.jpg,PARTIAL_DAMAGE,synthetic,v3.0.0-ai-improvement,,2026-08-05T04:08:23.566752+00:00,128,128,
synthetic/PARTIAL_DAMAGE/PARTIAL_DAMAGE_synthetic_v3.0.0-ai-improvement_0209.jpg,PARTIAL_DAMAGE,synthetic,v3.0.0-ai-improvement,,2026-08-05T04:08:23.573321+00:00,128,128,
synthetic/PARTIAL_DAMAGE/PARTIAL_DAMAGE_synthetic_v3.0.0-ai-improvement_0210.jpg,PARTIAL_DAMAGE,synthetic,v3.0.0-ai-improvement,,2026-08-05T04:08:23.579970+00:00,128,128,
synthetic/PARTIAL_DAMAGE/PARTIAL_DAMAGE_synthetic_v3.0.0-ai-improvement_0211.jpg,PARTIAL_DAMAGE,synthetic,v3.0.0-ai-improvement,,2026-08-05T04:08:23.586811+00:00,128,128,
synthetic/PARTIAL_DAMAGE/PARTIAL_DAMAGE_synthetic_v3.0.0-ai-improvement_0212.jpg,PARTIAL_DAMAGE,synthetic,v3.0.0-ai-improvement,,2026-08-05T04:08:23.593401+00:00,128,128,
synthetic/PARTIAL_DAMAGE/PARTIAL_DAMAGE_synthetic_v3.0.0-ai-improvement_0213.jpg,PARTIAL_DAMAGE,synthetic,v3.0.0-ai-improvement,,2026-08-05T04:08:23.600373+00:00,128,128,
synthetic/SEAL_OPEN/SEAL_OPEN_synthetic_v3.0.0-ai-improvement_0000.jpg,SEAL_OPEN,synthetic,v3.0.0-ai-improvement,,2026-08-05T04:08:23.605888+00:00,128,128,
synthetic/SEAL_OPEN/SEAL_OPEN_synthetic_v3.0.0-ai-improvement_0001.jpg,SEAL_OPEN,synthetic,v3.0.0-ai-improvement,,2026-08-05T04:08:23.611365+00:00,128,128,
synthetic/SEAL_OPEN/SEAL_OPEN_synthetic_v3.0.0-ai-improvement_0002.jpg,SEAL_OPEN,synthetic,v3.0.0-ai-improvement,,2026-08-05T04:08:23.617603+00:00,128,128,
synthetic/SEAL_OPEN/SEAL_OPEN_synthetic_v3.0.0-ai-improvement_0003.jpg,SEAL_OPEN,synthetic,v3.0.0-ai-improvement,,2026-08-05T04:08:23.623212+00:00,128,128,
synthetic/SEAL_OPEN/SEAL_OPEN_synthetic_v3.0.0-ai-improvement_0004.jpg,SEAL_OPEN,synthetic,v3.0.0-ai-improvement,,2026-08-05T04:08:23.628468+00:00,128,128,
synthetic/SEAL_OPEN/SEAL_OPEN_synthetic_v3.0.0-ai-improvement_0005.jpg,SEAL_OPEN,synthetic,v3.0.0-ai-improvement,,2026-08-05T04:08:23.634111+00:00,128,128,
synthetic/SEAL_OPEN/SEAL_OPEN_synthetic_v3.0.0-ai-improvement_0006.jpg,SEAL_OPEN,synthetic,v3.0.0-ai-improvement,,2026-08-05T04:08:23.640190+00:00,128,128,
synthetic/SEAL_OPEN/SEAL_OPEN_synthetic_v3.0.0-ai-improvement_0007.jpg,SEAL_OPEN,synthetic,v3.0.0-ai-improvement,,2026-08-05T04:08:23.646050+00:00,128,128,
synthetic/SEAL_OPEN/SEAL_OPEN_synthetic_v3.0.0-ai-improvement_0008.jpg,SEAL_OPEN,synthetic,v3.0.0-ai-improvement,,2026-08-05T04:08:23.651609+00:00,128,128,
synthetic/SEAL_OPEN/SEAL_OPEN_synthetic_v3.0.0-ai-improvement_0009.jpg,SEAL_OPEN,synthetic,v3.0.0-ai-improvement,,2026-08-05T04:08:23.657622+00:00,128,128,
synthetic/SEAL_OPEN/SEAL_OPEN_synthetic_v3.0.0-ai-improvement_0010.jpg,SEAL_OPEN,synthetic,v3.0.0-ai-improvement,,2026-08-05T04:08:23.663352+00:00,128,128,
synthetic/SEAL_OPEN/SEAL_OPEN_synthetic_v3.0.0-ai-improvement_0011.jpg,SEAL_OPEN,synthetic,v3.0.0-ai-improvement,,2026-08-05T04:08:23.669162+00:00,128,128,
synthetic/SEAL_OPEN/SEAL_OPEN_synthetic_v3.0.0-ai-improvement_0012.jpg,SEAL_OPEN,synthetic,v3.0.0-ai-improvement,,2026-08-05T04:08:23.678268+00:00,128,128,
synthetic/SEAL_OPEN/SEAL_OPEN_synthetic_v3.0.0-ai-improvement_0013.jpg,SEAL_OPEN,synthetic,v3.0.0-ai-improvement,,2026-08-05T04:08:23.684110+00:00,128,128,
synthetic/SEAL_OPEN/SEAL_OPEN_synthetic_v3.0.0-ai-improvement_0014.jpg,SEAL_OPEN,synthetic,v3.0.0-ai-improvement,,2026-08-05T04:08:23.690615+00:00,128,128,
synthetic/SEAL_OPEN/SEAL_OPEN_synthetic_v3.0.0-ai-improvement_0015.jpg,SEAL_OPEN,synthetic,v3.0.0-ai-improvement,,2026-08-05T04:08:23.696617+00:00,128,128,
synthetic/SEAL_OPEN/SEAL_OPEN_synthetic_v3.0.0-ai-improvement_0016.jpg,SEAL_OPEN,synthetic,v3.0.0-ai-improvement,,2026-08-05T04:08:23.702596+00:00,128,128,
synthetic/SEAL_OPEN/SEAL_OPEN_synthetic_v3.0.0-ai-improvement_0017.jpg,SEAL_OPEN,synthetic,v3.0.0-ai-improvement,,2026-08-05T04:08:23.708239+00:00,128,128,
synthetic/SEAL_OPEN/SEAL_OPEN_synthetic_v3.0.0-ai-improvement_0018.jpg,SEAL_OPEN,synthetic,v3.0.0-ai-improvement,,2026-08-05T04:08:23.714016+00:00,128,128,
synthetic/SEAL_OPEN/SEAL_OPEN_synthetic_v3.0.0-ai-improvement_0019.jpg,SEAL_OPEN,synthetic,v3.0.0-ai-improvement,,2026-08-05T04:08:23.720365+00:00,128,128,
synthetic/SEAL_OPEN/SEAL_OPEN_synthetic_v3.0.0-ai-improvement_0020.jpg,SEAL_OPEN,synthetic,v3.0.0-ai-improvement,,2026-08-05T04:08:23.725912+00:00,128,128,
synthetic/SEAL_OPEN/SEAL_OPEN_synthetic_v3.0.0-ai-improvement_0021.jpg,SEAL_OPEN,synthetic,v3.0.0-ai-improvement,,2026-08-05T04:08:23.732479+00:00,128,128,
synthetic/SEAL_OPEN/SEAL_OPEN_synthetic_v3.0.0-ai-improvement_0022.jpg,SEAL_OPEN,synthetic,v3.0.0-ai-improvement,,2026-08-05T04:08:23.738173+00:00,128,128,
synthetic/SEAL_OPEN/SEAL_OPEN_synthetic_v3.0.0-ai-improvement_0023.jpg,SEAL_OPEN,synthetic,v3.0.0-ai-improvement,,2026-08-05T04:08:23.743917+00:00,128,128,
synthetic/SEAL_OPEN/SEAL_OPEN_synthetic_v3.0.0-ai-improvement_0024.jpg,SEAL_OPEN,synthetic,v3.0.0-ai-improvement,,2026-08-05T04:08:23.750773+00:00,128,128,
synthetic/SEAL_OPEN/SEAL_OPEN_synthetic_v3.0.0-ai-improvement_0025.jpg,SEAL_OPEN,synthetic,v3.0.0-ai-improvement,,2026-08-05T04:08:23.756705+00:00,128,128,
synthetic/SEAL_OPEN/SEAL_OPEN_synthetic_v3.0.0-ai-improvement_0026.jpg,SEAL_OPEN,synthetic,v3.0.0-ai-improvement,,2026-08-05T04:08:23.762217+00:00,128,128,
synthetic/SEAL_OPEN/SEAL_OPEN_synthetic_v3.0.0-ai-improvement_0027.jpg,SEAL_OPEN,synthetic,v3.0.0-ai-improvement,,2026-08-05T04:08:23.768572+00:00,128,128,
synthetic/SEAL_OPEN/SEAL_OPEN_synthetic_v3.0.0-ai-improvement_0028.jpg,SEAL_OPEN,synthetic,v3.0.0-ai-improvement,,2026-08-05T04:08:23.774782+00:00,128,128,
synthetic/SEAL_OPEN/SEAL_OPEN_synthetic_v3.0.0-ai-improvement_0029.jpg,SEAL_OPEN,synthetic,v3.0.0-ai-improvement,,2026-08-05T04:08:23.781195+00:00,128,128,
synthetic/SEAL_OPEN/SEAL_OPEN_synthetic_v3.0.0-ai-improvement_0030.jpg,SEAL_OPEN,synthetic,v3.0.0-ai-improvement,,2026-08-05T04:08:23.786809+00:00,128,128,
synthetic/SEAL_OPEN/SEAL_OPEN_synthetic_v3.0.0-ai-improvement_0031.jpg,SEAL_OPEN,synthetic,v3.0.0-ai-improvement,,2026-08-05T04:08:23.794591+00:00,128,128,
synthetic/SEAL_OPEN/SEAL_OPEN_synthetic_v3.0.0-ai-improvement_0032.jpg,SEAL_OPEN,synthetic,v3.0.0-ai-improvement,,2026-08-05T04:08:23.800372+00:00,128,128,
synthetic/SEAL_OPEN/SEAL_OPEN_synthetic_v3.0.0-ai-improvement_0033.jpg,SEAL_OPEN,synthetic,v3.0.0-ai-improvement,,2026-08-05T04:08:23.806539+00:00,128,128,
synthetic/SEAL_OPEN/SEAL_OPEN_synthetic_v3.0.0-ai-improvement_0034.jpg,SEAL_OPEN,synthetic,v3.0.0-ai-improvement,,2026-08-05T04:08:23.812571+00:00,128,128,
synthetic/SEAL_OPEN/SEAL_OPEN_synthetic_v3.0.0-ai-improvement_0035.jpg,SEAL_OPEN,synthetic,v3.0.0-ai-improvement,,2026-08-05T04:08:23.818821+00:00,128,128,
synthetic/SEAL_OPEN/SEAL_OPEN_synthetic_v3.0.0-ai-improvement_0036.jpg,SEAL_OPEN,synthetic,v3.0.0-ai-improvement,,2026-08-05T04:08:23.824947+00:00,128,128,
synthetic/SEAL_OPEN/SEAL_OPEN_synthetic_v3.0.0-ai-improvement_0037.jpg,SEAL_OPEN,synthetic,v3.0.0-ai-improvement,,2026-08-05T04:08:23.830976+00:00,128,128,
synthetic/SEAL_OPEN/SEAL_OPEN_synthetic_v3.0.0-ai-improvement_0038.jpg,SEAL_OPEN,synthetic,v3.0.0-ai-improvement,,2026-08-05T04:08:23.836766+00:00,128,128,
synthetic/SEAL_OPEN/SEAL_OPEN_synthetic_v3.0.0-ai-improvement_0039.jpg,SEAL_OPEN,synthetic,v3.0.0-ai-improvement,,2026-08-05T04:08:23.843044+00:00,128,128,
synthetic/SEAL_OPEN/SEAL_OPEN_synthetic_v3.0.0-ai-improvement_0040.jpg,SEAL_OPEN,synthetic,v3.0.0-ai-improvement,,2026-08-05T04:08:23.849398+00:00,128,128,
synthetic/SEAL_OPEN/SEAL_OPEN_synthetic_v3.0.0-ai-improvement_0041.jpg,SEAL_OPEN,synthetic,v3.0.0-ai-improvement,,2026-08-05T04:08:23.855168+00:00,128,128,
synthetic/SEAL_OPEN/SEAL_OPEN_synthetic_v3.0.0-ai-improvement_0042.jpg,SEAL_OPEN,synthetic,v3.0.0-ai-improvement,,2026-08-05T04:08:23.861659+00:00,128,128,
synthetic/SEAL_OPEN/SEAL_OPEN_synthetic_v3.0.0-ai-improvement_0043.jpg,SEAL_OPEN,synthetic,v3.0.0-ai-improvement,,2026-08-05T04:08:23.868323+00:00,128,128,
synthetic/SEAL_OPEN/SEAL_OPEN_synthetic_v3.0.0-ai-improvement_0044.jpg,SEAL_OPEN,synthetic,v3.0.0-ai-improvement,,2026-08-05T04:08:23.874397+00:00,128,128,
synthetic/SEAL_OPEN/SEAL_OPEN_synthetic_v3.0.0-ai-improvement_0045.jpg,SEAL_OPEN,synthetic,v3.0.0-ai-improvement,,2026-08-05T04:08:23.880464+00:00,128,128,
synthetic/SEAL_OPEN/SEAL_OPEN_synthetic_v3.0.0-ai-improvement_0046.jpg,SEAL_OPEN,synthetic,v3.0.0-ai-improvement,,2026-08-05T04:08:23.887314+00:00,128,128,
synthetic/SEAL_OPEN/SEAL_OPEN_synthetic_v3.0.0-ai-improvement_0047.jpg,SEAL_OPEN,synthetic,v3.0.0-ai-improvement,,2026-08-05T04:08:23.897014+00:00,128,128,
synthetic/SEAL_OPEN/SEAL_OPEN_synthetic_v3.0.0-ai-improvement_0048.jpg,SEAL_OPEN,synthetic,v3.0.0-ai-improvement,,2026-08-05T04:08:23.903964+00:00,128,128,
synthetic/SEAL_OPEN/SEAL_OPEN_synthetic_v3.0.0-ai-improvement_0049.jpg,SEAL_OPEN,synthetic,v3.0.0-ai-improvement,,2026-08-05T04:08:23.911180+00:00,128,128,
synthetic/SEAL_OPEN/SEAL_OPEN_synthetic_v3.0.0-ai-improvement_0050.jpg,SEAL_OPEN,synthetic,v3.0.0-ai-improvement,,2026-08-05T04:08:23.917745+00:00,128,128,
synthetic/SEAL_OPEN/SEAL_OPEN_synthetic_v3.0.0-ai-improvement_0051.jpg,SEAL_OPEN,synthetic,v3.0.0-ai-improvement,,2026-08-05T04:08:23.924365+00:00,128,128,
synthetic/SEAL_OPEN/SEAL_OPEN_synthetic_v3.0.0-ai-improvement_0052.jpg,SEAL_OPEN,synthetic,v3.0.0-ai-improvement,,2026-08-05T04:08:23.930167+00:00,128,128,
synthetic/SEAL_OPEN/SEAL_OPEN_synthetic_v3.0.0-ai-improvement_0053.jpg,SEAL_OPEN,synthetic,v3.0.0-ai-improvement,,2026-08-05T04:08:23.936742+00:00,128,128,
synthetic/SEAL_OPEN/SEAL_OPEN_synthetic_v3.0.0-ai-improvement_0054.jpg,SEAL_OPEN,synthetic,v3.0.0-ai-improvement,,2026-08-05T04:08:23.942784+00:00,128,128,
synthetic/SEAL_OPEN/SEAL_OPEN_synthetic_v3.0.0-ai-improvement_0055.jpg,SEAL_OPEN,synthetic,v3.0.0-ai-improvement,,2026-08-05T04:08:23.948772+00:00,128,128,
synthetic/SEAL_OPEN/SEAL_OPEN_synthetic_v3.0.0-ai-improvement_0056.jpg,SEAL_OPEN,synthetic,v3.0.0-ai-improvement,,2026-08-05T04:08:23.955454+00:00,128,128,
synthetic/SEAL_OPEN/SEAL_OPEN_synthetic_v3.0.0-ai-improvement_0057.jpg,SEAL_OPEN,synthetic,v3.0.0-ai-improvement,,2026-08-05T04:08:23.962135+00:00,128,128,
synthetic/SEAL_OPEN/SEAL_OPEN_synthetic_v3.0.0-ai-improvement_0058.jpg,SEAL_OPEN,synthetic,v3.0.0-ai-improvement,,2026-08-05T04:08:23.967700+00:00,128,128,
synthetic/SEAL_OPEN/SEAL_OPEN_synthetic_v3.0.0-ai-improvement_0059.jpg,SEAL_OPEN,synthetic,v3.0.0-ai-improvement,,2026-08-05T04:08:23.973727+00:00,128,128,
synthetic/SEAL_OPEN/SEAL_OPEN_synthetic_v3.0.0-ai-improvement_0060.jpg,SEAL_OPEN,synthetic,v3.0.0-ai-improvement,,2026-08-05T04:08:23.980122+00:00,128,128,
synthetic/SEAL_OPEN/SEAL_OPEN_synthetic_v3.0.0-ai-improvement_0061.jpg,SEAL_OPEN,synthetic,v3.0.0-ai-improvement,,2026-08-05T04:08:23.985795+00:00,128,128,
synthetic/SEAL_OPEN/SEAL_OPEN_synthetic_v3.0.0-ai-improvement_0062.jpg,SEAL_OPEN,synthetic,v3.0.0-ai-improvement,,2026-08-05T04:08:23.991365+00:00,128,128,
synthetic/SEAL_OPEN/SEAL_OPEN_synthetic_v3.0.0-ai-improvement_0063.jpg,SEAL_OPEN,synthetic,v3.0.0-ai-improvement,,2026-08-05T04:08:23.997635+00:00,128,128,
synthetic/SEAL_OPEN/SEAL_OPEN_synthetic_v3.0.0-ai-improvement_0064.jpg,SEAL_OPEN,synthetic,v3.0.0-ai-improvement,,2026-08-05T04:08:24.003285+00:00,128,128,
synthetic/SEAL_OPEN/SEAL_OPEN_synthetic_v3.0.0-ai-improvement_0065.jpg,SEAL_OPEN,synthetic,v3.0.0-ai-improvement,,2026-08-05T04:08:24.008996+00:00,128,128,
synthetic/SEAL_OPEN/SEAL_OPEN_synthetic_v3.0.0-ai-improvement_0066.jpg,SEAL_OPEN,synthetic,v3.0.0-ai-improvement,,2026-08-05T04:08:24.014415+00:00,128,128,
synthetic/SEAL_OPEN/SEAL_OPEN_synthetic_v3.0.0-ai-improvement_0067.jpg,SEAL_OPEN,synthetic,v3.0.0-ai-improvement,,2026-08-05T04:08:24.020503+00:00,128,128,
synthetic/SEAL_OPEN/SEAL_OPEN_synthetic_v3.0.0-ai-improvement_0068.jpg,SEAL_OPEN,synthetic,v3.0.0-ai-improvement,,2026-08-05T04:08:24.026128+00:00,128,128,
synthetic/SEAL_OPEN/SEAL_OPEN_synthetic_v3.0.0-ai-improvement_0069.jpg,SEAL_OPEN,synthetic,v3.0.0-ai-improvement,,2026-08-05T04:08:24.032414+00:00,128,128,
synthetic/SEAL_OPEN/SEAL_OPEN_synthetic_v3.0.0-ai-improvement_0070.jpg,SEAL_OPEN,synthetic,v3.0.0-ai-improvement,,2026-08-05T04:08:24.037793+00:00,128,128,
synthetic/SEAL_OPEN/SEAL_OPEN_synthetic_v3.0.0-ai-improvement_0071.jpg,SEAL_OPEN,synthetic,v3.0.0-ai-improvement,,2026-08-05T04:08:24.043400+00:00,128,128,
synthetic/SEAL_OPEN/SEAL_OPEN_synthetic_v3.0.0-ai-improvement_0072.jpg,SEAL_OPEN,synthetic,v3.0.0-ai-improvement,,2026-08-05T04:08:24.049510+00:00,128,128,
synthetic/SEAL_OPEN/SEAL_OPEN_synthetic_v3.0.0-ai-improvement_0073.jpg,SEAL_OPEN,synthetic,v3.0.0-ai-improvement,,2026-08-05T04:08:24.056222+00:00,128,128,
synthetic/SEAL_OPEN/SEAL_OPEN_synthetic_v3.0.0-ai-improvement_0074.jpg,SEAL_OPEN,synthetic,v3.0.0-ai-improvement,,2026-08-05T04:08:24.062349+00:00,128,128,
synthetic/SEAL_OPEN/SEAL_OPEN_synthetic_v3.0.0-ai-improvement_0075.jpg,SEAL_OPEN,synthetic,v3.0.0-ai-improvement,,2026-08-05T04:08:24.069113+00:00,128,128,
synthetic/SEAL_OPEN/SEAL_OPEN_synthetic_v3.0.0-ai-improvement_0076.jpg,SEAL_OPEN,synthetic,v3.0.0-ai-improvement,,2026-08-05T04:08:24.075404+00:00,128,128,
synthetic/SEAL_OPEN/SEAL_OPEN_synthetic_v3.0.0-ai-improvement_0077.jpg,SEAL_OPEN,synthetic,v3.0.0-ai-improvement,,2026-08-05T04:08:24.081781+00:00,128,128,
synthetic/SEAL_OPEN/SEAL_OPEN_synthetic_v3.0.0-ai-improvement_0078.jpg,SEAL_OPEN,synthetic,v3.0.0-ai-improvement,,2026-08-05T04:08:24.088043+00:00,128,128,
synthetic/SEAL_OPEN/SEAL_OPEN_synthetic_v3.0.0-ai-improvement_0079.jpg,SEAL_OPEN,synthetic,v3.0.0-ai-improvement,,2026-08-05T04:08:24.094016+00:00,128,128,
synthetic/SEAL_OPEN/SEAL_OPEN_synthetic_v3.0.0-ai-improvement_0080.jpg,SEAL_OPEN,synthetic,v3.0.0-ai-improvement,,2026-08-05T04:08:24.100364+00:00,128,128,
synthetic/SEAL_OPEN/SEAL_OPEN_synthetic_v3.0.0-ai-improvement_0081.jpg,SEAL_OPEN,synthetic,v3.0.0-ai-improvement,,2026-08-05T04:08:24.107847+00:00,128,128,
synthetic/SEAL_OPEN/SEAL_OPEN_synthetic_v3.0.0-ai-improvement_0082.jpg,SEAL_OPEN,synthetic,v3.0.0-ai-improvement,,2026-08-05T04:08:24.114790+00:00,128,128,
synthetic/SEAL_OPEN/SEAL_OPEN_synthetic_v3.0.0-ai-improvement_0083.jpg,SEAL_OPEN,synthetic,v3.0.0-ai-improvement,,2026-08-05T04:08:24.121306+00:00,128,128,
synthetic/SEAL_OPEN/SEAL_OPEN_synthetic_v3.0.0-ai-improvement_0084.jpg,SEAL_OPEN,synthetic,v3.0.0-ai-improvement,,2026-08-05T04:08:24.128159+00:00,128,128,
synthetic/SEAL_OPEN/SEAL_OPEN_synthetic_v3.0.0-ai-improvement_0085.jpg,SEAL_OPEN,synthetic,v3.0.0-ai-improvement,,2026-08-05T04:08:24.135071+00:00,128,128,
synthetic/SEAL_OPEN/SEAL_OPEN_synthetic_v3.0.0-ai-improvement_0086.jpg,SEAL_OPEN,synthetic,v3.0.0-ai-improvement,,2026-08-05T04:08:24.141317+00:00,128,128,
synthetic/SEAL_OPEN/SEAL_OPEN_synthetic_v3.0.0-ai-improvement_0087.jpg,SEAL_OPEN,synthetic,v3.0.0-ai-improvement,,2026-08-05T04:08:24.147780+00:00,128,128,
synthetic/SEAL_OPEN/SEAL_OPEN_synthetic_v3.0.0-ai-improvement_0088.jpg,SEAL_OPEN,synthetic,v3.0.0-ai-improvement,,2026-08-05T04:08:24.154020+00:00,128,128,
synthetic/SEAL_OPEN/SEAL_OPEN_synthetic_v3.0.0-ai-improvement_0089.jpg,SEAL_OPEN,synthetic,v3.0.0-ai-improvement,,2026-08-05T04:08:24.161026+00:00,128,128,
synthetic/SEAL_OPEN/SEAL_OPEN_synthetic_v3.0.0-ai-improvement_0090.jpg,SEAL_OPEN,synthetic,v3.0.0-ai-improvement,,2026-08-05T04:08:24.167866+00:00,128,128,
synthetic/SEAL_OPEN/SEAL_OPEN_synthetic_v3.0.0-ai-improvement_0091.jpg,SEAL_OPEN,synthetic,v3.0.0-ai-improvement,,2026-08-05T04:08:24.173846+00:00,128,128,
synthetic/SEAL_OPEN/SEAL_OPEN_synthetic_v3.0.0-ai-improvement_0092.jpg,SEAL_OPEN,synthetic,v3.0.0-ai-improvement,,2026-08-05T04:08:24.180512+00:00,128,128,
synthetic/SEAL_OPEN/SEAL_OPEN_synthetic_v3.0.0-ai-improvement_0093.jpg,SEAL_OPEN,synthetic,v3.0.0-ai-improvement,,2026-08-05T04:08:24.187166+00:00,128,128,
synthetic/SEAL_OPEN/SEAL_OPEN_synthetic_v3.0.0-ai-improvement_0094.jpg,SEAL_OPEN,synthetic,v3.0.0-ai-improvement,,2026-08-05T04:08:24.193635+00:00,128,128,
synthetic/SEAL_OPEN/SEAL_OPEN_synthetic_v3.0.0-ai-improvement_0095.jpg,SEAL_OPEN,synthetic,v3.0.0-ai-improvement,,2026-08-05T04:08:24.200343+00:00,128,128,
synthetic/SEAL_OPEN/SEAL_OPEN_synthetic_v3.0.0-ai-improvement_0096.jpg,SEAL_OPEN,synthetic,v3.0.0-ai-improvement,,2026-08-05T04:08:24.207194+00:00,128,128,
synthetic/SEAL_OPEN/SEAL_OPEN_synthetic_v3.0.0-ai-improvement_0097.jpg,SEAL_OPEN,synthetic,v3.0.0-ai-improvement,,2026-08-05T04:08:24.214008+00:00,128,128,
synthetic/SEAL_OPEN/SEAL_OPEN_synthetic_v3.0.0-ai-improvement_0098.jpg,SEAL_OPEN,synthetic,v3.0.0-ai-improvement,,2026-08-05T04:08:24.221106+00:00,128,128,
synthetic/SEAL_OPEN/SEAL_OPEN_synthetic_v3.0.0-ai-improvement_0099.jpg,SEAL_OPEN,synthetic,v3.0.0-ai-improvement,,2026-08-05T04:08:24.228691+00:00,128,128,
synthetic/SEAL_OPEN/SEAL_OPEN_synthetic_v3.0.0-ai-improvement_0100.jpg,SEAL_OPEN,synthetic,v3.0.0-ai-improvement,,2026-08-05T04:08:24.235592+00:00,128,128,
synthetic/SEAL_OPEN/SEAL_OPEN_synthetic_v3.0.0-ai-improvement_0101.jpg,SEAL_OPEN,synthetic,v3.0.0-ai-improvement,,2026-08-05T04:08:24.243415+00:00,128,128,
synthetic/SEAL_OPEN/SEAL_OPEN_synthetic_v3.0.0-ai-improvement_0102.jpg,SEAL_OPEN,synthetic,v3.0.0-ai-improvement,,2026-08-05T04:08:24.250233+00:00,128,128,
synthetic/SEAL_OPEN/SEAL_OPEN_synthetic_v3.0.0-ai-improvement_0103.jpg,SEAL_OPEN,synthetic,v3.0.0-ai-improvement,,2026-08-05T04:08:24.256700+00:00,128,128,
synthetic/SEAL_OPEN/SEAL_OPEN_synthetic_v3.0.0-ai-improvement_0104.jpg,SEAL_OPEN,synthetic,v3.0.0-ai-improvement,,2026-08-05T04:08:24.262627+00:00,128,128,
synthetic/SEAL_OPEN/SEAL_OPEN_synthetic_v3.0.0-ai-improvement_0105.jpg,SEAL_OPEN,synthetic,v3.0.0-ai-improvement,,2026-08-05T04:08:24.268897+00:00,128,128,
synthetic/SEAL_OPEN/SEAL_OPEN_synthetic_v3.0.0-ai-improvement_0106.jpg,SEAL_OPEN,synthetic,v3.0.0-ai-improvement,,2026-08-05T04:08:24.276011+00:00,128,128,
synthetic/SEAL_OPEN/SEAL_OPEN_synthetic_v3.0.0-ai-improvement_0107.jpg,SEAL_OPEN,synthetic,v3.0.0-ai-improvement,,2026-08-05T04:08:24.282494+00:00,128,128,
synthetic/SEAL_OPEN/SEAL_OPEN_synthetic_v3.0.0-ai-improvement_0108.jpg,SEAL_OPEN,synthetic,v3.0.0-ai-improvement,,2026-08-05T04:08:24.288590+00:00,128,128,
synthetic/SEAL_OPEN/SEAL_OPEN_synthetic_v3.0.0-ai-improvement_0109.jpg,SEAL_OPEN,synthetic,v3.0.0-ai-improvement,,2026-08-05T04:08:24.295334+00:00,128,128,
synthetic/SEAL_OPEN/SEAL_OPEN_synthetic_v3.0.0-ai-improvement_0110.jpg,SEAL_OPEN,synthetic,v3.0.0-ai-improvement,,2026-08-05T04:08:24.302293+00:00,128,128,
synthetic/SEAL_OPEN/SEAL_OPEN_synthetic_v3.0.0-ai-improvement_0111.jpg,SEAL_OPEN,synthetic,v3.0.0-ai-improvement,,2026-08-05T04:08:24.308349+00:00,128,128,
synthetic/SEAL_OPEN/SEAL_OPEN_synthetic_v3.0.0-ai-improvement_0112.jpg,SEAL_OPEN,synthetic,v3.0.0-ai-improvement,,2026-08-05T04:08:24.315110+00:00,128,128,
synthetic/SEAL_OPEN/SEAL_OPEN_synthetic_v3.0.0-ai-improvement_0113.jpg,SEAL_OPEN,synthetic,v3.0.0-ai-improvement,,2026-08-05T04:08:24.321676+00:00,128,128,
synthetic/SEAL_OPEN/SEAL_OPEN_synthetic_v3.0.0-ai-improvement_0114.jpg,SEAL_OPEN,synthetic,v3.0.0-ai-improvement,,2026-08-05T04:08:24.327987+00:00,128,128,
synthetic/SEAL_OPEN/SEAL_OPEN_synthetic_v3.0.0-ai-improvement_0115.jpg,SEAL_OPEN,synthetic,v3.0.0-ai-improvement,,2026-08-05T04:08:24.334139+00:00,128,128,
synthetic/SEAL_OPEN/SEAL_OPEN_synthetic_v3.0.0-ai-improvement_0116.jpg,SEAL_OPEN,synthetic,v3.0.0-ai-improvement,,2026-08-05T04:08:24.340141+00:00,128,128,
synthetic/SEAL_OPEN/SEAL_OPEN_synthetic_v3.0.0-ai-improvement_0117.jpg,SEAL_OPEN,synthetic,v3.0.0-ai-improvement,,2026-08-05T04:08:24.346581+00:00,128,128,
synthetic/SEAL_OPEN/SEAL_OPEN_synthetic_v3.0.0-ai-improvement_0118.jpg,SEAL_OPEN,synthetic,v3.0.0-ai-improvement,,2026-08-05T04:08:24.352976+00:00,128,128,
synthetic/SEAL_OPEN/SEAL_OPEN_synthetic_v3.0.0-ai-improvement_0119.jpg,SEAL_OPEN,synthetic,v3.0.0-ai-improvement,,2026-08-05T04:08:24.358557+00:00,128,128,
synthetic/SEAL_OPEN/SEAL_OPEN_synthetic_v3.0.0-ai-improvement_0120.jpg,SEAL_OPEN,synthetic,v3.0.0-ai-improvement,,2026-08-05T04:08:24.364140+00:00,128,128,
synthetic/SEAL_OPEN/SEAL_OPEN_synthetic_v3.0.0-ai-improvement_0121.jpg,SEAL_OPEN,synthetic,v3.0.0-ai-improvement,,2026-08-05T04:08:24.369589+00:00,128,128,
synthetic/SEAL_OPEN/SEAL_OPEN_synthetic_v3.0.0-ai-improvement_0122.jpg,SEAL_OPEN,synthetic,v3.0.0-ai-improvement,,2026-08-05T04:08:24.375193+00:00,128,128,
synthetic/SEAL_OPEN/SEAL_OPEN_synthetic_v3.0.0-ai-improvement_0123.jpg,SEAL_OPEN,synthetic,v3.0.0-ai-improvement,,2026-08-05T04:08:24.381021+00:00,128,128,
synthetic/SEAL_OPEN/SEAL_OPEN_synthetic_v3.0.0-ai-improvement_0124.jpg,SEAL_OPEN,synthetic,v3.0.0-ai-improvement,,2026-08-05T04:08:24.387663+00:00,128,128,
synthetic/SEAL_OPEN/SEAL_OPEN_synthetic_v3.0.0-ai-improvement_0125.jpg,SEAL_OPEN,synthetic,v3.0.0-ai-improvement,,2026-08-05T04:08:24.393575+00:00,128,128,
synthetic/SEAL_OPEN/SEAL_OPEN_synthetic_v3.0.0-ai-improvement_0126.jpg,SEAL_OPEN,synthetic,v3.0.0-ai-improvement,,2026-08-05T04:08:24.399816+00:00,128,128,
synthetic/SEAL_OPEN/SEAL_OPEN_synthetic_v3.0.0-ai-improvement_0127.jpg,SEAL_OPEN,synthetic,v3.0.0-ai-improvement,,2026-08-05T04:08:24.405776+00:00,128,128,
synthetic/SEAL_OPEN/SEAL_OPEN_synthetic_v3.0.0-ai-improvement_0128.jpg,SEAL_OPEN,synthetic,v3.0.0-ai-improvement,,2026-08-05T04:08:24.411611+00:00,128,128,
synthetic/SEAL_OPEN/SEAL_OPEN_synthetic_v3.0.0-ai-improvement_0129.jpg,SEAL_OPEN,synthetic,v3.0.0-ai-improvement,,2026-08-05T04:08:24.417875+00:00,128,128,
synthetic/SEAL_OPEN/SEAL_OPEN_synthetic_v3.0.0-ai-improvement_0130.jpg,SEAL_OPEN,synthetic,v3.0.0-ai-improvement,,2026-08-05T04:08:24.424884+00:00,128,128,
synthetic/SEAL_OPEN/SEAL_OPEN_synthetic_v3.0.0-ai-improvement_0131.jpg,SEAL_OPEN,synthetic,v3.0.0-ai-improvement,,2026-08-05T04:08:24.431008+00:00,128,128,
synthetic/SEAL_OPEN/SEAL_OPEN_synthetic_v3.0.0-ai-improvement_0132.jpg,SEAL_OPEN,synthetic,v3.0.0-ai-improvement,,2026-08-05T04:08:24.437764+00:00,128,128,
synthetic/SEAL_OPEN/SEAL_OPEN_synthetic_v3.0.0-ai-improvement_0133.jpg,SEAL_OPEN,synthetic,v3.0.0-ai-improvement,,2026-08-05T04:08:24.443971+00:00,128,128,
synthetic/SEAL_OPEN/SEAL_OPEN_synthetic_v3.0.0-ai-improvement_0134.jpg,SEAL_OPEN,synthetic,v3.0.0-ai-improvement,,2026-08-05T04:08:24.449785+00:00,128,128,
synthetic/SEAL_OPEN/SEAL_OPEN_synthetic_v3.0.0-ai-improvement_0135.jpg,SEAL_OPEN,synthetic,v3.0.0-ai-improvement,,2026-08-05T04:08:24.455306+00:00,128,128,
synthetic/SEAL_OPEN/SEAL_OPEN_synthetic_v3.0.0-ai-improvement_0136.jpg,SEAL_OPEN,synthetic,v3.0.0-ai-improvement,,2026-08-05T04:08:24.461004+00:00,128,128,
synthetic/SEAL_OPEN/SEAL_OPEN_synthetic_v3.0.0-ai-improvement_0137.jpg,SEAL_OPEN,synthetic,v3.0.0-ai-improvement,,2026-08-05T04:08:24.466941+00:00,128,128,
synthetic/SEAL_OPEN/SEAL_OPEN_synthetic_v3.0.0-ai-improvement_0138.jpg,SEAL_OPEN,synthetic,v3.0.0-ai-improvement,,2026-08-05T04:08:24.472582+00:00,128,128,
synthetic/SEAL_OPEN/SEAL_OPEN_synthetic_v3.0.0-ai-improvement_0139.jpg,SEAL_OPEN,synthetic,v3.0.0-ai-improvement,,2026-08-05T04:08:24.478517+00:00,128,128,
synthetic/SEAL_OPEN/SEAL_OPEN_synthetic_v3.0.0-ai-improvement_0140.jpg,SEAL_OPEN,synthetic,v3.0.0-ai-improvement,,2026-08-05T04:08:24.484457+00:00,128,128,
synthetic/SEAL_OPEN/SEAL_OPEN_synthetic_v3.0.0-ai-improvement_0141.jpg,SEAL_OPEN,synthetic,v3.0.0-ai-improvement,,2026-08-05T04:08:24.490312+00:00,128,128,
synthetic/SEAL_OPEN/SEAL_OPEN_synthetic_v3.0.0-ai-improvement_0142.jpg,SEAL_OPEN,synthetic,v3.0.0-ai-improvement,,2026-08-05T04:08:24.496385+00:00,128,128,
synthetic/SEAL_OPEN/SEAL_OPEN_synthetic_v3.0.0-ai-improvement_0143.jpg,SEAL_OPEN,synthetic,v3.0.0-ai-improvement,,2026-08-05T04:08:24.502630+00:00,128,128,
synthetic/SEAL_OPEN/SEAL_OPEN_synthetic_v3.0.0-ai-improvement_0144.jpg,SEAL_OPEN,synthetic,v3.0.0-ai-improvement,,2026-08-05T04:08:24.508476+00:00,128,128,
synthetic/SEAL_OPEN/SEAL_OPEN_synthetic_v3.0.0-ai-improvement_0145.jpg,SEAL_OPEN,synthetic,v3.0.0-ai-improvement,,2026-08-05T04:08:24.514013+00:00,128,128,
synthetic/SEAL_OPEN/SEAL_OPEN_synthetic_v3.0.0-ai-improvement_0146.jpg,SEAL_OPEN,synthetic,v3.0.0-ai-improvement,,2026-08-05T04:08:24.520386+00:00,128,128,
synthetic/SEAL_OPEN/SEAL_OPEN_synthetic_v3.0.0-ai-improvement_0147.jpg,SEAL_OPEN,synthetic,v3.0.0-ai-improvement,,2026-08-05T04:08:24.525733+00:00,128,128,
synthetic/SEAL_OPEN/SEAL_OPEN_synthetic_v3.0.0-ai-improvement_0148.jpg,SEAL_OPEN,synthetic,v3.0.0-ai-improvement,,2026-08-05T04:08:24.531385+00:00,128,128,
synthetic/SEAL_OPEN/SEAL_OPEN_synthetic_v3.0.0-ai-improvement_0149.jpg,SEAL_OPEN,synthetic,v3.0.0-ai-improvement,,2026-08-05T04:08:24.537273+00:00,128,128,
synthetic/SEAL_OPEN/SEAL_OPEN_synthetic_v3.0.0-ai-improvement_0150.jpg,SEAL_OPEN,synthetic,v3.0.0-ai-improvement,,2026-08-05T04:08:24.542707+00:00,128,128,
synthetic/SEAL_OPEN/SEAL_OPEN_synthetic_v3.0.0-ai-improvement_0151.jpg,SEAL_OPEN,synthetic,v3.0.0-ai-improvement,,2026-08-05T04:08:24.549159+00:00,128,128,
synthetic/SEAL_OPEN/SEAL_OPEN_synthetic_v3.0.0-ai-improvement_0152.jpg,SEAL_OPEN,synthetic,v3.0.0-ai-improvement,,2026-08-05T04:08:24.554557+00:00,128,128,
synthetic/SEAL_OPEN/SEAL_OPEN_synthetic_v3.0.0-ai-improvement_0153.jpg,SEAL_OPEN,synthetic,v3.0.0-ai-improvement,,2026-08-05T04:08:24.560442+00:00,128,128,
synthetic/SEAL_OPEN/SEAL_OPEN_synthetic_v3.0.0-ai-improvement_0154.jpg,SEAL_OPEN,synthetic,v3.0.0-ai-improvement,,2026-08-05T04:08:24.566097+00:00,128,128,
synthetic/SEAL_OPEN/SEAL_OPEN_synthetic_v3.0.0-ai-improvement_0155.jpg,SEAL_OPEN,synthetic,v3.0.0-ai-improvement,,2026-08-05T04:08:24.572811+00:00,128,128,
synthetic/SEAL_OPEN/SEAL_OPEN_synthetic_v3.0.0-ai-improvement_0156.jpg,SEAL_OPEN,synthetic,v3.0.0-ai-improvement,,2026-08-05T04:08:24.579417+00:00,128,128,
synthetic/SEAL_OPEN/SEAL_OPEN_synthetic_v3.0.0-ai-improvement_0157.jpg,SEAL_OPEN,synthetic,v3.0.0-ai-improvement,,2026-08-05T04:08:24.586534+00:00,128,128,
synthetic/SEAL_OPEN/SEAL_OPEN_synthetic_v3.0.0-ai-improvement_0158.jpg,SEAL_OPEN,synthetic,v3.0.0-ai-improvement,,2026-08-05T04:08:24.593138+00:00,128,128,
synthetic/SEAL_OPEN/SEAL_OPEN_synthetic_v3.0.0-ai-improvement_0159.jpg,SEAL_OPEN,synthetic,v3.0.0-ai-improvement,,2026-08-05T04:08:24.599684+00:00,128,128,
synthetic/SEAL_OPEN/SEAL_OPEN_synthetic_v3.0.0-ai-improvement_0160.jpg,SEAL_OPEN,synthetic,v3.0.0-ai-improvement,,2026-08-05T04:08:24.605693+00:00,128,128,
synthetic/SEAL_OPEN/SEAL_OPEN_synthetic_v3.0.0-ai-improvement_0161.jpg,SEAL_OPEN,synthetic,v3.0.0-ai-improvement,,2026-08-05T04:08:24.611708+00:00,128,128,
synthetic/SEAL_OPEN/SEAL_OPEN_synthetic_v3.0.0-ai-improvement_0162.jpg,SEAL_OPEN,synthetic,v3.0.0-ai-improvement,,2026-08-05T04:08:24.618423+00:00,128,128,
synthetic/SEAL_OPEN/SEAL_OPEN_synthetic_v3.0.0-ai-improvement_0163.jpg,SEAL_OPEN,synthetic,v3.0.0-ai-improvement,,2026-08-05T04:08:24.624442+00:00,128,128,
synthetic/SEAL_OPEN/SEAL_OPEN_synthetic_v3.0.0-ai-improvement_0164.jpg,SEAL_OPEN,synthetic,v3.0.0-ai-improvement,,2026-08-05T04:08:24.631203+00:00,128,128,
synthetic/SEAL_OPEN/SEAL_OPEN_synthetic_v3.0.0-ai-improvement_0165.jpg,SEAL_OPEN,synthetic,v3.0.0-ai-improvement,,2026-08-05T04:08:24.637137+00:00,128,128,
synthetic/SEAL_OPEN/SEAL_OPEN_synthetic_v3.0.0-ai-improvement_0166.jpg,SEAL_OPEN,synthetic,v3.0.0-ai-improvement,,2026-08-05T04:08:24.643863+00:00,128,128,
synthetic/SEAL_OPEN/SEAL_OPEN_synthetic_v3.0.0-ai-improvement_0167.jpg,SEAL_OPEN,synthetic,v3.0.0-ai-improvement,,2026-08-05T04:08:24.650462+00:00,128,128,
synthetic/SEAL_OPEN/SEAL_OPEN_synthetic_v3.0.0-ai-improvement_0168.jpg,SEAL_OPEN,synthetic,v3.0.0-ai-improvement,,2026-08-05T04:08:24.657260+00:00,128,128,
synthetic/SEAL_OPEN/SEAL_OPEN_synthetic_v3.0.0-ai-improvement_0169.jpg,SEAL_OPEN,synthetic,v3.0.0-ai-improvement,,2026-08-05T04:08:24.663424+00:00,128,128,
synthetic/SEAL_OPEN/SEAL_OPEN_synthetic_v3.0.0-ai-improvement_0170.jpg,SEAL_OPEN,synthetic,v3.0.0-ai-improvement,,2026-08-05T04:08:24.668714+00:00,128,128,
synthetic/SEAL_OPEN/SEAL_OPEN_synthetic_v3.0.0-ai-improvement_0171.jpg,SEAL_OPEN,synthetic,v3.0.0-ai-improvement,,2026-08-05T04:08:24.674179+00:00,128,128,
synthetic/SEAL_OPEN/SEAL_OPEN_synthetic_v3.0.0-ai-improvement_0172.jpg,SEAL_OPEN,synthetic,v3.0.0-ai-improvement,,2026-08-05T04:08:24.679949+00:00,128,128,
synthetic/SEAL_OPEN/SEAL_OPEN_synthetic_v3.0.0-ai-improvement_0173.jpg,SEAL_OPEN,synthetic,v3.0.0-ai-improvement,,2026-08-05T04:08:24.686076+00:00,128,128,
synthetic/SEAL_OPEN/SEAL_OPEN_synthetic_v3.0.0-ai-improvement_0174.jpg,SEAL_OPEN,synthetic,v3.0.0-ai-improvement,,2026-08-05T04:08:24.697295+00:00,128,128,
synthetic/SEAL_OPEN/SEAL_OPEN_synthetic_v3.0.0-ai-improvement_0175.jpg,SEAL_OPEN,synthetic,v3.0.0-ai-improvement,,2026-08-05T04:08:24.705755+00:00,128,128,
synthetic/SEAL_OPEN/SEAL_OPEN_synthetic_v3.0.0-ai-improvement_0176.jpg,SEAL_OPEN,synthetic,v3.0.0-ai-improvement,,2026-08-05T04:08:24.713697+00:00,128,128,
synthetic/SEAL_OPEN/SEAL_OPEN_synthetic_v3.0.0-ai-improvement_0177.jpg,SEAL_OPEN,synthetic,v3.0.0-ai-improvement,,2026-08-05T04:08:24.723096+00:00,128,128,
synthetic/SEAL_OPEN/SEAL_OPEN_synthetic_v3.0.0-ai-improvement_0178.jpg,SEAL_OPEN,synthetic,v3.0.0-ai-improvement,,2026-08-05T04:08:24.729598+00:00,128,128,
synthetic/SEAL_OPEN/SEAL_OPEN_synthetic_v3.0.0-ai-improvement_0179.jpg,SEAL_OPEN,synthetic,v3.0.0-ai-improvement,,2026-08-05T04:08:24.736203+00:00,128,128,
synthetic/SEAL_OPEN/SEAL_OPEN_synthetic_v3.0.0-ai-improvement_0180.jpg,SEAL_OPEN,synthetic,v3.0.0-ai-improvement,,2026-08-05T04:08:24.742249+00:00,128,128,
synthetic/SEAL_OPEN/SEAL_OPEN_synthetic_v3.0.0-ai-improvement_0181.jpg,SEAL_OPEN,synthetic,v3.0.0-ai-improvement,,2026-08-05T04:08:24.749062+00:00,128,128,
synthetic/SEAL_OPEN/SEAL_OPEN_synthetic_v3.0.0-ai-improvement_0182.jpg,SEAL_OPEN,synthetic,v3.0.0-ai-improvement,,2026-08-05T04:08:24.756652+00:00,128,128,
synthetic/SEAL_OPEN/SEAL_OPEN_synthetic_v3.0.0-ai-improvement_0183.jpg,SEAL_OPEN,synthetic,v3.0.0-ai-improvement,,2026-08-05T04:08:24.765477+00:00,128,128,
synthetic/SEAL_OPEN/SEAL_OPEN_synthetic_v3.0.0-ai-improvement_0184.jpg,SEAL_OPEN,synthetic,v3.0.0-ai-improvement,,2026-08-05T04:08:24.775340+00:00,128,128,
synthetic/SEAL_OPEN/SEAL_OPEN_synthetic_v3.0.0-ai-improvement_0185.jpg,SEAL_OPEN,synthetic,v3.0.0-ai-improvement,,2026-08-05T04:08:24.784355+00:00,128,128,
synthetic/SEAL_OPEN/SEAL_OPEN_synthetic_v3.0.0-ai-improvement_0186.jpg,SEAL_OPEN,synthetic,v3.0.0-ai-improvement,,2026-08-05T04:08:24.792176+00:00,128,128,
synthetic/SEAL_OPEN/SEAL_OPEN_synthetic_v3.0.0-ai-improvement_0187.jpg,SEAL_OPEN,synthetic,v3.0.0-ai-improvement,,2026-08-05T04:08:24.800712+00:00,128,128,
synthetic/SEAL_OPEN/SEAL_OPEN_synthetic_v3.0.0-ai-improvement_0188.jpg,SEAL_OPEN,synthetic,v3.0.0-ai-improvement,,2026-08-05T04:08:24.807147+00:00,128,128,
synthetic/SEAL_OPEN/SEAL_OPEN_synthetic_v3.0.0-ai-improvement_0189.jpg,SEAL_OPEN,synthetic,v3.0.0-ai-improvement,,2026-08-05T04:08:24.814032+00:00,128,128,
synthetic/SEAL_OPEN/SEAL_OPEN_synthetic_v3.0.0-ai-improvement_0190.jpg,SEAL_OPEN,synthetic,v3.0.0-ai-improvement,,2026-08-05T04:08:24.819979+00:00,128,128,
synthetic/SEAL_OPEN/SEAL_OPEN_synthetic_v3.0.0-ai-improvement_0191.jpg,SEAL_OPEN,synthetic,v3.0.0-ai-improvement,,2026-08-05T04:08:24.825398+00:00,128,128,
synthetic/SEAL_OPEN/SEAL_OPEN_synthetic_v3.0.0-ai-improvement_0192.jpg,SEAL_OPEN,synthetic,v3.0.0-ai-improvement,,2026-08-05T04:08:24.831157+00:00,128,128,
synthetic/SEAL_OPEN/SEAL_OPEN_synthetic_v3.0.0-ai-improvement_0193.jpg,SEAL_OPEN,synthetic,v3.0.0-ai-improvement,,2026-08-05T04:08:24.836878+00:00,128,128,
synthetic/SEAL_OPEN/SEAL_OPEN_synthetic_v3.0.0-ai-improvement_0194.jpg,SEAL_OPEN,synthetic,v3.0.0-ai-improvement,,2026-08-05T04:08:24.842567+00:00,128,128,
synthetic/SEAL_OPEN/SEAL_OPEN_synthetic_v3.0.0-ai-improvement_0195.jpg,SEAL_OPEN,synthetic,v3.0.0-ai-improvement,,2026-08-05T04:08:24.848315+00:00,128,128,
synthetic/SEAL_OPEN/SEAL_OPEN_synthetic_v3.0.0-ai-improvement_0196.jpg,SEAL_OPEN,synthetic,v3.0.0-ai-improvement,,2026-08-05T04:08:24.853673+00:00,128,128,
synthetic/SEAL_OPEN/SEAL_OPEN_synthetic_v3.0.0-ai-improvement_0197.jpg,SEAL_OPEN,synthetic,v3.0.0-ai-improvement,,2026-08-05T04:08:24.859690+00:00,128,128,
synthetic/SEAL_OPEN/SEAL_OPEN_synthetic_v3.0.0-ai-improvement_0198.jpg,SEAL_OPEN,synthetic,v3.0.0-ai-improvement,,2026-08-05T04:08:24.865479+00:00,128,128,
synthetic/SEAL_OPEN/SEAL_OPEN_synthetic_v3.0.0-ai-improvement_0199.jpg,SEAL_OPEN,synthetic,v3.0.0-ai-improvement,,2026-08-05T04:08:24.871192+00:00,128,128,
synthetic/SEAL_OPEN/SEAL_OPEN_synthetic_v3.0.0-ai-improvement_0200.jpg,SEAL_OPEN,synthetic,v3.0.0-ai-improvement,,2026-08-05T04:08:24.877118+00:00,128,128,
synthetic/SEAL_OPEN/SEAL_OPEN_synthetic_v3.0.0-ai-improvement_0201.jpg,SEAL_OPEN,synthetic,v3.0.0-ai-improvement,,2026-08-05T04:08:24.882962+00:00,128,128,
synthetic/SEAL_OPEN/SEAL_OPEN_synthetic_v3.0.0-ai-improvement_0202.jpg,SEAL_OPEN,synthetic,v3.0.0-ai-improvement,,2026-08-05T04:08:24.889043+00:00,128,128,
synthetic/SEAL_OPEN/SEAL_OPEN_synthetic_v3.0.0-ai-improvement_0203.jpg,SEAL_OPEN,synthetic,v3.0.0-ai-improvement,,2026-08-05T04:08:24.895083+00:00,128,128,
synthetic/SEAL_OPEN/SEAL_OPEN_synthetic_v3.0.0-ai-improvement_0204.jpg,SEAL_OPEN,synthetic,v3.0.0-ai-improvement,,2026-08-05T04:08:24.900583+00:00,128,128,
synthetic/SEAL_OPEN/SEAL_OPEN_synthetic_v3.0.0-ai-improvement_0205.jpg,SEAL_OPEN,synthetic,v3.0.0-ai-improvement,,2026-08-05T04:08:24.912529+00:00,128,128,
synthetic/SEAL_OPEN/SEAL_OPEN_synthetic_v3.0.0-ai-improvement_0206.jpg,SEAL_OPEN,synthetic,v3.0.0-ai-improvement,,2026-08-05T04:08:24.918822+00:00,128,128,
synthetic/SEAL_OPEN/SEAL_OPEN_synthetic_v3.0.0-ai-improvement_0207.jpg,SEAL_OPEN,synthetic,v3.0.0-ai-improvement,,2026-08-05T04:08:24.924335+00:00,128,128,
synthetic/SEAL_OPEN/SEAL_OPEN_synthetic_v3.0.0-ai-improvement_0208.jpg,SEAL_OPEN,synthetic,v3.0.0-ai-improvement,,2026-08-05T04:08:24.930396+00:00,128,128,
synthetic/SEAL_OPEN/SEAL_OPEN_synthetic_v3.0.0-ai-improvement_0209.jpg,SEAL_OPEN,synthetic,v3.0.0-ai-improvement,,2026-08-05T04:08:24.935633+00:00,128,128,
synthetic/SEAL_OPEN/SEAL_OPEN_synthetic_v3.0.0-ai-improvement_0210.jpg,SEAL_OPEN,synthetic,v3.0.0-ai-improvement,,2026-08-05T04:08:24.941636+00:00,128,128,
synthetic/SEAL_OPEN/SEAL_OPEN_synthetic_v3.0.0-ai-improvement_0211.jpg,SEAL_OPEN,synthetic,v3.0.0-ai-improvement,,2026-08-05T04:08:24.947507+00:00,128,128,
synthetic/SEAL_OPEN/SEAL_OPEN_synthetic_v3.0.0-ai-improvement_0212.jpg,SEAL_OPEN,synthetic,v3.0.0-ai-improvement,,2026-08-05T04:08:24.953520+00:00,128,128,
synthetic/SEAL_OPEN/SEAL_OPEN_synthetic_v3.0.0-ai-improvement_0213.jpg,SEAL_OPEN,synthetic,v3.0.0-ai-improvement,,2026-08-05T04:08:24.959293+00:00,128,128,
